/*
SQLyog Enterprise - MySQL GUI v8.14 
MySQL - 5.5.8-log : Database - weshuo
*********************************************************************
*/

/*!40101 SET NAMES utf8 */;

/*!40101 SET SQL_MODE=''*/;

/*!40014 SET @OLD_UNIQUE_CHECKS=@@UNIQUE_CHECKS, UNIQUE_CHECKS=0 */;
/*!40101 SET @OLD_SQL_MODE=@@SQL_MODE, SQL_MODE='NO_AUTO_VALUE_ON_ZERO' */;
/*!40111 SET @OLD_SQL_NOTES=@@SQL_NOTES, SQL_NOTES=0 */;
CREATE DATABASE /*!32312 IF NOT EXISTS*/`weshuo` /*!40100 DEFAULT CHARACTER SET utf8 */;

/*Table structure for table `iw_aboutme` */

DROP TABLE IF EXISTS `iw_aboutme`;

CREATE TABLE `iw_aboutme` (
  `aboutid` int(10) unsigned NOT NULL AUTO_INCREMENT,
  `topicId` int(10) unsigned NOT NULL,
  `time` int(10) NOT NULL,
  `userId` int(10) unsigned NOT NULL,
  PRIMARY KEY (`aboutid`)
) ENGINE=MyISAM AUTO_INCREMENT=7 DEFAULT CHARSET=utf8;

/*Data for the table `iw_aboutme` */

insert  into `iw_aboutme`(`aboutid`,`topicId`,`time`,`userId`) values (1,884,1288749653,82),(2,1020,1290317806,279),(3,1142,1291811521,319),(4,1221,1293064121,93),(5,1512,1300528227,19),(6,1606,1304516003,19);

/*Table structure for table `iw_attachment` */

DROP TABLE IF EXISTS `iw_attachment`;

CREATE TABLE `iw_attachment` (
  `attId` int(10) unsigned NOT NULL AUTO_INCREMENT,
  `fileName` varchar(20) DEFAULT NULL,
  `topicId` int(10) unsigned DEFAULT NULL,
  `desc` varchar(100) DEFAULT NULL,
  `publish` tinyint(1) DEFAULT '0',
  `time` int(10) DEFAULT NULL,
  `ip` varchar(15) DEFAULT NULL,
  `userId` int(10) DEFAULT NULL,
  `md5` varchar(32) DEFAULT NULL,
  `fileType` tinyint(1) DEFAULT '1',
  PRIMARY KEY (`attId`)
) ENGINE=MyISAM AUTO_INCREMENT=225 DEFAULT CHARSET=utf8;

/*Data for the table `iw_attachment` */

insert  into `iw_attachment`(`attId`,`fileName`,`topicId`,`desc`,`publish`,`time`,`ip`,`userId`,`md5`,`fileType`) values (77,'4d0f2cccb9343.jpg',1200,NULL,1,1292840141,'127.0.0.1',81,NULL,1),(78,'4d0e47658fb39.jpg',1194,NULL,1,1292781414,'127.0.0.1',196,NULL,1),(79,'4d0b86c0b9352.jpg',1190,NULL,1,1292601054,'127.0.0.1',259,NULL,1),(80,'4d0b86c918137.jpg',1190,NULL,1,1292601054,'127.0.0.1',259,NULL,1),(81,'4d0b86d97c2b6.jpg',1190,NULL,1,1292601054,'127.0.0.1',259,NULL,1),(82,'4d0b86aa8d43b.png',1189,NULL,1,1292601002,'127.0.0.1',259,NULL,1),(83,'4d08b7a2ca4b1.jpg',1186,NULL,1,1292416931,'127.0.0.1',259,NULL,1),(84,'4d058d7fca4b2.jpg',1172,NULL,1,1292209536,'127.0.0.1',124,NULL,1),(85,'4d039a07e5269.jpg',1167,NULL,1,1292081672,'127.0.0.1',321,NULL,1),(86,'4d01ab0215a0e.jpg',1147,NULL,1,1291954947,'127.0.0.1',324,NULL,1),(87,'4cfd9bb4ac989.jpg',1122,NULL,1,1291688885,'127.0.0.1',19,NULL,1),(88,'4cfd12c31c891.jpg',1117,NULL,1,1291653827,'127.0.0.1',196,NULL,1),(89,'4cf8997739d62.jpg',1101,NULL,1,1291360632,'127.0.0.1',19,NULL,1),(90,'4ce326d221fe8.gif',989,NULL,1,1289955026,'127.0.0.1',272,NULL,1),(91,'4cdcef01f183b.png',962,NULL,1,1289547522,'127.0.0.1',81,NULL,1),(92,'4cd98f5252d29.jpg',942,NULL,1,1289326441,'127.0.0.1',259,NULL,1),(93,'4cd98f54d9190.jpg',942,NULL,1,1289326441,'127.0.0.1',259,NULL,1),(94,'4cd98f6683a6a.jpg',942,NULL,1,1289326441,'127.0.0.1',259,NULL,1),(95,'4cd80dd3a363a.jpg',935,NULL,1,1289227732,'127.0.0.1',258,NULL,1),(96,'4cd675e1e06cd.png',921,NULL,1,1289123298,'127.0.0.1',81,NULL,1),(97,'4cd3ebd42bc1b.jpg',910,NULL,1,1288956884,'127.0.0.1',66,NULL,1),(98,'4ccfc8b0924d1.gif',879,NULL,1,1288685760,'127.0.0.1',251,NULL,1),(99,'4ccfc8b8b95bf.jpg',879,NULL,1,1288685760,'127.0.0.1',251,NULL,1),(100,'4ccfc812be3ea.jpg',878,NULL,1,1288685587,'127.0.0.1',251,NULL,1),(101,'4cce3d088af8d.jpg',866,NULL,1,1288584457,'127.0.0.1',81,NULL,1),(102,'4cce1a0bbbccf.jpg',860,NULL,1,1288575500,'127.0.0.1',81,NULL,1),(103,'4cce19f794bd2.jpg',859,NULL,1,1288575480,'127.0.0.1',81,NULL,1),(104,'4cce1811a0f35.jpg',855,NULL,1,1288574994,'127.0.0.1',81,NULL,1),(105,'4ccd35c5a5d38.jpg',846,NULL,1,1288517062,'127.0.0.1',247,NULL,1),(106,'4cc96d4f6177d.jpg',817,NULL,1,1288269136,'127.0.0.1',19,NULL,1),(107,'4cc6746c0e75d.jpg',781,NULL,1,1288074349,'127.0.0.1',81,NULL,1),(108,'4cc44e11d4374.jpg',757,NULL,1,1287933458,'127.0.0.1',196,NULL,1),(109,'4cc2e603183a5.jpg',741,NULL,1,1287841283,'127.0.0.1',66,NULL,1),(110,'4cc03295be890.jpg',717,NULL,1,1287664278,'127.0.0.1',66,NULL,1),(111,'4cc032678b43f.jpg',716,NULL,1,1287664232,'127.0.0.1',66,NULL,1),(112,'4cbfca2e72932.jpg',704,NULL,1,1287637551,'127.0.0.1',210,NULL,1),(113,'4cbfc96c247e5.jpg',703,NULL,1,1287637356,'127.0.0.1',210,NULL,1),(114,'4cbc9acbc3ae3.jpg',678,NULL,1,1287428831,'127.0.0.1',46,NULL,1),(115,'4cbc9adc6242f.jpg',678,NULL,1,1287428831,'127.0.0.1',46,NULL,1),(116,'4cbc50f1d1f88.jpg',677,NULL,1,1287409906,'127.0.0.1',215,NULL,1),(117,'4cbc50767ca48.jpg',676,NULL,1,1287409828,'127.0.0.1',215,NULL,1),(118,'4cbc5081ad7ad.jpg',676,NULL,1,1287409828,'127.0.0.1',215,NULL,1),(119,'4cbc50891d6ca.jpg',676,NULL,1,1287409828,'127.0.0.1',215,NULL,1),(120,'4cbc509046e50.jpg',676,NULL,1,1287409828,'127.0.0.1',215,NULL,1),(121,'4cbc509804eea.jpg',676,NULL,1,1287409828,'127.0.0.1',215,NULL,1),(122,'4cbbb253c0c21.jpg',675,NULL,1,1287369300,'127.0.0.1',213,NULL,1),(123,'4cbbb2523a781.jpg',674,NULL,1,1287369299,'127.0.0.1',213,NULL,1),(124,'4cbbb20fd1d80.jpg',672,NULL,1,1287369234,'127.0.0.1',213,NULL,1),(125,'4cbb9cd3d95be.jpg',668,NULL,1,1287363796,'127.0.0.1',212,NULL,1),(126,'4cbad045522da.JPG',666,NULL,1,1287311430,'127.0.0.1',211,NULL,1),(127,'4cb6f0caae361.jpg',642,NULL,1,1287057611,'127.0.0.1',66,NULL,1),(128,'4cb6ee61b5892.jpg',640,NULL,1,1287056994,'127.0.0.1',66,NULL,1),(129,'4cb6b5d76286e.jpg',632,NULL,1,1287042519,'127.0.0.1',89,NULL,1),(130,'4cb54d897881b.jpg',617,NULL,1,1286950282,'127.0.0.1',202,NULL,1),(131,'4cb3af4ca200f.jpg',588,NULL,1,1286844273,'127.0.0.1',19,NULL,1),(132,'4cb3af570f85a.jpg',588,NULL,1,1286844273,'127.0.0.1',19,NULL,1),(133,'4cb1d954cdf2f.jpg',579,NULL,1,1286724029,'127.0.0.1',46,NULL,1),(134,'4cb1d95f3b770.jpg',579,NULL,1,1286724029,'127.0.0.1',46,NULL,1),(135,'4cb1d9690ac6f.jpg',579,NULL,1,1286724029,'127.0.0.1',46,NULL,1),(136,'4cb1d9a8b7fb4.jpg',579,NULL,1,1286724029,'127.0.0.1',46,NULL,1),(137,'4cb1d9ae42ca6.jpg',579,NULL,1,1286724029,'127.0.0.1',46,NULL,1),(138,'4cb1c05bba6bb.gif',575,NULL,1,1286717532,'127.0.0.1',19,NULL,1),(139,'4caf372ba4739.gif',567,NULL,1,1286551340,'127.0.0.1',46,NULL,1),(140,'4caf2ba5628f6.gif',564,NULL,1,1286548390,'127.0.0.1',171,NULL,1),(141,'4cae0ad747ada.jpg',561,NULL,1,1286474456,'127.0.0.1',46,NULL,1),(142,'4cade22ba473c.JPG',559,NULL,1,1286464044,'127.0.0.1',152,NULL,1),(143,'4cade20eabc66.jpg',558,NULL,1,1286464015,'127.0.0.1',89,NULL,1),(144,'4cade00622923.jpg',556,NULL,1,1286463497,'127.0.0.1',89,NULL,1),(145,'4ca9c5435b34a.JPG',545,NULL,1,1286194499,'127.0.0.1',195,NULL,1),(146,'4ca1b4d44398f.gif',534,NULL,1,1285666004,'127.0.0.1',183,NULL,1),(147,'4ca004df10539.png',529,NULL,1,1285555423,'127.0.0.1',19,NULL,1),(148,'4c9a16506ec22.jpg',526,NULL,1,1285166672,'127.0.0.1',19,NULL,1),(149,'4c986984453ed.png',524,NULL,1,1285056900,'127.0.0.1',19,NULL,1),(150,'4c91de402cd46.gif',519,NULL,1,1284628032,'127.0.0.1',174,NULL,1),(151,'4c9037dbdf0df.jpg',516,NULL,1,1284519900,'127.0.0.1',171,NULL,1),(152,'4c870743f0248.jpg',501,NULL,1,1283917636,'127.0.0.1',140,NULL,1),(153,'4c82762d598a3.jpg',495,NULL,1,1283618350,'127.0.0.1',167,NULL,1),(154,'4c7fe454411da.gif',492,NULL,1,1283449940,'127.0.0.1',165,NULL,1),(155,'4c7f428312ba5.jpg',487,NULL,1,1283408515,'127.0.0.1',164,NULL,1),(156,'4c7355e48a5bb.jpg',456,NULL,1,1282627044,'127.0.0.1',40,NULL,1),(157,'4c7339a0f3569.jpg',451,NULL,1,1282619809,'127.0.0.1',141,NULL,1),(158,'4c7318a30b67a.jpg',445,NULL,1,1282611363,'127.0.0.1',140,NULL,1),(159,'4c71cd8e39ca3.gif',439,NULL,1,1282526606,'127.0.0.1',130,NULL,1),(160,'4c70b57945ffb.jpg',425,NULL,1,1282454905,'127.0.0.1',54,NULL,1),(161,'4c70b4a765bbf.jpg',424,NULL,1,1282454695,'127.0.0.1',72,NULL,1),(162,'4c70b1ee9de36.jpg',423,NULL,1,1282453998,'127.0.0.1',72,NULL,1),(163,'4c6f244026423.jpg',409,NULL,1,1282352192,'127.0.0.1',81,NULL,1),(164,'4c6e3ffc4d525.jpg',403,NULL,1,1282293756,'127.0.0.1',81,NULL,1),(165,'4c6e3da1dfcf9.jpg',397,NULL,1,1282293154,'127.0.0.1',113,NULL,1),(166,'4c6e0211e2408.jpg',395,NULL,1,1282277906,'127.0.0.1',131,NULL,1),(167,'4c6df546cfd84.jpg',392,NULL,1,1282274631,'127.0.0.1',131,NULL,1),(168,'4c6deaaf152cc.gif',390,NULL,1,1282271919,'127.0.0.1',130,NULL,1),(169,'4c6dea070b66c.jpg',389,NULL,1,1282271751,'127.0.0.1',130,NULL,1),(170,'4c6d2d6410491.jpg',388,NULL,1,1282223460,'127.0.0.1',124,NULL,1),(171,'4c6cda4e54a56.jpg',386,NULL,1,1282202190,'127.0.0.1',103,NULL,1),(172,'4c6b7a778308e.jpg',372,NULL,1,1282112119,'127.0.0.1',113,NULL,1),(173,'4c691b1223d16.jpg',356,NULL,1,1281956626,'127.0.0.1',89,NULL,1),(174,'4c65541abda08.jpg',334,NULL,1,1281709082,'127.0.0.1',19,NULL,1),(175,'4c653231d127c.jpg',330,NULL,1,1281700402,'127.0.0.1',89,NULL,1),(176,'4c64ddb77bb50.jpg',325,NULL,1,1281678776,'127.0.0.1',114,NULL,1),(177,'4c63b2342e782.jpg',307,NULL,1,1281602100,'127.0.0.1',19,NULL,1),(178,'4c6210158179a.jpg',297,NULL,1,1281495113,'127.0.0.1',19,NULL,1),(179,'4c621040dbcf0.jpg',297,NULL,1,1281495113,'127.0.0.1',19,NULL,1),(180,'4c5eb871b24f8.jpg',292,NULL,1,1281276017,'127.0.0.1',101,NULL,1),(181,'4c5d751ad6ee9.jpg',281,NULL,1,1281193242,'127.0.0.1',95,NULL,1),(182,'4c5cfe78e592e.jpg',269,NULL,1,1281162873,'127.0.0.1',90,NULL,1),(183,'4c5cfb86a88a6.jpg',261,NULL,1,1281162118,'127.0.0.1',89,NULL,1),(184,'4c5cf0e369104.jpg',259,NULL,1,1281159396,'127.0.0.1',88,NULL,1),(185,'4c5ba8f2139f4.jpg',252,NULL,1,1281075442,'127.0.0.1',80,NULL,1),(186,'4c56ec308b3e7.png',234,NULL,1,1280764976,'127.0.0.1',54,NULL,1),(187,'4c56398583eba.jpg',228,NULL,1,1280719237,'127.0.0.1',72,NULL,1),(188,'4c56373c2995f.jpg',227,NULL,1,1280718652,'127.0.0.1',72,NULL,1),(189,'4c5410b1ad6be.jpg',220,NULL,1,1280577713,'127.0.0.1',69,NULL,1),(190,'4c53f17d69113.jpg',217,NULL,1,1280569725,'127.0.0.1',19,NULL,1),(191,'4c50fad84c82d.jpg',186,NULL,1,1280375513,'127.0.0.1',59,NULL,1),(192,'4c4d557f515f0.jpg',136,NULL,1,1280136575,'127.0.0.1',45,NULL,1),(193,'4c473cf845570.gif',110,NULL,1,1279737080,'127.0.0.1',34,NULL,1),(194,'4c46a2e8036b5.jpg',108,NULL,1,1279697672,'127.0.0.1',33,NULL,1),(195,'4c46a2fb8740a.jpg',108,NULL,1,1279697672,'127.0.0.1',33,NULL,1),(196,'4c3be10b9fc91.jpg',102,NULL,1,1278992675,'127.0.0.1',19,NULL,1),(197,'4c3be11e6ef50.jpg',102,NULL,1,1278992675,'127.0.0.1',19,NULL,1),(198,'4c3a890dd7ef5.jpg',95,NULL,1,1278904590,'127.0.0.1',19,NULL,1),(199,'4c3740bc0fbcd.jpg',90,NULL,1,1278689469,'127.0.0.1',19,NULL,1),(200,'4d18b35de525c.zip',1244,'',1,1293464413,'119.138.70.13',124,'02d6c8adf4f4c0757824fe7636330f1d',2),(201,'4d1afa2415a0f.jpg',1277,'',1,1293613604,'123.125.1.202',196,'64402fcacdac817db40b3428275d1137',1),(202,'4d1b0f907e9c7.jpg',0,'',0,1293619088,'122.88.26.199',171,'0ecd4b90a720b73a1437df03767279ce',1),(203,'4d1c717179bb0.gif',0,'',0,1293709681,'122.234.60.70',370,'c1769d61049efed9203fa6945ddaf8af',1),(204,'4d1d4ebeb1e0f.jpg',1282,'',1,1293766335,'59.41.254.238',66,'c7197e21f51a30f0810b53445cd6630d',1),(205,'4d2533ec2c557.gif',1302,'',1,1294283756,'182.150.77.56',384,'456e4ba943effdf951d88625a7fd5537',1),(206,'4d2a988fbc61e.gif',1318,'',1,1294637199,'222.244.65.131',394,'a68ae45a9fe77f529022d07e119097c4',1),(207,'4d2b2bbade8e5.jpg',1327,'',1,1294674875,'222.172.155.117',82,'8cbef748129522aef724f962dc9b30b0',1),(208,'4d36834566eea.jpg',1351,'',1,1295418181,'110.156.143.187',415,'8246fa8510958ea709f8c90705cca403',1),(209,'4d67c9230f740.jpg',1456,'',1,1298647331,'110.86.36.170',19,'c9c9487f33a8a0d3daadd64c2aa539b9',1),(210,'4d67ca2a955b9.gif',1456,'',1,1298647594,'110.86.36.170',19,'b0b1388f24d159811aacf55ff4591536',1),(211,'4d7756a2b863b.gif',1493,'',1,1299666594,'183.5.51.230',177,'a00abd23b97023c0a3c7a3a561bc69d1',1),(212,'4d7756aacade1.png',1493,'',1,1299666602,'183.5.51.230',177,'58d65c44163786cdaec6b31f2ef4f7d9',1),(213,'4d8e1d87c38b9.rar',1537,'',1,1301159303,'118.186.130.178',196,'b8aee7c95ed89fe6cd5324cc508427ea',2),(214,'4d91aeb06a299.jpg',1544,'',1,1301393072,'221.221.8.58',508,'acd62ba82632efbebc100511cfe84ed6',1),(215,'4d942139aec00.jpg',0,'',0,1301553465,'61.135.172.68',515,'a6230000b775c8500d800099ff0d83bb',1),(216,'4d9430dca7d9d.gif',1554,'',1,1301557468,'114.245.255.235',516,'2b3bebc1777a16dd7468b1008865c874',1),(217,'4d943119cdf30.jpg',1554,'',1,1301557530,'114.245.255.235',516,'602841aa3e90b84326662f08a4af73ba',1),(218,'4d9431415de5a.gif',1554,'',1,1301557569,'114.245.255.235',516,'68c343cad40095284761f967fe3b6f7b',1),(219,'4d9d15f5ec1b2.jpg',1569,'',1,1302140406,'118.116.9.131',259,'0ad848b0b369e62a53e7612cb8f0c409',1),(220,'4da562a261047.jpg',0,'',0,1302684322,'116.252.166.92',88,'0c1c72e650ed99955b9d0b3e9a1f20e5',1),(221,'4da562ad3d35d.jpg',0,'',0,1302684333,'116.252.166.92',88,'08a8fdbaf14216d5c31e224779140a43',1),(222,'4dac3fc8d13d2.jpg',1590,'',1,1303134153,'79.115.8.52',534,'c890a1d7222ba009044833cefcdb9401',1),(223,'4dac42d21c827.jpg',0,'',0,1303134930,'79.115.8.52',534,'2f1d773e14031bd5b2c851180e73616f',1),(224,'4dc19017759fa.gif',0,'',0,1304530967,'222.64.135.170',152,'dba6875490550b53bf6ce9cf3d4fe188',1);

/*Table structure for table `iw_attention` */

DROP TABLE IF EXISTS `iw_attention`;

CREATE TABLE `iw_attention` (
  `attenId` int(10) NOT NULL AUTO_INCREMENT,
  `userId` int(10) NOT NULL,
  `objUser` int(10) NOT NULL,
  `actionTime` int(10) NOT NULL,
  PRIMARY KEY (`attenId`)
) ENGINE=MyISAM AUTO_INCREMENT=2146 DEFAULT CHARSET=utf8;

/*Data for the table `iw_attention` */

insert  into `iw_attention`(`attenId`,`userId`,`objUser`,`actionTime`) values (18,54,19,1281025923),(17,77,19,1280999005),(16,54,54,1280747171),(15,61,61,1280395679),(14,48,19,1280150984),(13,19,45,1280139239),(12,33,19,1279697332),(19,50,91,1281175032),(20,98,72,1281239021),(21,113,89,1281668369),(22,113,19,1281668588),(23,19,89,1281697302),(24,119,45,1281856164),(25,124,19,1282190838),(26,81,81,1282309753),(27,19,81,1282465962),(28,157,89,1283091549),(29,50,46,1286537563),(30,200,19,1286695494),(31,212,72,1287364103),(32,226,89,1287927551),(33,196,226,1287934061),(34,231,196,1287936507),(35,234,81,1288059675),(36,235,81,1288059880),(37,236,81,1288059911),(38,237,81,1288060017),(39,238,81,1288060060),(40,239,81,1288060138),(41,249,81,1288607667),(42,251,81,1288686108),(43,251,19,1288686119),(44,253,82,1288749699),(45,256,81,1289066689),(46,66,19,1289566291),(47,66,81,1289566341),(48,270,89,1289867018),(49,278,81,1290276795),(50,278,19,1290276806),(51,279,19,1290317660),(52,196,140,1290370656),(53,290,19,1290650442),(54,196,89,1290839843),(55,315,19,1291654632),(56,316,19,1291664482),(57,320,19,1291727507),(58,322,19,1291793837),(59,322,81,1291794796),(60,322,323,1291795541),(61,326,19,1291979347),(62,341,81,1292850546),(63,341,342,1292855872),(64,344,19,1292905557),(65,350,81,1293026370),(66,124,81,1293464256),(67,317,19,1293464379),(68,317,81,1293464379),(69,317,89,1293464379),(70,317,196,1293464379),(71,317,66,1293464379),(72,317,46,1293464379),(73,317,140,1293464379),(74,317,124,1293464379),(75,317,218,1293464379),(76,317,72,1293464379),(77,317,100,1293464379),(78,317,68,1293464379),(79,317,149,1293464379),(80,317,185,1293464379),(81,317,152,1293464379),(82,317,352,1293464379),(83,317,290,1293464379),(84,317,181,1293464379),(85,317,296,1293464379),(86,317,84,1293464379),(87,196,66,1293472861),(88,355,81,1293497601),(89,355,19,1293497601),(90,355,196,1293497601),(91,355,89,1293497601),(92,355,66,1293497601),(93,355,46,1293497601),(94,355,140,1293497601),(95,355,124,1293497601),(96,355,218,1293497601),(97,355,72,1293497601),(98,355,257,1293497601),(99,355,276,1293497601),(100,355,58,1293497601),(101,355,183,1293497601),(102,355,299,1293497601),(103,355,269,1293497601),(104,355,339,1293497601),(105,355,192,1293497601),(106,355,168,1293497601),(107,355,163,1293497601),(108,271,19,1293532074),(109,359,81,1293585782),(110,359,19,1293585782),(111,359,196,1293585782),(112,359,89,1293585782),(113,359,66,1293585782),(114,359,46,1293585782),(115,359,140,1293585782),(116,359,124,1293585782),(117,359,218,1293585782),(118,359,72,1293585782),(119,359,103,1293585782),(120,359,258,1293585782),(121,359,80,1293585782),(122,359,98,1293585782),(123,359,151,1293585782),(124,359,171,1293585782),(125,359,181,1293585782),(126,359,223,1293585782),(127,359,344,1293585782),(128,359,157,1293585782),(129,360,81,1293586014),(130,360,19,1293586014),(131,360,196,1293586014),(132,360,89,1293586014),(133,360,66,1293586014),(134,360,46,1293586014),(135,360,140,1293586014),(136,360,124,1293586014),(137,360,218,1293586014),(138,360,72,1293586014),(139,360,338,1293586014),(140,360,52,1293586014),(141,360,184,1293586014),(142,360,243,1293586014),(143,360,199,1293586014),(144,360,331,1293586014),(145,360,348,1293586014),(146,360,163,1293586014),(147,360,139,1293586014),(148,361,81,1293590557),(149,361,19,1293590557),(150,361,196,1293590557),(151,361,89,1293590557),(152,361,66,1293590557),(153,361,46,1293590557),(154,361,140,1293590557),(155,361,124,1293590557),(156,361,218,1293590557),(157,361,72,1293590557),(158,361,214,1293590557),(159,361,38,1293590557),(160,361,85,1293590557),(161,361,172,1293590557),(162,361,332,1293590557),(163,361,213,1293590557),(164,361,97,1293590557),(165,361,45,1293590557),(166,361,149,1293590557),(167,361,309,1293590557),(168,362,360,1293596385),(169,362,81,1293596385),(170,362,19,1293596385),(171,362,196,1293596385),(172,362,89,1293596385),(173,362,66,1293596385),(174,362,46,1293596385),(175,362,140,1293596385),(176,362,124,1293596385),(177,362,218,1293596385),(178,362,72,1293596385),(179,362,78,1293596385),(180,362,154,1293596385),(181,362,137,1293596385),(182,362,204,1293596385),(183,362,40,1293596385),(184,362,195,1293596385),(185,362,358,1293596385),(186,362,352,1293596385),(187,362,188,1293596385),(188,362,285,1293596385),(189,366,81,1293624508),(190,366,19,1293624508),(191,366,196,1293624508),(192,366,89,1293624508),(193,366,66,1293624508),(194,366,46,1293624508),(195,366,140,1293624508),(196,366,124,1293624508),(197,366,218,1293624508),(198,366,72,1293624508),(199,366,36,1293624508),(200,366,49,1293624508),(201,366,59,1293624508),(202,366,222,1293624508),(203,366,165,1293624508),(204,366,210,1293624508),(205,366,126,1293624508),(206,366,95,1293624508),(207,366,322,1293624508),(208,366,149,1293624508),(209,370,368,1293709389),(210,370,365,1293709389),(211,370,81,1293709389),(212,370,19,1293709389),(213,370,196,1293709389),(214,370,89,1293709389),(215,370,66,1293709389),(216,370,46,1293709389),(217,370,140,1293709389),(218,370,124,1293709389),(219,370,218,1293709389),(220,370,72,1293709389),(221,370,302,1293709389),(222,370,296,1293709389),(223,370,183,1293709389),(224,370,31,1293709390),(225,370,156,1293709390),(226,370,52,1293709390),(227,370,353,1293709390),(228,370,184,1293709390),(229,370,308,1293709390),(230,370,123,1293709390),(234,371,81,1293720788),(235,371,19,1293720788),(236,371,196,1293720788),(237,371,89,1293720788),(238,371,66,1293720788),(239,371,46,1293720788),(240,371,140,1293720788),(241,371,124,1293720788),(242,371,218,1293720788),(243,371,72,1293720788),(244,371,319,1293720788),(245,371,172,1293720788),(246,371,49,1293720788),(247,371,248,1293720788),(248,371,164,1293720788),(249,371,35,1293720788),(250,371,327,1293720788),(251,371,265,1293720788),(252,371,173,1293720788),(253,371,240,1293720788),(254,372,81,1293777969),(255,372,19,1293777969),(256,372,196,1293777969),(257,372,89,1293777969),(258,372,66,1293777969),(259,372,46,1293777969),(260,372,140,1293777969),(261,372,124,1293777969),(262,372,218,1293777969),(263,372,72,1293777969),(264,372,228,1293777969),(265,372,145,1293777969),(266,372,270,1293777969),(267,372,182,1293777969),(268,372,138,1293777969),(269,372,79,1293777969),(270,372,338,1293777969),(271,372,298,1293777969),(272,372,343,1293777969),(273,373,190,1293778922),(274,377,364,1293958290),(275,377,81,1293958290),(276,377,19,1293958290),(277,377,196,1293958290),(278,377,89,1293958290),(279,377,66,1293958290),(280,377,46,1293958290),(281,377,140,1293958290),(282,377,124,1293958290),(283,377,218,1293958290),(284,377,72,1293958290),(285,377,326,1293958290),(286,377,97,1293958290),(287,377,182,1293958290),(288,377,216,1293958290),(289,377,312,1293958290),(290,377,349,1293958290),(291,377,64,1293958290),(292,377,369,1293958290),(293,377,308,1293958290),(294,377,318,1293958290),(295,378,81,1294002048),(296,378,19,1294002048),(297,378,196,1294002048),(298,378,89,1294002048),(299,378,66,1294002048),(300,378,46,1294002048),(301,378,140,1294002048),(302,378,124,1294002048),(303,378,218,1294002048),(304,378,72,1294002048),(305,378,230,1294002048),(306,378,181,1294002048),(307,378,309,1294002048),(308,378,259,1294002048),(309,378,301,1294002048),(310,378,272,1294002048),(311,378,252,1294002048),(312,378,209,1294002048),(313,171,81,1294029174),(314,379,81,1294059941),(315,379,19,1294059941),(316,379,196,1294059941),(317,379,89,1294059941),(318,379,66,1294059941),(319,379,46,1294059941),(320,379,140,1294059941),(321,379,124,1294059941),(322,379,218,1294059941),(323,379,72,1294059941),(324,379,248,1294059941),(325,379,40,1294059941),(326,379,226,1294059941),(327,379,374,1294059941),(328,379,58,1294059941),(329,379,203,1294059941),(330,379,210,1294059941),(331,379,53,1294059941),(332,379,202,1294059941),(333,379,163,1294059941),(334,381,81,1294125105),(335,381,19,1294125105),(336,381,196,1294125105),(337,381,89,1294125105),(338,381,66,1294125105),(339,381,46,1294125105),(340,381,140,1294125105),(341,381,124,1294125105),(342,381,218,1294125105),(343,381,72,1294125105),(344,381,180,1294125105),(345,381,270,1294125105),(346,381,258,1294125105),(347,381,63,1294125105),(348,381,314,1294125105),(349,381,193,1294125105),(350,381,269,1294125105),(351,381,287,1294125105),(352,381,152,1294125105),(353,381,349,1294125105),(354,383,364,1294202172),(355,383,377,1294202172),(356,383,81,1294202172),(357,383,19,1294202172),(358,383,196,1294202172),(359,383,89,1294202172),(360,383,66,1294202172),(361,383,46,1294202172),(362,383,140,1294202172),(363,383,124,1294202172),(364,383,218,1294202172),(365,383,72,1294202172),(366,383,260,1294202172),(367,383,322,1294202172),(368,383,275,1294202172),(369,383,379,1294202172),(370,383,317,1294202172),(371,383,189,1294202172),(372,383,93,1294202172),(373,383,248,1294202172),(374,384,376,1294283536),(375,384,81,1294283536),(376,384,19,1294283536),(377,384,196,1294283536),(378,384,89,1294283536),(379,384,66,1294283536),(380,384,46,1294283536),(395,385,374,1294302048),(382,384,124,1294283536),(383,384,218,1294283536),(384,384,72,1294283536),(385,384,190,1294283536),(386,384,139,1294283536),(387,384,118,1294283536),(388,384,131,1294283536),(389,384,137,1294283536),(390,384,232,1294283536),(391,384,328,1294283536),(392,384,206,1294283536),(393,384,57,1294283536),(394,384,181,1294283536),(396,385,368,1294302048),(397,385,365,1294302048),(398,385,370,1294302048),(399,385,81,1294302048),(400,385,19,1294302048),(401,385,196,1294302048),(402,385,89,1294302048),(403,385,66,1294302048),(404,385,46,1294302048),(405,385,140,1294302048),(406,385,124,1294302048),(407,385,218,1294302048),(408,385,72,1294302048),(409,385,356,1294302048),(410,385,182,1294302048),(411,385,99,1294302048),(412,385,161,1294302048),(413,385,264,1294302048),(414,385,252,1294302048),(415,385,54,1294302048),(416,385,260,1294302048),(417,385,109,1294302048),(418,385,188,1294302048),(419,386,385,1294374928),(420,386,368,1294374928),(421,386,370,1294374928),(422,386,365,1294374928),(423,386,374,1294374928),(424,386,81,1294374928),(425,386,19,1294374928),(426,386,196,1294374928),(427,386,89,1294374928),(428,386,66,1294374928),(429,386,46,1294374928),(430,386,140,1294374928),(431,386,124,1294374928),(432,386,218,1294374928),(433,386,72,1294374928),(434,386,63,1294374928),(435,386,75,1294374928),(436,386,186,1294374928),(437,386,313,1294374928),(438,386,44,1294374928),(439,386,340,1294374928),(440,386,216,1294374928),(441,386,274,1294374928),(442,386,129,1294374928),(443,386,356,1294374928),(444,387,366,1294391854),(445,387,373,1294391854),(446,387,81,1294391854),(447,387,19,1294391854),(448,387,196,1294391854),(449,387,89,1294391854),(450,387,66,1294391854),(451,387,46,1294391854),(452,387,140,1294391854),(453,387,124,1294391854),(454,387,218,1294391854),(455,387,72,1294391854),(456,387,327,1294391854),(457,387,182,1294391854),(458,387,204,1294391854),(459,387,106,1294391854),(460,387,52,1294391854),(461,387,219,1294391854),(462,387,253,1294391854),(463,387,119,1294391854),(464,387,341,1294391854),(465,387,185,1294391854),(467,388,360,1294402128),(468,388,355,1294402128),(469,388,366,1294402128),(470,388,386,1294402128),(471,388,387,1294402128),(472,388,359,1294402128),(473,388,365,1294402128),(474,388,356,1294402128),(475,388,379,1294402128),(476,388,382,1294402128),(477,388,384,1294402128),(478,388,363,1294402128),(479,388,370,1294402128),(480,388,385,1294402128),(481,388,368,1294402128),(482,388,371,1294402128),(483,388,381,1294402128),(484,388,369,1294402128),(485,388,19,1294402128),(486,388,373,1294402128),(487,388,81,1294402128),(488,388,196,1294402128),(489,388,89,1294402128),(490,388,66,1294402128),(491,388,46,1294402128),(492,388,140,1294402128),(493,388,124,1294402128),(494,388,218,1294402128),(495,388,72,1294402128),(496,388,126,1294402128),(497,388,337,1294402128),(498,388,178,1294402128),(499,388,191,1294402128),(500,388,58,1294402128),(501,388,164,1294402128),(502,388,162,1294402128),(503,388,167,1294402128),(504,388,298,1294402128),(505,389,81,1294405892),(506,389,19,1294405892),(507,389,196,1294405892),(508,389,89,1294405892),(509,389,66,1294405892),(510,389,46,1294405892),(511,389,140,1294405892),(512,389,124,1294405892),(513,389,218,1294405892),(514,389,72,1294405892),(515,389,243,1294405892),(516,389,120,1294405892),(517,389,71,1294405892),(518,389,324,1294405892),(519,389,61,1294405892),(520,389,264,1294405892),(521,389,174,1294405892),(522,389,132,1294405892),(523,389,40,1294405892),(524,390,19,1294469685),(525,390,382,1294469685),(526,390,81,1294469685),(527,390,196,1294469685),(528,390,89,1294469685),(529,390,66,1294469685),(530,390,46,1294469685),(531,390,140,1294469685),(532,390,124,1294469685),(533,390,218,1294469685),(534,390,72,1294469685),(535,390,142,1294469685),(536,390,50,1294469685),(537,390,152,1294469685),(538,390,75,1294469685),(539,390,192,1294469685),(540,390,257,1294469685),(541,390,234,1294469685),(542,390,336,1294469685),(543,390,248,1294469685),(544,390,162,1294469685),(545,391,81,1294485680),(546,391,19,1294485680),(547,391,196,1294485680),(548,391,89,1294485680),(549,391,66,1294485680),(550,391,46,1294485680),(551,391,140,1294485680),(552,391,124,1294485680),(553,391,218,1294485680),(554,391,72,1294485680),(555,391,235,1294485680),(556,391,318,1294485680),(557,391,361,1294485680),(558,391,267,1294485680),(559,391,263,1294485680),(560,391,168,1294485680),(561,391,58,1294485680),(562,391,62,1294485680),(563,391,330,1294485680),(564,392,361,1294558436),(565,392,369,1294558436),(566,392,81,1294558436),(567,392,19,1294558436),(568,392,196,1294558436),(569,392,89,1294558436),(570,392,66,1294558436),(571,392,46,1294558436),(572,392,140,1294558436),(573,392,124,1294558436),(574,392,218,1294558436),(575,392,72,1294558436),(576,392,388,1294558436),(577,392,240,1294558436),(578,392,214,1294558436),(579,392,206,1294558436),(580,392,357,1294558436),(581,392,219,1294558436),(582,392,367,1294558436),(583,392,54,1294558436),(584,392,51,1294558436),(585,394,140,1294637179),(586,396,387,1294662070),(587,396,373,1294662070),(588,396,366,1294662070),(589,396,81,1294662070),(590,396,19,1294662070),(591,396,196,1294662070),(592,396,89,1294662070),(593,396,66,1294662070),(594,396,46,1294662070),(595,396,140,1294662070),(596,396,124,1294662070),(597,396,218,1294662070),(598,396,271,1294662070),(599,396,70,1294662070),(600,396,275,1294662070),(601,396,256,1294662070),(602,396,193,1294662070),(603,396,267,1294662070),(604,396,149,1294662070),(605,396,314,1294662070),(606,396,278,1294662070),(607,396,84,1294662070),(608,396,201,1294662070),(609,398,19,1294668787),(610,399,396,1294685493),(611,399,366,1294685493),(612,399,387,1294685493),(613,399,373,1294685493),(614,399,81,1294685493),(615,399,19,1294685493),(616,399,196,1294685493),(617,399,89,1294685493),(618,399,66,1294685493),(619,399,46,1294685493),(620,399,140,1294685493),(621,399,124,1294685493),(622,399,218,1294685493),(623,399,271,1294685493),(624,399,69,1294685493),(625,399,175,1294685493),(626,399,97,1294685493),(627,399,361,1294685493),(628,399,270,1294685493),(629,399,301,1294685493),(630,399,137,1294685493),(631,399,161,1294685493),(632,399,212,1294685493),(633,399,76,1294685493),(634,400,375,1294722941),(635,400,81,1294722941),(636,400,19,1294722941),(637,400,196,1294722941),(638,400,89,1294722941),(639,400,66,1294722941),(640,400,46,1294722941),(641,400,140,1294722941),(642,400,124,1294722941),(643,400,218,1294722941),(644,400,271,1294722941),(645,400,36,1294722941),(646,400,289,1294722941),(647,400,185,1294722941),(648,400,325,1294722941),(649,400,259,1294722941),(650,400,385,1294722941),(651,400,87,1294722941),(652,400,388,1294722941),(653,400,301,1294722941),(654,400,165,1294722941),(655,401,81,1294727435),(656,401,19,1294727435),(657,401,196,1294727435),(658,401,89,1294727435),(659,401,66,1294727435),(660,401,46,1294727435),(661,401,140,1294727435),(662,401,124,1294727435),(663,401,218,1294727435),(664,401,271,1294727435),(665,401,73,1294727435),(666,401,320,1294727435),(667,401,119,1294727435),(668,401,77,1294727435),(669,401,243,1294727435),(670,401,327,1294727435),(671,401,88,1294727435),(672,401,315,1294727435),(673,401,106,1294727435),(674,403,355,1294771464),(675,403,81,1294771464),(676,403,19,1294771464),(677,403,196,1294771464),(678,403,89,1294771464),(679,403,66,1294771464),(680,403,46,1294771464),(681,403,140,1294771464),(682,403,124,1294771464),(683,403,218,1294771464),(684,403,271,1294771464),(685,403,273,1294771464),(686,403,132,1294771464),(687,403,99,1294771464),(688,403,172,1294771464),(689,403,47,1294771464),(690,403,318,1294771464),(691,403,69,1294771464),(692,403,237,1294771464),(693,403,346,1294771464),(694,403,98,1294771464),(695,404,19,1294842557),(696,404,390,1294842557),(697,404,382,1294842557),(698,404,397,1294842557),(699,404,81,1294842557),(700,404,196,1294842557),(701,404,89,1294842557),(702,404,66,1294842557),(703,404,46,1294842557),(704,404,140,1294842557),(705,404,124,1294842557),(706,404,218,1294842557),(707,404,271,1294842557),(708,404,286,1294842557),(709,404,94,1294842557),(710,404,266,1294842557),(711,404,187,1294842557),(712,404,220,1294842557),(713,404,215,1294842557),(714,404,222,1294842557),(715,404,262,1294842557),(716,404,368,1294842557),(717,404,333,1294842557),(718,405,382,1294922907),(719,405,397,1294922907),(720,405,81,1294922907),(721,405,19,1294922907),(722,405,196,1294922907),(723,405,89,1294922907),(724,405,66,1294922907),(725,405,46,1294922907),(726,405,140,1294922907),(727,405,124,1294922907),(728,405,218,1294922907),(729,405,271,1294922907),(730,405,249,1294922907),(731,405,383,1294922907),(732,405,163,1294922907),(733,405,149,1294922907),(734,405,110,1294922907),(735,405,68,1294922907),(736,405,292,1294922907),(737,405,327,1294922907),(738,405,142,1294922907),(739,405,186,1294922907),(740,406,387,1294993805),(741,406,366,1294993805),(742,406,399,1294993805),(743,406,373,1294993805),(744,406,396,1294993805),(745,406,81,1294993805),(746,406,19,1294993805),(747,406,196,1294993805),(748,406,89,1294993805),(749,406,66,1294993805),(750,406,46,1294993805),(751,406,140,1294993805),(752,406,124,1294993805),(753,406,218,1294993805),(754,406,271,1294993805),(755,406,320,1294993805),(756,406,96,1294993805),(757,406,390,1294993805),(758,406,343,1294993805),(759,406,356,1294993805),(760,406,208,1294993805),(761,406,48,1294993805),(762,406,207,1294993805),(763,406,209,1294993805),(764,406,330,1294993805),(765,406,403,1294994071),(766,412,361,1295193637),(767,412,369,1295193637),(768,412,410,1295193637),(769,412,392,1295193637),(770,412,81,1295193637),(771,412,19,1295193637),(772,412,196,1295193637),(773,412,89,1295193637),(774,412,66,1295193637),(775,412,46,1295193637),(776,412,140,1295193637),(777,412,124,1295193637),(778,412,218,1295193637),(779,412,271,1295193637),(780,412,273,1295193637),(781,412,212,1295193637),(782,412,261,1295193637),(783,412,85,1295193637),(784,412,222,1295193637),(785,412,54,1295193637),(786,412,391,1295193637),(787,412,322,1295193637),(788,412,295,1295193637),(789,413,372,1295255230),(790,413,81,1295255230),(791,413,19,1295255230),(792,413,196,1295255230),(793,413,89,1295255230),(794,413,66,1295255230),(795,413,46,1295255230),(796,413,140,1295255230),(797,413,124,1295255230),(798,413,218,1295255230),(799,413,271,1295255230),(800,413,341,1295255230),(801,413,302,1295255230),(802,413,70,1295255230),(803,413,57,1295255230),(804,413,131,1295255230),(805,413,217,1295255230),(806,413,115,1295255230),(807,413,272,1295255230),(808,413,87,1295255230),(809,413,259,1295255230),(810,414,355,1295408115),(811,414,403,1295408115),(812,414,81,1295408115),(813,414,19,1295408115),(814,414,196,1295408115),(815,414,89,1295408115),(816,414,66,1295408115),(817,414,46,1295408115),(818,414,140,1295408115),(819,414,124,1295408115),(820,414,218,1295408115),(821,414,271,1295408115),(822,414,349,1295408115),(823,414,215,1295408115),(824,414,59,1295408115),(825,414,306,1295408115),(826,414,103,1295408115),(827,414,146,1295408115),(828,414,82,1295408115),(829,414,87,1295408115),(830,414,315,1295408115),(831,414,123,1295408115),(832,416,81,1295428554),(833,416,19,1295428554),(834,416,196,1295428554),(835,416,89,1295428554),(836,416,66,1295428554),(837,416,46,1295428554),(838,416,140,1295428554),(839,416,124,1295428554),(840,416,218,1295428554),(841,416,271,1295428554),(842,416,45,1295428554),(843,416,298,1295428554),(844,416,240,1295428554),(845,416,167,1295428554),(846,416,370,1295428554),(847,416,266,1295428554),(848,416,386,1295428554),(849,416,293,1295428554),(850,416,373,1295428554),(851,419,81,1295577833),(852,419,19,1295577833),(853,419,196,1295577833),(854,419,89,1295577833),(855,419,66,1295577833),(856,419,46,1295577833),(857,419,140,1295577833),(858,419,124,1295577833),(859,419,271,1295577833),(860,419,72,1295577833),(861,419,132,1295577833),(862,419,247,1295577833),(863,419,51,1295577833),(864,419,256,1295577833),(865,419,125,1295577833),(866,419,90,1295577833),(867,419,266,1295577833),(868,419,415,1295577833),(869,419,351,1295577833),(870,419,369,1295577833),(871,421,391,1295598275),(872,421,407,1295598275),(873,421,81,1295598275),(874,421,19,1295598275),(875,421,196,1295598275),(876,421,89,1295598275),(877,421,66,1295598275),(878,421,46,1295598275),(879,421,140,1295598275),(880,421,124,1295598275),(881,421,72,1295598275),(882,421,218,1295598275),(883,421,56,1295598275),(884,421,131,1295598275),(885,421,273,1295598275),(886,421,152,1295598275),(887,421,335,1295598275),(888,421,420,1295598275),(889,421,44,1295598275),(890,421,305,1295598275),(891,421,251,1295598275),(892,421,144,1295598275),(893,422,81,1295673861),(894,422,19,1295673861),(895,422,196,1295673861),(896,422,89,1295673861),(897,422,66,1295673861),(898,422,46,1295673861),(899,422,140,1295673861),(900,422,124,1295673861),(901,422,72,1295673861),(902,422,218,1295673861),(903,422,317,1295673861),(904,422,157,1295673861),(905,422,239,1295673861),(906,422,241,1295673861),(907,422,45,1295673861),(908,422,112,1295673861),(909,422,339,1295673861),(910,422,99,1295673861),(911,422,288,1295673861),(912,422,242,1295674725),(913,422,59,1295674725),(914,422,233,1295674725),(915,422,420,1295674725),(916,422,154,1295674725),(917,422,259,1295674725),(918,422,397,1295674725),(919,422,92,1295674725),(920,422,159,1295674725),(921,422,380,1295674725),(922,423,81,1295687158),(923,423,19,1295687158),(924,423,196,1295687158),(925,423,89,1295687158),(926,423,66,1295687158),(927,423,46,1295687158),(928,423,140,1295687158),(929,423,124,1295687158),(930,423,218,1295687158),(931,423,271,1295687158),(932,423,149,1295687158),(933,423,308,1295687158),(934,423,61,1295687158),(935,423,305,1295687158),(936,423,405,1295687158),(937,423,65,1295687158),(938,423,88,1295687158),(939,423,90,1295687158),(940,423,279,1295687158),(941,423,369,1295687158),(942,424,391,1295723484),(943,424,407,1295723484),(944,424,421,1295723484),(945,424,81,1295723484),(946,424,19,1295723484),(947,424,196,1295723484),(948,424,89,1295723484),(949,424,66,1295723484),(950,424,46,1295723484),(951,424,140,1295723484),(952,424,124,1295723484),(953,424,218,1295723484),(954,424,271,1295723484),(955,424,71,1295723484),(956,424,123,1295723484),(957,424,250,1295723484),(958,424,417,1295723484),(959,424,406,1295723484),(960,424,352,1295723484),(961,424,310,1295723484),(962,424,103,1295723484),(963,424,233,1295723484),(964,424,44,1295723484),(965,425,405,1295747186),(966,425,397,1295747186),(967,425,382,1295747186),(968,425,81,1295747186),(969,425,19,1295747186),(970,425,196,1295747186),(971,425,89,1295747186),(972,425,66,1295747186),(973,425,46,1295747186),(974,425,140,1295747186),(975,425,124,1295747187),(976,425,271,1295747187),(977,425,72,1295747187),(978,425,163,1295747187),(979,425,312,1295747187),(980,425,129,1295747187),(981,425,331,1295747187),(982,425,180,1295747187),(983,425,219,1295747187),(984,425,235,1295747187),(985,425,226,1295747187),(986,425,391,1295747187),(987,425,209,1295747187),(988,426,425,1295796252),(989,426,397,1295796252),(990,426,382,1295796252),(991,426,405,1295796252),(992,426,81,1295796252),(993,426,19,1295796252),(994,426,196,1295796252),(995,426,89,1295796252),(996,426,66,1295796252),(997,426,46,1295796252),(998,426,140,1295796252),(999,426,124,1295796252),(1000,426,218,1295796252),(1001,426,271,1295796252),(1002,426,420,1295796252),(1003,426,255,1295796252),(1004,426,183,1295796252),(1005,426,233,1295796252),(1006,426,200,1295796252),(1007,426,70,1295796252),(1008,426,212,1295796252),(1009,426,392,1295796252),(1010,426,216,1295796252),(1011,427,81,1295855480),(1012,427,19,1295855480),(1013,427,196,1295855480),(1014,427,89,1295855480),(1015,427,66,1295855480),(1016,427,46,1295855480),(1017,427,140,1295855480),(1018,427,124,1295855480),(1019,427,271,1295855480),(1020,427,72,1295855480),(1021,427,417,1295855480),(1022,427,260,1295855480),(1023,427,247,1295855480),(1024,427,367,1295855480),(1025,427,298,1295855480),(1026,427,195,1295855480),(1027,427,51,1295855480),(1028,427,106,1295855480),(1029,427,63,1295855480),(1030,427,39,1295855480),(1031,249,196,1295858828),(1032,428,399,1295880856),(1033,428,406,1295880856),(1034,428,417,1295880856),(1035,428,387,1295880856),(1036,428,366,1295880856),(1037,428,373,1295880856),(1038,428,396,1295880856),(1039,428,81,1295880856),(1040,428,19,1295880856),(1041,428,196,1295880856),(1042,428,89,1295880856),(1043,428,66,1295880856),(1044,428,46,1295880856),(1045,428,140,1295880856),(1046,428,124,1295880856),(1047,428,271,1295880856),(1048,428,72,1295880856),(1049,428,333,1295880856),(1050,428,407,1295880856),(1051,428,88,1295880856),(1052,428,304,1295880856),(1053,428,123,1295880856),(1054,428,397,1295880856),(1055,428,147,1295880856),(1056,428,394,1295880856),(1057,428,264,1295880856),(1058,428,360,1295880856),(1059,429,359,1296017955),(1060,429,81,1296017955),(1061,429,19,1296017955),(1062,429,196,1296017955),(1063,429,89,1296017955),(1064,429,66,1296017955),(1065,429,46,1296017955),(1066,429,140,1296017955),(1067,429,124,1296017955),(1068,429,218,1296017955),(1069,429,271,1296017955),(1070,429,114,1296017955),(1071,429,77,1296017955),(1072,429,181,1296017955),(1073,429,228,1296017955),(1074,429,102,1296017955),(1075,429,150,1296017955),(1076,429,267,1296017955),(1077,429,413,1296017955),(1078,429,170,1296017955),(1079,430,413,1296028453),(1080,430,420,1296028453),(1081,430,372,1296028453),(1082,430,81,1296028453),(1083,430,19,1296028453),(1084,430,196,1296028453),(1085,430,89,1296028453),(1086,430,66,1296028453),(1087,430,46,1296028453),(1088,430,140,1296028453),(1089,430,124,1296028453),(1090,430,271,1296028453),(1091,430,72,1296028453),(1092,430,382,1296028453),(1093,430,259,1296028453),(1094,430,374,1296028453),(1095,430,415,1296028453),(1096,430,340,1296028453),(1097,430,234,1296028453),(1098,430,172,1296028453),(1099,430,326,1296028453),(1100,430,190,1296028453),(1101,430,403,1296028453),(1102,380,362,1296136436),(1103,432,386,1296380477),(1104,432,370,1296380477),(1105,432,365,1296380477),(1106,432,411,1296380477),(1107,432,385,1296380477),(1108,432,389,1296380477),(1109,432,374,1296380477),(1110,432,368,1296380477),(1111,432,81,1296380477),(1112,432,19,1296380477),(1113,432,196,1296380477),(1114,432,89,1296380477),(1115,432,66,1296380477),(1116,432,46,1296380477),(1117,432,140,1296380477),(1118,432,124,1296380477),(1119,432,271,1296380477),(1120,432,72,1296380477),(1121,432,70,1296380477),(1122,432,398,1296380477),(1123,432,430,1296380477),(1124,432,238,1296380477),(1125,432,318,1296380477),(1126,432,174,1296380477),(1127,432,298,1296380477),(1128,432,203,1296380477),(1129,432,79,1296380477),(1130,432,215,1296380477),(1131,433,396,1296407045),(1132,433,387,1296407045),(1133,433,406,1296407045),(1134,433,366,1296407045),(1135,433,399,1296407045),(1136,433,373,1296407045),(1137,433,81,1296407045),(1138,433,19,1296407045),(1139,433,196,1296407045),(1140,433,89,1296407045),(1141,433,66,1296407045),(1142,433,46,1296407045),(1143,433,140,1296407045),(1144,433,124,1296407045),(1145,433,271,1296407045),(1146,433,72,1296407045),(1147,433,115,1296407045),(1148,433,254,1296407045),(1149,433,57,1296407045),(1150,433,289,1296407045),(1151,433,262,1296407045),(1152,433,377,1296407045),(1153,433,432,1296407045),(1154,433,34,1296407045),(1155,433,248,1296407045),(1156,433,270,1296407045),(1157,436,290,1296666553),(1158,437,359,1296803228),(1159,437,429,1296803228),(1160,437,81,1296803228),(1161,437,19,1296803228),(1162,437,196,1296803228),(1163,437,89,1296803228),(1164,437,66,1296803228),(1165,437,46,1296803228),(1166,437,140,1296803228),(1167,437,124,1296803228),(1168,437,218,1296803228),(1169,437,271,1296803228),(1170,437,381,1296803228),(1171,437,69,1296803228),(1172,437,287,1296803228),(1173,437,314,1296803228),(1174,437,366,1296803228),(1175,437,291,1296803228),(1176,437,370,1296803228),(1177,437,59,1296803228),(1178,437,100,1296803228),(1179,438,386,1296879764),(1180,438,374,1296879764),(1181,438,365,1296879764),(1182,438,370,1296879764),(1183,438,432,1296879764),(1184,438,385,1296879764),(1185,438,411,1296879764),(1186,438,368,1296879764),(1187,438,389,1296879764),(1188,438,81,1296879764),(1189,438,19,1296879764),(1190,438,196,1296879764),(1191,438,89,1296879764),(1192,438,66,1296879764),(1193,438,46,1296879764),(1194,438,140,1296879764),(1195,438,124,1296879764),(1196,438,72,1296879764),(1197,438,218,1296879764),(1198,438,324,1296879764),(1199,438,287,1296879764),(1200,438,417,1296879764),(1201,438,235,1296879764),(1202,438,302,1296879764),(1203,438,318,1296879764),(1204,438,273,1296879764),(1205,438,215,1296879764),(1206,438,35,1296879764),(1207,438,258,1296879764),(1208,440,373,1297173598),(1209,440,406,1297173598),(1210,440,417,1297173598),(1211,440,435,1297173598),(1212,440,396,1297173598),(1213,440,399,1297173598),(1214,440,366,1297173598),(1215,440,428,1297173598),(1216,440,387,1297173598),(1217,440,433,1297173598),(1218,440,81,1297173598),(1219,440,19,1297173598),(1220,440,196,1297173598),(1221,440,89,1297173598),(1222,440,66,1297173598),(1223,440,46,1297173598),(1224,440,140,1297173598),(1225,440,124,1297173598),(1226,440,271,1297173598),(1227,440,72,1297173598),(1228,440,426,1297173598),(1229,440,374,1297173598),(1230,440,328,1297173598),(1231,440,98,1297173598),(1232,440,32,1297173598),(1233,440,266,1297173598),(1234,440,365,1297173598),(1235,440,345,1297173598),(1236,440,150,1297173598),(1237,440,45,1297173598),(1238,441,416,1297187721),(1239,441,434,1297187721),(1240,441,81,1297187721),(1241,441,19,1297187721),(1242,441,196,1297187721),(1243,441,89,1297187721),(1244,441,66,1297187721),(1245,441,46,1297187721),(1246,441,140,1297187721),(1247,441,124,1297187721),(1248,441,271,1297187721),(1249,441,72,1297187721),(1250,441,207,1297187721),(1251,441,342,1297187721),(1252,441,323,1297187721),(1253,441,369,1297187721),(1254,441,384,1297187721),(1255,441,439,1297187721),(1256,441,328,1297187721),(1257,441,405,1297187721),(1258,441,260,1297187721),(1259,441,120,1297187721),(1260,442,376,1297261114),(1261,442,384,1297261114),(1262,442,81,1297261114),(1263,442,19,1297261114),(1264,442,196,1297261114),(1265,442,89,1297261114),(1266,442,66,1297261114),(1267,442,46,1297261114),(1268,442,140,1297261114),(1269,442,124,1297261114),(1270,442,271,1297261114),(1271,442,72,1297261114),(1272,442,383,1297261114),(1273,442,329,1297261114),(1274,442,184,1297261114),(1275,442,120,1297261114),(1276,442,353,1297261114),(1277,442,417,1297261114),(1278,442,361,1297261114),(1279,442,111,1297261114),(1280,442,264,1297261114),(1281,442,411,1297261114),(1282,445,440,1297421959),(1283,445,435,1297421959),(1284,445,433,1297421959),(1285,445,443,1297421959),(1286,445,417,1297421959),(1287,445,406,1297421959),(1288,445,387,1297421959),(1289,445,396,1297421959),(1290,445,373,1297421959),(1291,445,428,1297421959),(1292,445,366,1297421959),(1293,445,399,1297421959),(1294,445,81,1297421959),(1295,445,19,1297421959),(1296,445,196,1297421959),(1297,445,89,1297421959),(1298,445,66,1297421959),(1299,445,46,1297421959),(1300,445,140,1297421959),(1301,445,124,1297421959),(1302,445,271,1297421959),(1303,445,72,1297421959),(1304,445,205,1297421959),(1305,445,346,1297421959),(1306,445,50,1297421959),(1307,445,79,1297421959),(1308,445,420,1297421959),(1309,445,391,1297421959),(1310,445,217,1297421959),(1311,445,56,1297421959),(1312,445,133,1297421959),(1313,445,253,1297421959),(1314,447,396,1297692885),(1315,447,81,1297692885),(1316,447,19,1297692885),(1317,447,196,1297692885),(1318,447,89,1297692885),(1319,447,66,1297692885),(1320,447,46,1297692885),(1321,447,140,1297692885),(1322,447,124,1297692885),(1323,447,271,1297692885),(1324,447,72,1297692885),(1325,447,169,1297692885),(1326,447,181,1297692885),(1327,447,295,1297692885),(1328,447,418,1297692885),(1329,447,67,1297692885),(1330,447,185,1297692885),(1331,447,41,1297692885),(1332,447,380,1297692885),(1333,448,411,1297732897),(1334,448,386,1297732897),(1335,448,368,1297732897),(1336,448,438,1297732897),(1337,448,370,1297732897),(1338,448,365,1297732897),(1339,448,432,1297732897),(1340,448,385,1297732897),(1341,448,389,1297732897),(1342,448,374,1297732897),(1343,448,81,1297732897),(1344,448,19,1297732897),(1345,448,196,1297732897),(1346,448,89,1297732897),(1347,448,66,1297732897),(1348,448,46,1297732897),(1349,448,140,1297732897),(1350,448,124,1297732897),(1351,448,271,1297732897),(1352,448,72,1297732897),(1353,448,363,1297732897),(1354,448,220,1297732897),(1355,448,278,1297732897),(1356,448,291,1297732897),(1357,448,347,1297732897),(1358,448,415,1297732897),(1359,448,380,1297732897),(1360,448,202,1297732897),(1361,448,224,1297732897),(1362,449,406,1297781677),(1363,449,387,1297781677),(1364,449,435,1297781677),(1365,449,399,1297781677),(1366,449,445,1297781677),(1367,449,428,1297781677),(1368,449,440,1297781677),(1369,449,366,1297781677),(1370,449,447,1297781677),(1371,449,396,1297781677),(1372,449,417,1297781677),(1373,449,443,1297781677),(1374,449,433,1297781677),(1375,449,373,1297781677),(1376,449,81,1297781677),(1377,449,19,1297781677),(1378,449,196,1297781677),(1379,449,89,1297781677),(1380,449,66,1297781677),(1381,449,46,1297781677),(1382,449,140,1297781677),(1383,449,124,1297781677),(1384,449,271,1297781677),(1385,449,218,1297781677),(1386,449,176,1297781677),(1387,449,326,1297781677),(1388,449,56,1297781677),(1389,449,272,1297781677),(1390,449,214,1297781677),(1391,449,385,1297781677),(1392,449,374,1297781677),(1393,449,108,1297781677),(1394,449,388,1297781677),(1395,451,366,1297785547),(1396,451,399,1297785547),(1397,451,387,1297785547),(1398,451,373,1297785547),(1399,451,396,1297785547),(1400,451,406,1297785547),(1401,451,447,1297785547),(1402,451,435,1297785547),(1403,451,433,1297785547),(1404,451,81,1297785547),(1405,451,19,1297785547),(1406,451,196,1297785547),(1407,451,89,1297785547),(1408,451,66,1297785547),(1409,451,449,1297785547),(1410,451,46,1297785547),(1411,451,140,1297785547),(1412,451,124,1297785547),(1413,451,271,1297785547),(1414,451,393,1297785547),(1415,451,384,1297785547),(1416,451,176,1297785547),(1417,451,129,1297785547),(1418,451,414,1297785547),(1419,451,125,1297785547),(1420,451,386,1297785547),(1421,451,441,1297785547),(1422,451,160,1297785547),(1423,452,410,1297847575),(1424,452,361,1297847575),(1425,452,369,1297847575),(1426,452,412,1297847575),(1427,452,436,1297847575),(1428,452,392,1297847575),(1429,452,81,1297847575),(1430,452,19,1297847575),(1431,452,196,1297847575),(1432,452,89,1297847575),(1433,452,66,1297847575),(1434,452,46,1297847575),(1435,452,140,1297847575),(1436,452,124,1297847575),(1437,452,271,1297847575),(1438,452,72,1297847575),(1439,452,303,1297847575),(1440,452,201,1297847575),(1441,452,197,1297847575),(1442,452,180,1297847575),(1443,452,133,1297847575),(1444,452,428,1297847575),(1445,452,131,1297847575),(1446,452,59,1297847575),(1447,452,431,1297847575),(1448,452,253,1297847575),(1449,453,399,1297851941),(1450,453,451,1297851941),(1451,453,366,1297851941),(1452,453,406,1297851941),(1453,453,447,1297851941),(1454,453,396,1297851941),(1455,453,387,1297851941),(1456,453,373,1297851941),(1457,453,433,1297851941),(1458,453,435,1297851941),(1459,453,81,1297851941),(1460,453,19,1297851941),(1461,453,196,1297851941),(1462,453,89,1297851941),(1463,453,66,1297851941),(1464,453,46,1297851941),(1465,453,140,1297851941),(1466,453,124,1297851941),(1467,453,449,1297851941),(1468,453,271,1297851941),(1469,453,96,1297851941),(1470,453,148,1297851941),(1471,453,61,1297851941),(1472,453,120,1297851941),(1473,453,369,1297851941),(1474,453,52,1297851941),(1475,453,356,1297851941),(1476,453,420,1297851941),(1477,453,60,1297851941),(1478,453,371,1297851941),(1479,454,404,1297912917),(1480,454,405,1297912917),(1481,454,446,1297912917),(1482,454,397,1297912917),(1483,454,382,1297912917),(1484,454,426,1297912917),(1485,454,19,1297912917),(1486,454,425,1297912917),(1487,454,390,1297912917),(1488,454,81,1297912917),(1489,454,196,1297912917),(1490,454,89,1297912917),(1491,454,66,1297912917),(1492,454,46,1297912917),(1493,454,140,1297912917),(1494,454,124,1297912917),(1495,454,271,1297912917),(1496,454,218,1297912917),(1497,454,266,1297912917),(1498,454,63,1297912917),(1499,454,128,1297912917),(1500,454,227,1297912917),(1501,454,146,1297912917),(1502,454,251,1297912917),(1503,454,228,1297912917),(1504,454,355,1297912917),(1505,454,192,1297912917),(1506,455,81,1298021357),(1507,455,19,1298021357),(1508,455,196,1298021357),(1509,455,89,1298021357),(1510,455,66,1298021357),(1511,455,46,1298021357),(1512,455,140,1298021357),(1513,455,124,1298021357),(1514,455,271,1298021357),(1515,455,218,1298021357),(1516,455,428,1298021357),(1517,455,254,1298021357),(1518,455,191,1298021357),(1519,455,177,1298021357),(1520,455,348,1298021357),(1521,455,303,1298021357),(1522,455,204,1298021357),(1523,455,83,1298021357),(1524,455,360,1298021357),(1525,455,41,1298021357),(1526,456,455,1298092746),(1527,456,81,1298092746),(1528,456,19,1298092746),(1529,456,196,1298092746),(1530,456,89,1298092746),(1531,456,66,1298092746),(1532,456,46,1298092746),(1533,456,140,1298092746),(1534,456,124,1298092746),(1535,456,271,1298092746),(1536,456,72,1298092746),(1537,456,93,1298092746),(1538,456,31,1298092746),(1539,456,275,1298092746),(1540,456,200,1298092746),(1541,456,87,1298092746),(1542,456,152,1298092746),(1543,456,190,1298092746),(1544,456,237,1298092746),(1545,456,54,1298092746),(1546,458,412,1298164737),(1547,458,452,1298164737),(1548,458,361,1298164737),(1549,458,436,1298164737),(1550,458,392,1298164737),(1551,458,369,1298164737),(1552,458,410,1298164737),(1553,458,81,1298164737),(1554,458,19,1298164737),(1555,458,196,1298164737),(1556,458,89,1298164737),(1557,458,66,1298164737),(1558,458,46,1298164737),(1559,458,140,1298164737),(1560,458,124,1298164737),(1561,458,271,1298164737),(1562,458,72,1298164737),(1563,458,184,1298164737),(1564,458,138,1298164737),(1565,458,33,1298164737),(1566,458,275,1298164737),(1567,458,419,1298164737),(1568,458,50,1298164737),(1569,458,300,1298164737),(1570,458,298,1298164737),(1571,458,182,1298164737),(1572,458,302,1298164737),(1573,459,451,1298269065),(1574,459,435,1298269065),(1575,459,406,1298269065),(1576,459,433,1298269065),(1577,459,453,1298269065),(1578,459,447,1298269065),(1579,459,387,1298269065),(1580,459,366,1298269065),(1581,459,373,1298269065),(1582,459,399,1298269065),(1583,459,396,1298269065),(1584,459,81,1298269065),(1585,459,19,1298269065),(1586,459,196,1298269065),(1587,459,89,1298269065),(1588,459,66,1298269065),(1589,459,46,1298269065),(1590,459,140,1298269065),(1591,459,124,1298269065),(1592,459,271,1298269065),(1593,459,72,1298269065),(1594,459,44,1298269065),(1595,459,414,1298269065),(1596,459,112,1298269065),(1597,459,312,1298269065),(1598,459,394,1298269065),(1599,459,367,1298269065),(1600,459,352,1298269065),(1601,459,332,1298269065),(1602,459,351,1298269065),(1603,462,420,1298360388),(1604,462,372,1298360388),(1605,462,430,1298360388),(1606,462,413,1298360388),(1607,462,81,1298360388),(1608,462,19,1298360388),(1609,462,196,1298360388),(1610,462,89,1298360388),(1611,462,66,1298360388),(1612,462,46,1298360388),(1613,462,140,1298360388),(1614,462,124,1298360388),(1615,462,271,1298360388),(1616,462,218,1298360388),(1617,462,283,1298360388),(1618,462,356,1298360388),(1619,462,80,1298360388),(1620,462,351,1298360388),(1621,462,324,1298360388),(1622,462,194,1298360388),(1623,462,403,1298360388),(1624,462,259,1298360388),(1625,462,149,1298360388),(1626,463,386,1298438443),(1627,463,438,1298438443),(1628,463,370,1298438443),(1629,463,432,1298438443),(1630,463,374,1298438443),(1631,463,365,1298438443),(1632,463,411,1298438443),(1633,463,385,1298438443),(1634,463,448,1298438443),(1635,463,368,1298438443),(1636,463,389,1298438443),(1637,463,81,1298438443),(1638,463,19,1298438443),(1639,463,196,1298438443),(1640,463,89,1298438443),(1641,463,66,1298438443),(1642,463,46,1298438443),(1643,463,140,1298438443),(1644,463,124,1298438443),(1645,463,271,1298438443),(1646,463,72,1298438443),(1647,463,112,1298438443),(1648,463,294,1298438443),(1649,463,216,1298438443),(1650,463,387,1298438443),(1651,463,265,1298438443),(1652,463,298,1298438443),(1653,463,270,1298438443),(1654,463,460,1298438443),(1655,464,396,1298440862),(1656,464,387,1298440862),(1657,464,433,1298440862),(1658,464,459,1298440862),(1659,464,453,1298440862),(1660,464,406,1298440862),(1661,464,373,1298440862),(1662,464,435,1298440862),(1663,464,451,1298440862),(1664,464,447,1298440862),(1665,464,366,1298440862),(1666,464,399,1298440862),(1667,464,81,1298440862),(1668,464,19,1298440862),(1669,464,196,1298440862),(1670,464,89,1298440862),(1671,464,66,1298440862),(1672,464,46,1298440862),(1673,464,140,1298440862),(1674,464,124,1298440862),(1675,464,271,1298440862),(1676,464,218,1298440862),(1677,464,250,1298440862),(1678,464,126,1298440862),(1679,464,300,1298440862),(1680,464,182,1298440862),(1681,464,394,1298440862),(1682,464,166,1298440862),(1683,464,301,1298440862),(1684,464,157,1298440862),(1685,464,33,1298440862),(1686,465,376,1298550475),(1687,465,384,1298550475),(1688,465,442,1298550475),(1689,465,81,1298550475),(1709,465,19,1298550578),(1691,465,196,1298550475),(1692,465,89,1298550475),(1693,465,66,1298550475),(1694,465,46,1298550475),(1695,465,140,1298550475),(1696,465,124,1298550475),(1697,465,271,1298550475),(1698,465,72,1298550475),(1699,465,37,1298550475),(1700,465,225,1298550475),(1701,465,231,1298550475),(1702,465,272,1298550475),(1703,465,323,1298550475),(1704,465,456,1298550475),(1705,465,95,1298550475),(1706,465,153,1298550475),(1707,465,160,1298550475),(1708,465,339,1298550475),(1710,466,453,1298644594),(1711,466,447,1298644594),(1712,466,399,1298644594),(1713,466,373,1298644594),(1714,466,459,1298644594),(1715,466,464,1298644594),(1716,466,366,1298644594),(1717,466,406,1298644594),(1718,466,387,1298644594),(1719,466,435,1298644594),(1720,466,433,1298644594),(1721,466,451,1298644594),(1722,466,396,1298644594),(1723,466,81,1298644594),(1724,466,19,1298644594),(1725,466,196,1298644594),(1726,466,89,1298644594),(1727,466,66,1298644594),(1728,466,46,1298644594),(1729,466,140,1298644594),(1730,466,124,1298644594),(1731,466,271,1298644594),(1732,466,218,1298644594),(1733,466,194,1298644594),(1734,466,143,1298644594),(1735,466,303,1298644594),(1736,466,369,1298644594),(1737,466,392,1298644594),(1738,466,390,1298644594),(1739,466,65,1298644594),(1740,466,243,1298644594),(1741,466,34,1298644594),(1742,467,453,1298660669),(1743,467,450,1298660669),(1744,467,449,1298660669),(1745,467,445,1298660669),(1746,467,435,1298660669),(1747,467,373,1298660669),(1748,467,417,1298660669),(1749,467,399,1298660669),(1750,467,440,1298660669),(1751,467,447,1298660669),(1752,467,459,1298660669),(1753,467,406,1298660669),(1754,467,443,1298660669),(1755,467,433,1298660669),(1756,467,451,1298660669),(1757,467,428,1298660669),(1758,467,387,1298660669),(1759,467,466,1298660669),(1760,467,366,1298660669),(1761,467,464,1298660669),(1762,467,81,1298660669),(1763,467,19,1298660669),(1764,467,196,1298660669),(1765,467,89,1298660669),(1766,467,66,1298660669),(1767,467,46,1298660669),(1768,467,140,1298660669),(1769,467,124,1298660669),(1770,467,271,1298660669),(1771,467,72,1298660669),(1772,467,253,1298660669),(1773,467,205,1298660669),(1774,467,91,1298660669),(1775,467,415,1298660669),(1776,467,320,1298660669),(1777,467,188,1298660669),(1778,467,215,1298660669),(1779,467,243,1298660669),(1780,469,362,1298736945),(1781,469,360,1298736945),(1782,469,81,1298736945),(1783,469,19,1298736945),(1784,469,196,1298736945),(1785,469,89,1298736945),(1786,469,66,1298736945),(1787,469,46,1298736945),(1788,469,140,1298736945),(1789,469,124,1298736945),(1790,469,271,1298736945),(1791,469,72,1298736945),(1792,469,163,1298736945),(1793,469,387,1298736945),(1794,469,50,1298736945),(1795,469,264,1298736945),(1796,469,215,1298736945),(1797,469,40,1298736945),(1798,469,424,1298736945),(1799,469,174,1298736945),(1800,469,363,1298736945),(1801,469,356,1298736945),(1802,472,81,1298875085),(1803,472,19,1298875085),(1804,472,196,1298875085),(1805,472,89,1298875085),(1806,473,381,1298877443),(1807,473,81,1298877443),(1808,473,19,1298877443),(1809,473,196,1298877443),(1810,473,89,1298877443),(1811,473,66,1298877443),(1812,473,46,1298877443),(1813,473,140,1298877443),(1814,473,124,1298877443),(1815,473,271,1298877443),(1816,473,72,1298877443),(1817,473,190,1298877443),(1818,473,350,1298877443),(1819,473,257,1298877443),(1820,473,317,1298877443),(1821,473,197,1298877443),(1822,473,223,1298877443),(1823,473,296,1298877443),(1824,473,336,1298877443),(1825,473,178,1298877443),(1826,474,385,1298958145),(1827,474,365,1298958145),(1828,474,471,1298958145),(1829,474,389,1298958145),(1830,474,374,1298958145),(1831,474,411,1298958145),(1832,474,368,1298958145),(1833,474,386,1298958145),(1834,474,370,1298958145),(1835,474,81,1298958145),(1836,474,19,1298958145),(1837,474,196,1298958145),(1838,474,89,1298958145),(1839,474,66,1298958145),(1840,474,46,1298958145),(1841,474,140,1298958145),(1842,474,124,1298958145),(1843,474,271,1298958145),(1844,474,72,1298958145),(1845,474,460,1298958145),(1846,474,229,1298958145),(1847,474,158,1298958145),(1848,474,354,1298958145),(1849,474,32,1298958145),(1850,474,170,1298958145),(1851,474,459,1298958145),(1852,474,440,1298958145),(1853,474,217,1298958145),(1854,475,427,1298959699),(1855,475,81,1298959699),(1856,475,19,1298959699),(1857,475,196,1298959699),(1858,475,89,1298959699),(1859,475,66,1298959699),(1860,475,46,1298959699),(1861,475,140,1298959699),(1862,475,124,1298959699),(1863,475,271,1298959699),(1864,475,218,1298959699),(1865,475,115,1298959699),(1866,475,56,1298959699),(1867,475,69,1298959699),(1868,475,253,1298959699),(1869,475,156,1298959699),(1870,475,48,1298959699),(1871,475,85,1298959699),(1872,475,174,1298959699),(1873,475,209,1298959699),(1874,476,384,1299029957),(1875,476,376,1299029957),(1876,476,465,1299029957),(1877,476,442,1299029957),(1878,476,81,1299029957),(1879,476,19,1299029957),(1880,476,196,1299029957),(1881,476,89,1299029957),(1882,476,66,1299029957),(1883,476,46,1299029957),(1884,476,140,1299029957),(1885,476,124,1299029957),(1886,476,271,1299029957),(1887,476,72,1299029957),(1888,476,360,1299029957),(1889,476,211,1299029957),(1890,476,41,1299029957),(1891,476,146,1299029957),(1892,476,296,1299029957),(1893,476,458,1299029957),(1894,476,67,1299029957),(1895,476,318,1299029957),(1896,476,279,1299029957),(1897,478,423,1299129728),(1898,478,81,1299129728),(1899,478,19,1299129728),(1900,478,196,1299129728),(1901,478,89,1299129728),(1902,478,66,1299129728),(1903,478,46,1299129728),(1904,478,140,1299129728),(1905,478,124,1299129728),(1906,478,271,1299129728),(1907,478,72,1299129728),(1908,478,272,1299129728),(1909,478,194,1299129728),(1910,478,158,1299129728),(1911,478,449,1299129728),(1912,478,113,1299129728),(1913,478,160,1299129728),(1914,478,167,1299129728),(1915,478,41,1299129728),(1916,478,163,1299129728),(1917,479,442,1299182074),(1918,479,376,1299182074),(1919,479,465,1299182074),(1920,479,476,1299182074),(1921,479,384,1299182074),(1922,479,81,1299182074),(1923,479,19,1299182074),(1924,479,196,1299182074),(1925,479,89,1299182074),(1926,479,66,1299182074),(1927,479,46,1299182074),(1928,479,140,1299182074),(1929,479,124,1299182074),(1930,479,271,1299182074),(1931,479,72,1299182074),(1932,479,102,1299182074),(1933,479,407,1299182074),(1934,479,347,1299182074),(1935,479,330,1299182074),(1936,479,217,1299182074),(1937,479,183,1299182074),(1938,479,252,1299182074),(1939,479,189,1299182074),(1940,479,325,1299182074),(1941,480,447,1299554275),(1942,480,433,1299554275),(1943,480,464,1299554275),(1944,480,373,1299554275),(1945,480,451,1299554275),(1946,480,399,1299554275),(1947,480,387,1299554275),(1948,480,453,1299554275),(1949,480,459,1299554275),(1950,480,366,1299554275),(1951,480,466,1299554275),(1952,480,406,1299554275),(1953,480,435,1299554275),(1954,480,396,1299554275),(1955,480,81,1299554275),(1956,480,19,1299554275),(1957,480,196,1299554275),(1958,480,89,1299554275),(1959,480,66,1299554275),(1960,480,46,1299554275),(1961,480,140,1299554275),(1962,480,124,1299554275),(1963,480,271,1299554275),(1964,480,72,1299554275),(1965,480,291,1299554275),(1966,480,410,1299554275),(1967,480,253,1299554275),(1968,480,306,1299554275),(1969,480,45,1299554275),(1970,480,354,1299554275),(1971,480,376,1299554275),(1972,480,64,1299554275),(1973,480,268,1299554275),(1974,481,376,1299568094),(1975,481,442,1299568094),(1976,481,476,1299568094),(1977,481,465,1299568094),(1978,481,479,1299568094),(1979,481,384,1299568094),(1980,481,81,1299568094),(1981,481,19,1299568094),(1982,481,196,1299568094),(1983,481,89,1299568094),(1984,481,66,1299568094),(1985,481,46,1299568094),(1986,481,140,1299568094),(1987,481,124,1299568094),(1988,481,271,1299568094),(1989,481,72,1299568094),(1990,481,247,1299568094),(1991,481,402,1299568094),(1992,481,335,1299568094),(1993,481,47,1299568094),(1994,481,389,1299568094),(1995,481,254,1299568094),(1996,481,131,1299568094),(1997,481,332,1299568094),(1998,481,221,1299568094),(1999,482,481,1299591808),(2000,482,476,1299591808),(2001,482,442,1299591808),(2002,482,376,1299591808),(2003,482,465,1299591808),(2004,482,384,1299591808),(2005,482,479,1299591808),(2006,482,81,1299591808),(2007,482,19,1299591808),(2008,482,196,1299591808),(2009,482,89,1299591808),(2010,482,66,1299591808),(2011,482,46,1299591808),(2012,482,140,1299591808),(2013,482,124,1299591808),(2014,482,271,1299591808),(2015,482,72,1299591808),(2016,482,295,1299591808),(2017,482,195,1299591808),(2018,482,458,1299591808),(2019,482,104,1299591809),(2020,482,299,1299591809),(2021,482,291,1299591809),(2022,482,97,1299591809),(2023,482,475,1299591809),(2024,482,327,1299591809),(2025,482,331,1299591809),(2026,483,382,1299595220),(2027,483,397,1299595220),(2028,483,405,1299595220),(2029,483,425,1299595220),(2030,483,426,1299595220),(2031,483,81,1299595220),(2032,483,19,1299595220),(2033,483,196,1299595220),(2034,483,89,1299595220),(2035,483,66,1299595220),(2036,483,46,1299595220),(2037,483,140,1299595220),(2038,483,124,1299595220),(2039,483,271,1299595220),(2040,483,72,1299595220),(2041,483,58,1299595220),(2042,483,383,1299595220),(2043,483,421,1299595220),(2044,483,463,1299595220),(2045,483,433,1299595220),(2046,483,348,1299595220),(2047,483,304,1299595220),(2048,483,284,1299595220),(2049,483,68,1299595220),(2050,483,370,1299595220),(2051,470,81,1299941994),(2052,489,403,1300176157),(2053,489,408,1300176157),(2054,489,425,1300176157),(2055,489,427,1300176157),(2056,489,438,1300176157),(2057,489,356,1300176157),(2058,489,444,1300176157),(2059,489,480,1300176157),(2060,489,463,1300176157),(2061,489,378,1300176157),(2062,489,475,1300176157),(2063,489,361,1300176157),(2064,489,451,1300176157),(2065,489,389,1300176157),(2066,489,472,1300176157),(2067,489,450,1300176157),(2068,489,460,1300176157),(2069,489,471,1300176157),(2070,489,414,1300176157),(2071,489,376,1300176157),(2072,489,81,1300176157),(2073,489,19,1300176157),(2074,489,196,1300176157),(2075,489,89,1300176157),(2076,489,66,1300176157),(2077,489,46,1300176157),(2078,489,140,1300176157),(2079,489,124,1300176157),(2080,489,271,1300176157),(2081,489,72,1300176157),(2082,489,339,1300176157),(2083,489,446,1300176157),(2084,489,173,1300176157),(2085,489,432,1300176157),(2086,489,75,1300176157),(2087,489,312,1300176157),(2088,489,264,1300176157),(2089,489,161,1300176157),(2090,489,195,1300176157),(2091,489,481,1300176157),(2092,500,46,1300801831),(2093,81,19,1300849563),(2094,504,124,1301028766),(2095,539,379,1303019149),(2096,539,369,1303019149),(2097,539,394,1303019149),(2098,539,392,1303019149),(2099,539,448,1303019149),(2100,539,399,1303019149),(2101,539,428,1303019150),(2102,539,364,1303019150),(2103,539,366,1303019150),(2104,539,408,1303019150),(2105,539,421,1303019150),(2106,539,397,1303019150),(2107,539,443,1303019150),(2108,539,464,1303019150),(2109,539,196,1303019150),(2110,539,457,1303019150),(2111,539,456,1303019150),(2112,539,384,1303019150),(2113,539,476,1303019150),(2114,539,477,1303019150),(2115,539,81,1303019150),(2116,539,19,1303019150),(2117,539,89,1303019150),(2118,539,66,1303019150),(2119,539,46,1303019150),(2120,539,124,1303019150),(2121,539,140,1303019150),(2122,539,271,1303019150),(2123,539,72,1303019150),(2124,539,280,1303019150),(2125,539,212,1303019150),(2126,539,152,1303019150),(2127,539,173,1303019150),(2128,539,144,1303019150),(2129,539,270,1303019150),(2130,539,47,1303019150),(2131,539,380,1303019150),(2132,539,215,1303019150),(2133,539,290,1303019150),(2134,554,81,1303668780),(2135,511,19,1304330494),(2136,19,366,1305101084),(2137,19,436,1305101084),(2138,19,41,1305101084),(2139,19,297,1305101084),(2140,19,427,1305101084),(2141,19,566,1305101084),(2142,19,253,1305101084),(2143,19,115,1305101084),(2144,19,185,1305101084),(2145,19,47,1305101084);

/*Table structure for table `iw_comment` */

DROP TABLE IF EXISTS `iw_comment`;

CREATE TABLE `iw_comment` (
  `commentId` int(10) unsigned NOT NULL AUTO_INCREMENT,
  `userId` int(10) unsigned NOT NULL,
  `title` varchar(255) NOT NULL,
  `parentId` int(10) unsigned NOT NULL,
  `topicId` int(10) unsigned NOT NULL,
  `time` int(10) NOT NULL,
  `status` tinyint(1) NOT NULL,
  `home` varchar(30) DEFAULT NULL,
  `address` varchar(20) DEFAULT NULL,
  PRIMARY KEY (`commentId`)
) ENGINE=MyISAM AUTO_INCREMENT=868 DEFAULT CHARSET=utf8;

/*Data for the table `iw_comment` */

insert  into `iw_comment`(`commentId`,`userId`,`title`,`parentId`,`topicId`,`time`,`status`,`home`,`address`) values (40,45,'.',138,0,1280137142,1,'0538sd',NULL),(39,45,'',142,0,1280137190,1,'0538sd',NULL),(38,19,'',142,0,1280137008,1,'admin',''),(37,19,'',138,0,1280137034,1,'admin',''),(36,19,'',125,0,1280133591,1,'admin',''),(35,40,'~~',87,0,1280128847,1,'mengzc',''),(33,19,'',120,0,1280121779,1,'admin',''),(34,19,'',121,0,1280121835,1,'admin',''),(32,19,'!',107,0,1279765621,1,'admin',''),(31,19,'7',87,0,1278819922,1,'admin',''),(30,19,'',91,0,1278731374,1,'admin',''),(29,19,'~!',88,0,1278689240,1,'admin',''),(41,19,'!',142,0,1280138249,1,'admin',''),(42,19,'',149,0,1280138286,1,'admin',''),(43,19,'',148,0,1280139149,1,'admin',''),(44,19,'?',138,0,1280139203,1,'admin',''),(45,47,'',93,0,1280142737,1,'kunkunboy',NULL),(46,19,'!',155,0,1280153991,1,'admin',''),(47,46,'Q85713118',155,0,1280156924,1,'winkey',''),(48,19,'readme.txt!',166,0,1280210302,1,'admin',''),(49,49,'!!install.php!!!!!!',166,0,1280210722,1,'indounet',''),(50,51,'?',104,0,1280220452,1,'fishman',NULL),(51,19,'',171,0,1280222766,1,'admin',''),(52,19,'/index.php/install',166,0,1280222786,1,'admin',''),(53,53,'(',166,0,1280243614,1,'kyzora',NULL),(54,49,'..+QQ:30991447..:,',166,0,1280278704,1,'indounet',''),(55,19,'1www/conf/config.php2yourdomain.com/index.php/install',166,0,1280284251,1,'admin',''),(56,19,'pathinfoIIS6',166,0,1280284318,1,'admin',''),(57,19,'ThinkPHP',175,0,1280284349,1,'admin',''),(58,19,'conf/config.phpdebugtrue!',175,0,1280284410,1,'admin',''),(70,75,'__ROOT__/index.php',238,0,1280818256,1,'silicon','ADSL'),(60,19,'www.thinkphp.cn',183,0,1280382480,1,'admin',''),(61,19,'MSNdadengmsn@live.com',198,0,1280410587,1,'admin',''),(62,19,'?',211,0,1280477749,1,'admin',''),(63,19,'',213,0,1280551817,1,'admin',''),(64,68,'+qq564642553thanks~~~',166,0,1280576913,1,'opentk',NULL),(65,19,'',219,0,1280582975,1,'admin',''),(66,19,'',223,0,1280717818,1,'admin',''),(67,19,'404www/conf/config.phpdebug=true!',224,0,1280717887,1,'admin',''),(68,19,'',228,0,1280730361,1,'admin',''),(69,19,'www/runtime/log.log.log',228,0,1280730400,1,'admin',''),(71,19,'/',238,0,1280831801,1,'admin',''),(72,19,'AJAX',239,0,1280831860,1,'admin',''),(73,19,'AJAX',239,0,1280831914,1,'admin',''),(74,19,'',240,0,1280833432,1,'admin',''),(75,19,'index.php',238,70,1280833552,1,'admin',''),(76,19,'AJAX',241,0,1280852523,1,'admin',''),(77,19,'56.swfMP3',242,0,1280900392,1,'admin',''),(78,54,'',244,0,1280913007,1,'teamo01',''),(79,19,'http://v.youku.com/v_show/id_XMTkzODE0NDY4.ht$$',244,0,1280916332,1,'admin',''),(80,78,'~',247,0,1281024280,1,'meburn',''),(81,54,'',247,0,1281025723,1,'teamo01',''),(82,54,'',247,0,1281025746,1,'teamo01',''),(83,72,'',247,0,1281058308,1,'yulequan',''),(84,78,'`',247,0,1281065158,1,'meburn',''),(85,19,'!',247,84,1281067234,1,'admin',''),(86,19,'QQ:81801232',250,0,1281068631,1,'admin',''),(87,78,'QQ~',251,0,1281070183,1,'meburn',''),(88,19,'',255,0,1281076160,1,'admin',''),(89,19,'81801232',251,87,1281077174,1,'admin',''),(90,83,'2.0',255,0,1281081240,1,'demodemo','()ADSL'),(91,72,'BUG',255,0,1281143534,1,'yulequan',''),(92,19,'UC',258,0,1281157962,1,'admin',''),(93,19,'',255,0,1281158041,1,'admin',''),(94,91,'',247,0,1281167657,1,'jackeyery',''),(95,50,'',247,0,1281174959,1,'111111',''),(96,19,'flash',267,0,1281176311,1,'admin',''),(97,19,'',264,0,1281176331,1,'admin',''),(98,19,'UC',262,0,1281176388,1,'admin',''),(99,93,'...',271,0,1281180339,1,'halulu',''),(100,93,'',255,88,1281181790,1,'halulu',''),(101,19,'20032008index.phpconfig.phpURL_MODE=2',274,0,1281183382,1,'admin',''),(102,19,'',278,0,1281183465,1,'admin',''),(103,19,'',282,0,1281235486,1,'admin',''),(104,19,'',283,0,1281235501,1,'admin',''),(105,72,'PHPhttp://o-yule.com/iProber.php',274,101,1281236323,1,'yulequan',''),(106,19,'',285,0,1281241257,1,'admin',''),(107,19,'',291,0,1281279433,1,'admin',''),(108,107,'QQ54741902',295,0,1281409952,1,'redlike','()'),(109,19,'www\\runtime',296,0,1281437490,1,'admin',''),(110,19,'apmservPHP',295,0,1281437515,1,'admin',''),(111,49,'..&quot;&quot;..QQ:30991447(:)',296,0,1281439577,1,'indounet',''),(112,19,'',296,0,1281440475,1,'admin',''),(113,89,'',301,0,1281518076,1,'dalang',''),(114,19,'',298,0,1281524864,1,'admin',''),(115,19,'QQ489',299,0,1281524920,1,'admin',''),(116,19,'',300,0,1281524968,1,'admin',''),(117,19,'sina',301,0,1281524993,1,'admin',''),(118,89,'UC',299,0,1281534172,1,'dalang',''),(119,19,'0.6&quot;&quot;',299,118,1281536264,1,'admin',''),(120,19,'URL',299,0,1281536818,1,'admin',''),(121,19,'default/public/header.ht$$',302,0,1281582391,1,'admin',''),(122,111,'',302,121,1281583750,1,'o553com','ADSL'),(123,19,'config.phpURL_MODE=&gt;2',305,0,1281600928,1,'admin',''),(124,19,'lighttpd',305,0,1281600958,1,'admin',''),(125,19,'OK',307,0,1281602121,1,'admin',''),(126,19,'QQ',307,0,1281604503,1,'admin',''),(127,89,'',312,0,1281611145,1,'dalang',''),(128,89,'',312,127,1281611154,1,'dalang',''),(129,19,'',317,0,1281614486,1,'admin',''),(130,19,'',316,0,1281614516,1,'admin',''),(131,19,'UCOK',314,0,1281614545,1,'admin',''),(132,19,'',313,0,1281614563,1,'admin',''),(133,19,'',311,0,1281614620,1,'admin',''),(134,19,'',308,0,1281614706,1,'admin',''),(135,19,'',319,0,1281620942,1,'admin',''),(136,19,'',320,0,1281620971,1,'admin',''),(137,19,'',321,0,1281621448,1,'admin',''),(138,113,'',305,0,1281668771,1,'zjs0803',''),(139,89,'',328,0,1281700290,1,'dalang',''),(140,89,'',329,0,1281700508,1,'dalang',''),(141,89,'',328,0,1281700514,1,'dalang',''),(142,89,'',327,0,1281700568,1,'dalang',''),(143,19,'SWF',328,0,1281702961,1,'admin',''),(144,19,'',332,0,1281703000,1,'admin',''),(145,19,'(42.gif)(42.gif)',331,0,1281703138,1,'admin',''),(146,19,'(13.gif)FFIECSS',327,0,1281703216,1,'admin',''),(147,89,'FLASH',333,0,1281705580,1,'dalang',''),(148,89,'FLASH',328,143,1281705625,1,'dalang',''),(149,19,'',333,0,1281708661,1,'admin',''),(150,89,'',334,0,1281711508,1,'dalang',''),(151,89,'(2.gif)',329,0,1281712174,1,'dalang',''),(152,19,'(13.gif)',334,0,1281716510,1,'admin',''),(153,119,'',341,0,1281856123,1,'lsilas',''),(154,19,'',346,0,1281863350,1,'admin',''),(155,19,'',347,0,1281863387,1,'admin',''),(156,19,'!(42.gif)',348,0,1281863424,1,'admin',''),(157,89,'',346,154,1281864181,1,'dalang',''),(158,19,'BUG',349,0,1281864255,1,'admin',''),(159,19,'',346,0,1281864501,1,'admin',''),(160,89,'Ucenter',350,0,1281865755,1,'dalang',''),(161,19,'(32.gif)',347,0,1281865829,1,'admin',''),(162,89,'',347,0,1281866123,1,'dalang',''),(163,19,'BBS',347,0,1281866253,1,'admin',''),(164,19,'',350,0,1281866460,1,'admin',''),(165,89,'',347,0,1281869619,1,'dalang',''),(166,89,'#',352,0,1281870882,1,'dalang',''),(167,89,'',352,0,1281870965,1,'dalang',''),(168,19,'0.6UC',351,0,1281871100,1,'admin',''),(169,19,'',352,0,1281871304,1,'admin',''),(170,19,'',352,0,1281871499,1,'admin',''),(171,19,'BLOG,!',347,0,1281871915,1,'admin',''),(172,89,'QQ',352,0,1281873730,1,'dalang',''),(173,89,'06UC',351,0,1281874969,1,'dalang',''),(174,19,'(13.gif)',351,0,1281877390,1,'admin',''),(175,19,'(13.gif)',352,0,1281877406,1,'admin',''),(176,89,'0.6',351,0,1281878621,1,'dalang',''),(177,19,'BUG0.7',351,0,1281883651,1,'admin',''),(178,19,'',353,0,1281883704,1,'admin',''),(179,19,'',354,0,1281883741,1,'admin',''),(180,89,'0.6',351,0,1281953550,1,'dalang',''),(181,19,'0.7(30.gif)',351,0,1281955314,1,'admin',''),(182,19,'(21.gif)OK',351,0,1281955667,1,'admin',''),(183,89,'',355,0,1281956072,1,'dalang',''),(184,89,'UC0.7',351,0,1281956209,1,'dalang',''),(205,19,'',360,0,1281959404,1,'admin',''),(207,19,'7URL',359,0,1281966195,1,'admin',''),(206,19,'0.67',361,0,1281965843,1,'admin',''),(199,89,'',356,0,1281957001,1,'dalang',''),(200,19,'BUGURL',358,0,1281957386,1,'admin',''),(201,19,'',356,0,1281957427,1,'admin',''),(202,19,'0.60.7UC',351,0,1281957556,1,'admin',''),(203,89,'',356,201,1281957650,1,'dalang',''),(204,19,'',359,0,1281958121,1,'admin',''),(208,19,'(7.gif)UI',363,0,1281974119,1,'admin',''),(209,19,'(13.gif)!',364,0,1282017749,1,'admin',''),(210,89,'HOHO',365,0,1282031539,1,'dalang',''),(211,19,'(13.gif)',365,0,1282034834,1,'admin',''),(212,19,'(42.gif)',371,0,1282108570,1,'admin',''),(214,19,'(42.gif)',375,0,1282132763,1,'admin',''),(215,19,'',378,0,1282136803,1,'admin',''),(216,89,'QQ',378,0,1282141211,1,'dalang',''),(217,19,'(13.gif)',378,0,1282148717,1,'admin',''),(218,19,'ing...',379,0,1282148743,1,'admin',''),(219,103,'(18.gif)sddddddddddd',386,0,1282202245,1,'ouyang',''),(220,103,'(3.gif)',381,0,1282202255,1,'ouyang',''),(221,19,'(13.gif)',387,0,1282211961,1,'admin',''),(222,19,'0.7',384,0,1282211987,1,'admin',''),(223,124,'UIqq',388,0,1282223778,1,'hongbin',''),(224,19,'(42.gif)',388,0,1282235292,1,'admin',''),(225,89,'',395,0,1282284093,1,'dalang',''),(226,81,'',365,0,1282293842,1,'sushehao',''),(227,19,'0.7',399,0,1282303665,1,'admin',''),(228,19,'',395,0,1282303784,1,'admin',''),(229,19,'4',391,0,1282303862,1,'admin',''),(230,19,'(21.gif)',404,0,1282320147,1,'admin',''),(231,19,'',401,0,1282320169,1,'admin',''),(232,81,'',365,0,1282352132,1,'sushehao',''),(233,93,'UC',351,202,1282372498,1,'halulu',''),(234,81,'windows',412,0,1282391514,1,'sushehao',''),(235,81,'OK',411,0,1282391525,1,'sushehao',''),(236,81,'',351,0,1282391596,1,'sushehao',''),(237,19,'(13.gif)',408,0,1282452257,1,'admin',''),(238,19,'IPIP',409,0,1282452312,1,'admin',''),(239,19,'runtime',420,0,1282452388,1,'admin',''),(240,19,'MSNQQ',417,0,1282452447,1,'admin',''),(241,19,'',423,0,1282465206,1,'admin',''),(242,19,'conf/config.phpURL_model=&gt;2//',424,0,1282465274,1,'admin',''),(243,19,'',426,0,1282465327,1,'admin',''),(244,19,'MP3(13.gif)',427,0,1282465362,1,'admin',''),(245,19,'',428,0,1282465383,1,'admin',''),(246,19,'blogAction.class.php',429,0,1282465428,1,'admin',''),(247,19,'tpl/default/header.html',433,0,1282469922,1,'admin',''),(248,19,'UI9',432,0,1282469947,1,'admin',''),(249,72,'//',424,242,1282476897,1,'yulequan',''),(250,72,'',423,241,1282476986,1,'yulequan',''),(251,49,'(38.gif),!',433,0,1282484762,1,'indounet',''),(252,19,'',433,0,1282487288,1,'admin',''),(253,19,'404',424,0,1282487909,1,'admin',''),(254,19,'',436,0,1282489111,1,'admin',''),(255,124,'UI',434,0,1282548330,1,'hongbin',''),(256,140,'',434,0,1282611672,1,'woai2006',''),(257,140,'ui',434,0,1282611726,1,'woai2006',''),(258,19,'(12.gif)',446,0,1282618334,1,'admin',''),(262,19,'',434,0,1282650985,1,'admin',''),(263,114,'(0.gif)',426,0,1282686971,1,'my01bb',''),(264,146,'(0.gif)',462,0,1282715362,1,'joyfallc',''),(265,19,'',462,0,1282787309,1,'admin',''),(266,149,'0.6googlekey,',354,0,1282873051,1,'gogogo',''),(267,19,'KEY!10S!',465,0,1282885518,1,'admin',''),(268,149,'',465,0,1282888188,1,'gogogo',''),(269,19,'',465,0,1282921225,1,'admin',''),(270,19,'(13.gif)',466,0,1282921294,1,'admin',''),(271,19,'(21.gif)API',467,0,1282921317,1,'admin',''),(272,152,'utf-8',434,0,1282973783,1,'abc6366',''),(273,19,'UTF8GB2312',434,0,1283009512,1,'admin',''),(274,19,'URL',475,0,1283230460,1,'admin',''),(275,163,'404,3,,',365,0,1283332265,1,'reg0901','functiontestforbanne'),(276,163,'',482,0,1283332523,1,'reg0901','functiontestforbanne'),(277,19,'',482,0,1283342110,1,'admin',''),(278,81,'UI',434,0,1283433493,1,'sushehao',''),(279,81,'',149,0,1283434188,1,'sushehao',''),(280,81,'',149,42,1283434211,1,'sushehao',''),(281,134,'',491,0,1283438434,1,'xikebbs',''),(282,19,'0.7',491,0,1283442856,1,'admin',''),(283,19,'',486,0,1283442981,1,'admin',''),(284,19,'UI',434,0,1283443157,1,'admin',''),(286,81,'nibujuedeqiangzhifenleihenwuliaoma?',491,281,1283486233,1,'sushehao',''),(287,19,'N0.7..........',491,0,1283569198,1,'admin',''),(288,19,'',498,0,1283669570,1,'admin',''),(289,19,'0.7UI',494,0,1283669592,1,'admin',''),(290,19,'JS',500,0,1283945521,1,'admin',''),(291,160,'',475,0,1283996442,1,'zrmoblog',''),(292,19,'',505,0,1284032592,1,'admin',''),(293,19,'',507,0,1284197053,1,'admin',''),(294,19,'',506,0,1284197070,1,'admin',''),(295,140,'',506,294,1284200115,1,'woai2006',''),(296,19,'UI',510,0,1284206511,1,'admin',''),(297,19,'',508,0,1284206548,1,'admin',''),(298,19,'tpl/default/public/header.html',512,0,1284265300,1,'admin',''),(299,19,'CMYK',511,0,1284265322,1,'admin',''),(300,140,'',511,299,1284356772,1,'woai2006',''),(301,19,'',511,0,1284379995,1,'admin',''),(302,174,'',434,0,1284627728,1,'icanican',''),(303,174,'140',434,0,1284628789,1,'icanican',''),(304,174,'google',434,0,1284629613,1,'icanican',''),(305,174,'',434,0,1284630135,1,'icanican',''),(306,19,'',434,0,1284784618,1,'admin',''),(307,19,'',527,0,1285334923,1,'admin',''),(308,19,'(47.gif)(47.gif)',528,0,1285334946,1,'admin',''),(309,19,'',530,0,1285597192,1,'admin',''),(310,186,'',434,0,1285602201,1,'skyper',''),(311,104,'(26.gif)',528,0,1285813448,1,'icebin',''),(312,193,'(1.gif)',523,0,1286023683,1,'342396562','()ADSL'),(313,19,'(42.gif)',547,0,1286428706,1,'admin',''),(314,49,'!!!UI..............',547,0,1286453006,1,'indounet',''),(315,49,'..!',547,0,1286453139,1,'indounet',''),(316,19,'(42.gif) ',551,0,1286461702,1,'admin',''),(317,124,'',547,313,1286463233,1,'hongbin',''),(318,89,'(3.gif)',557,0,1286463792,1,'dalang',''),(319,50,'(26.gif)',561,0,1286537350,1,'111111',''),(320,79,'(14.gif) ',567,0,1286555806,1,'249486659',''),(321,19,'(42.gif) FLASH',568,0,1286642531,1,'admin',''),(322,19,'(8.gif) ',569,0,1286689042,1,'admin',''),(323,19,'!',570,0,1286702052,1,'admin',''),(330,19,'(20.gif) SINA',576,0,1286723516,1,'admin',''),(329,46,'JO(_)O~',569,322,1286720319,1,'winkey',''),(327,201,'',571,0,1286717128,1,'dragonaog',''),(328,19,'',574,0,1286717746,1,'admin',''),(331,46,'',576,330,1286723874,1,'winkey',''),(332,19,'(28.gif) XX',579,0,1286724375,1,'admin',''),(333,46,' ^_^ ',579,332,1286724702,1,'winkey',''),(334,46,' www.5ixm.net ',581,0,1286725047,1,'winkey',''),(335,19,' ',581,334,1286725965,1,'admin',''),(336,46,'^_^',581,334,1286726411,1,'winkey',''),(337,19,'OK',581,0,1286726433,1,'admin',''),(338,46,'O(_)O~ ',581,337,1286726619,1,'winkey',''),(339,19,'(8.gif)',582,0,1286726713,1,'admin',''),(340,19,'',587,0,1286844213,1,'admin',''),(341,201,'V6',587,0,1286862870,1,'dragonaog',''),(342,201,'V6',587,340,1286862921,1,'dragonaog',''),(343,19,' ',587,0,1286885351,1,'admin',''),(344,19,'',589,0,1286885369,1,'admin',''),(345,81,'UI',434,255,1286889537,1,'sushehao',''),(346,81,'',434,257,1286889567,1,'sushehao',''),(347,19,'....',604,0,1286891468,1,'admin',''),(348,19,'(34.gif)',611,0,1286901581,1,'admin',''),(349,19,'',611,0,1286901633,1,'admin',''),(350,66,'',612,0,1286930806,1,'dxkdxk',''),(351,81,'',613,0,1286941432,1,'sushehao',''),(352,81,'',612,0,1286941480,1,'sushehao',''),(353,81,'UI ',609,0,1286941511,1,'sushehao',''),(354,81,'',617,0,1286952570,1,'sushehao',''),(355,19,'',621,0,1286976146,1,'admin',''),(356,19,'(2.gif)  ',624,0,1286985068,1,'admin',''),(357,81,'',624,0,1287017459,1,'sushehao',''),(358,198,'0.8',624,0,1287022990,1,'maoxiaobing',''),(359,46,'12345678',629,0,1287038346,1,'winkey',''),(360,19,'(47.gif) ',631,0,1287045174,1,'admin',''),(361,196,'',632,0,1287049817,1,'yizhizaipao',''),(362,196,'',632,0,1287049863,1,'yizhizaipao',''),(363,196,'',632,0,1287049914,1,'yizhizaipao',''),(364,19,' ',641,0,1287057232,1,'admin',''),(365,19,'',636,0,1287057264,1,'admin',''),(366,19,'(42.gif) ',635,0,1287057282,1,'admin',''),(367,66,'(13.gif) ',636,0,1287057705,1,'dxkdxk',''),(368,19,'',642,0,1287057828,1,'admin',''),(369,19,' (40.gif)',644,0,1287059375,1,'admin',''),(370,19,'',647,0,1287065418,1,'admin',''),(371,204,'',647,0,1287066209,1,'emoily',''),(372,66,'.........................',638,0,1287066400,1,'dxkdxk',''),(373,204,'',648,0,1287066441,1,'emoily',''),(374,204,'(29.gif)',351,0,1287066898,1,'emoily',''),(375,19,' ',647,0,1287067217,1,'admin',''),(376,19,'NB...',652,0,1287070153,1,'admin',''),(377,46,'   EMS  400-8883900 ',656,0,1287073288,1,'winkey',''),(378,46,'',656,0,1287073340,1,'winkey',''),(379,46,'BTWO(_)O~ BO(_)O',656,0,1287073349,1,'winkey',''),(382,46,'',659,0,1287125883,1,'winkey',''),(383,19,' ~',661,0,1287153715,1,'admin',''),(384,81,'',661,383,1287191048,1,'sushehao',''),(385,19,'~(30.gif)',664,0,1287202306,1,'admin',''),(386,210,'',664,0,1287203924,1,'beesns',''),(387,210,'',255,0,1287204070,1,'beesns',''),(388,210,'~',255,93,1287204111,1,'beesns',''),(389,205,'beesns ',664,0,1287208164,1,'',''),(390,81,'',664,0,1287229475,1,'sushehao',''),(391,19,'2',664,386,1287233627,1,'admin',''),(392,19,' ~',673,0,1287408609,1,'admin',''),(393,205,'',679,0,1287462738,1,'',''),(394,19,'QX ',679,0,1287477351,1,'admin',''),(395,219,'',677,0,1287492010,1,'vivian',''),(396,219,'',683,0,1287492751,1,'vivian',''),(408,223,'UI',693,407,1287647446,1,'leemin',''),(398,219,'(2.gif)',682,0,1287493728,1,'vivian',''),(399,219,'(6.gif)',683,0,1287497362,1,'vivian',''),(400,19,'~(42.gif)',678,0,1287502365,1,'admin',''),(401,19,'~',686,0,1287534271,1,'admin',''),(409,223,'UI',434,0,1287649069,1,'leemin',''),(410,19,'~',710,0,1287673426,1,'admin',''),(406,81,'',679,0,1287558838,1,'sushehao',''),(407,19,'(41.gif) N',693,0,1287567724,1,'admin',''),(411,19,'~',721,0,1287707751,1,'admin',''),(412,198,'(27.gif)',717,0,1287734606,1,'maoxiaobing',''),(413,226,'HI BABY',721,0,1287741150,1,'civicit',''),(414,226,'wow',717,0,1287741223,1,'civicit',''),(415,19,' ',726,0,1287746197,1,'admin',''),(416,19,'0.6  .',730,0,1287821397,1,'admin',''),(417,19,' ~',732,0,1287826974,1,'admin',''),(418,19,'0.7 0.6 ~',733,0,1287826989,1,'admin',''),(419,19,'~',738,0,1287839798,1,'admin',''),(420,19,'install.php ~',731,0,1287839842,1,'admin',''),(421,19,'~(47.gif) ',746,0,1287843368,1,'admin',''),(422,19,'~',745,0,1287843381,1,'admin',''),(423,19,'~rar zip ~',743,0,1287843409,1,'admin',''),(424,46,'',750,0,1287904069,1,'winkey',''),(425,46,'',748,0,1287904158,1,'winkey',''),(426,46,'O(_)O~',743,0,1287904213,1,'winkey',''),(427,46,'',742,0,1287904230,1,'winkey',''),(428,19,' ~runtime',751,0,1287909967,1,'admin',''),(429,19,'~TP ~~',752,0,1287910000,1,'admin',''),(430,19,'~',753,0,1287926084,1,'admin',''),(435,196,'',748,0,1287934487,1,'yizhizaipao',''),(432,226,'goodwow',753,0,1287927246,1,'civicit',''),(433,196,'',757,0,1287933547,1,'yizhizaipao',''),(434,196,'',748,425,1287934468,1,'yizhizaipao',''),(436,198,'',757,0,1287998735,1,'maoxiaobing',''),(437,81,'',739,0,1288016257,1,'sushehao',''),(438,19,'~N',765,0,1288016823,1,'admin',''),(439,19,'~UChome~',757,0,1288016924,1,'admin',''),(440,196,'',765,0,1288021068,1,'yizhizaipao',''),(441,19,' ~2~',766,0,1288022576,1,'admin',''),(442,138,'beesns',742,0,1288025610,1,'ginnysisichan',''),(443,196,'08',770,0,1288062966,1,'yizhizaipao',''),(444,19,'2  ~',773,0,1288063346,1,'admin',''),(445,196,'OK',612,0,1288065540,1,'yizhizaipao',''),(446,81,'',776,0,1288074236,1,'sushehao',''),(447,81,'',775,0,1288074279,1,'sushehao',''),(448,19,'',789,0,1288092128,1,'admin',''),(449,19,'0.8',776,0,1288092166,1,'admin',''),(450,81,'0.8',789,448,1288140124,1,'sushehao',''),(451,19,'thinkphp~',807,0,1288154107,1,'admin',''),(452,19,'  ~ ',809,0,1288181214,1,'admin',''),(453,19,'~',813,0,1288224876,1,'admin',''),(454,81,'',813,453,1288238362,1,'sushehao',''),(455,81,'',817,0,1288272143,1,'sushehao',''),(456,196,'',818,0,1288281176,1,'yizhizaipao',''),(457,19,'(42.gif)~',820,0,1288312712,1,'admin',''),(458,19,'~',821,0,1288312735,1,'admin',''),(459,19,'0.8 ~(30.gif)',822,0,1288356894,1,'admin',''),(460,19,'~',823,0,1288356912,1,'admin',''),(461,66,'',823,0,1288361621,1,'dxkdxk',''),(462,81,'',828,0,1288400908,1,'sushehao',''),(463,81,',, thinksns2',822,459,1288400958,1,'sushehao',''),(464,124,'thinksns 2.0',844,0,1288407077,1,'hongbin',''),(465,124,'',823,461,1288407154,1,'hongbin',''),(466,19,'UCUC',845,0,1288419321,1,'admin',''),(467,19,' ~',822,0,1288419616,1,'admin',''),(468,19,'A~~',850,0,1288528535,1,'admin',''),(469,81,'QQ',853,0,1288574895,1,'sushehao',''),(470,81,'',850,468,1288574914,1,'sushehao',''),(471,81,'',860,0,1288575547,1,'sushehao',''),(472,19,'index.html~',855,0,1288580765,1,'admin',''),(473,19,'~',862,0,1288580796,1,'admin',''),(474,19,' ~',854,0,1288580807,1,'admin',''),(475,19,'~QQ ~',853,0,1288581038,1,'admin',''),(476,19,'0.8 ~',860,0,1288581103,1,'admin',''),(477,81,'',863,0,1288584208,1,'sushehao',''),(478,81,'',862,473,1288584268,1,'sushehao',''),(479,124,'UI0.7',863,0,1288585907,1,'hongbin',''),(480,19,'~UI~',863,0,1288586362,1,'admin',''),(481,196,'',871,0,1288587220,1,'yizhizaipao',''),(482,19,' IE8  ~',866,0,1288599217,1,'admin',''),(483,19,'MP3~',891,0,1288829889,1,'admin',''),(484,81,'',893,0,1288862086,1,'sushehao',''),(485,19,'~',893,0,1288877307,1,'admin',''),(486,245,'',893,0,1288920779,1,'',''),(487,245,'What ever 3Q~',898,0,1288921258,1,'',''),(488,19,'~(34.gif) ',899,0,1288921495,1,'admin',''),(489,19,'Q ~',898,0,1288921609,1,'admin',''),(490,19,'~',893,0,1288921629,1,'admin',''),(491,19,'~',911,0,1288962317,1,'admin',''),(492,19,'0.8 ',907,0,1288962338,1,'admin',''),(493,81,'',915,0,1289009442,1,'sushehao',''),(494,256,',UTF8?GB2312?',434,273,1289066644,1,'tengxun',''),(495,81,'',918,0,1289123196,1,'sushehao',''),(496,66,'00000000000',922,0,1289125961,1,'dxkdxk',''),(497,81,' ',923,0,1289126900,1,'sushehao',''),(498,66,'',923,497,1289128219,1,'dxkdxk',''),(499,81,'',923,497,1289129152,1,'sushehao',''),(500,245,'',923,0,1289148879,1,'',''),(501,245,'(4.gif)',899,488,1289149009,1,'',''),(502,19,'~~',924,0,1289176257,1,'admin',''),(503,19,'0.8 ~',918,0,1289176625,1,'admin',''),(504,19,'  ',928,0,1289218044,1,'admin',''),(505,81,'',928,504,1289219132,1,'sushehao',''),(506,81,'',347,163,1289219249,1,'sushehao',''),(507,81,'',929,0,1289219629,1,'sushehao',''),(508,19,'~(13.gif)',928,0,1289225849,1,'admin',''),(509,19,' ~rar 7z',923,0,1289225988,1,'admin',''),(510,81,'',935,0,1289259445,1,'sushehao',''),(511,19,'~',935,0,1289262218,1,'admin',''),(512,19,'~(42.gif)',936,0,1289262234,1,'admin',''),(513,19,'~(33.gif)',941,0,1289309203,1,'admin',''),(514,81,'',941,513,1289309379,1,'sushehao',''),(515,19,'  ',953,0,1289435186,1,'admin',''),(516,81,'',955,0,1289534895,1,'sushehao',''),(517,19,'',961,0,1289540158,1,'admin',''),(518,81,'                   ',961,517,1289547440,1,'sushehao',''),(519,19,'~',963,0,1289561765,1,'admin',''),(520,19,'~',964,0,1289561780,1,'admin',''),(521,19,'~',965,0,1289566368,1,'admin',''),(522,19,'BUG~ ',968,0,1289566682,1,'admin',''),(523,19,' ~',970,0,1289567074,1,'admin',''),(524,66,'(27.gif)',970,0,1289567191,1,'dxkdxk',''),(525,19,'~',971,0,1289567636,1,'admin',''),(528,19,'UICSS0.7',976,0,1289638464,1,'admin',''),(529,19,'~',975,0,1289638480,1,'admin',''),(530,81,'',976,528,1289705816,1,'sushehao',''),(531,81,'0.6 ',975,529,1289705855,1,'sushehao',''),(532,81,'',970,0,1289705913,1,'sushehao',''),(533,81,'',969,0,1289705930,1,'sushehao',''),(534,196,'GIF',960,0,1289752556,1,'yizhizaipao',''),(535,196,'',960,0,1289752571,1,'yizhizaipao',''),(536,19,' ~',978,0,1289780829,1,'admin',''),(537,19,'~',981,0,1289866793,1,'admin',''),(538,81,'',981,537,1289873189,1,'sushehao',''),(539,19,' ',985,0,1289879659,1,'admin',''),(540,19,'~',976,0,1289879692,1,'admin',''),(541,81,'TS',985,539,1289904068,1,'sushehao',''),(542,19,'(13.gif) 0.8UI',986,0,1289953532,1,'admin',''),(543,19,' ~(7.gif)',992,0,1289980118,1,'admin',''),(544,81,'',992,543,1289981339,1,'sushehao',''),(545,196,'',994,0,1289997366,1,'yizhizaipao',''),(546,271,'  ',992,0,1289998906,1,'okjoyel',''),(547,81,'2.5thinksns beta',995,0,1289999613,1,'sushehao',''),(548,19,'(42.gif) ',996,0,1290004072,1,'admin',''),(549,19,' ',998,0,1290004096,1,'admin',''),(550,19,'  ',995,0,1290004122,1,'admin',''),(551,271,'www.tongxue.com',998,0,1290007490,1,'okjoyel',''),(552,271,'',998,549,1290007638,1,'okjoyel',''),(553,271,'www.tongxue.com',998,549,1290007669,1,'okjoyel',''),(554,19,'~',998,0,1290049183,1,'admin',''),(555,19,'!',1005,0,1290147337,1,'admin',''),(556,19,'',1004,0,1290147352,1,'admin',''),(557,19,',, ;,,',1008,0,1290177991,1,'admin',''),(558,271,'    ',1008,0,1290181482,1,'okjoyel',''),(559,196,'',1009,0,1290185495,1,'yizhizaipao',''),(560,19,'SWF SWF0.8FLASH',1009,0,1290215721,1,'admin',''),(561,278,'',1005,0,1290280218,1,'liuyiping',''),(562,278,' ',632,0,1290280269,1,'liuyiping',''),(563,19,'.SWF  0.8FLAHS',1019,0,1290307760,1,'admin',''),(564,19,'0.8',1017,0,1290307805,1,'admin',''),(565,81,'',1021,0,1290324523,1,'sushehao',''),(566,19,'QQ122085750',1021,0,1290336799,1,'admin',''),(567,281,'...',1022,0,1290369774,1,'wwwwww',''),(568,196,'',1022,0,1290370375,1,'yizhizaipao',''),(569,196,'',976,0,1290370508,1,'yizhizaipao',''),(570,196,'',434,306,1290371545,1,'yizhizaipao',''),(571,81,'',1034,0,1290401170,1,'sushehao',''),(572,81,'',1029,0,1290401194,1,'sushehao',''),(573,19,'API',1031,0,1290401892,1,'admin',''),(574,19,'',1036,0,1290401918,1,'admin',''),(575,49,'!!!',1040,0,1290472572,1,'indounet',''),(576,19,'(42.gif)',1041,0,1290558440,1,'admin',''),(577,19,' (13.gif)',1049,0,1290644649,1,'admin',''),(578,19,'',1051,0,1290656671,1,'admin',''),(579,19,'BUG0.8',1053,0,1290656684,1,'admin',''),(580,19,'~',1057,0,1290668787,1,'admin',''),(581,19,'',1056,0,1290668821,1,'admin',''),(582,19,'URL',1058,0,1290688535,1,'admin',''),(583,19,'~HOHO',1063,0,1290779000,1,'admin',''),(584,218,'',1062,0,1290836099,1,'wwwwwww',''),(585,218,'ts',1040,0,1290836172,1,'wwwwwww',''),(586,196,'',1062,0,1290839775,1,'yizhizaipao',''),(587,298,'API',434,0,1290996394,1,'faniky',''),(588,19,' !',1076,0,1291090113,1,'admin',''),(589,19,'',1078,0,1291163199,1,'admin',''),(590,300,'',1081,0,1291170144,1,'webb2010',''),(591,19,'FLASH  0.8',1081,0,1291176573,1,'admin',''),(594,19,'~',1076,0,1291249687,1,'admin',''),(593,196,'',1076,0,1291222317,1,'yizhizaipao',''),(595,300,'0.8?',1081,0,1291271876,1,'webb2010',''),(596,19,'',1081,0,1291279432,1,'admin',''),(597,19,'root ',1091,0,1291294822,1,'admin',''),(598,19,'0.8UI~',1094,0,1291354243,1,'admin',''),(599,19,'~ ',1104,0,1291517430,1,'admin',''),(600,81,'',1105,0,1291552208,1,'sushehao',''),(601,19,'',1105,0,1291558196,1,'admin',''),(602,19,'(44.gif) ~',1107,0,1291558226,1,'admin',''),(603,81,'',1107,602,1291626856,1,'sushehao',''),(604,81,'}',1109,0,1291627061,1,'sushehao',''),(605,19,'~',1109,0,1291627919,1,'admin',''),(606,19,' ',1112,0,1291627933,1,'admin',''),(607,196,'',1107,0,1291653540,1,'yizhizaipao',''),(608,196,'',1105,0,1291653562,1,'yizhizaipao',''),(609,19,'AD,(13.gif)',1116,0,1291682172,1,'admin',''),(610,19,'GIF ',1117,0,1291682192,1,'admin',''),(611,19,'0.8',1119,0,1291682243,1,'admin',''),(612,19,'',1116,0,1291682594,1,'admin',''),(613,317,'    ',998,549,1291686364,1,'hapjoy',''),(614,19,'0.9(13.gif)',1120,0,1291688916,1,'admin',''),(615,19,'',1133,0,1291725802,1,'admin',''),(616,320,'APP',1122,0,1291727317,1,'654321',''),(617,320,'1.0',1105,0,1291727379,1,'654321',''),(618,320,'ui',1122,0,1291727870,1,'654321',''),(619,81,'',1133,615,1291728453,1,'sushehao',''),(620,81,'',1134,0,1291728482,1,'sushehao',''),(621,81,'',1121,0,1291728511,1,'sushehao',''),(622,81,'LBS',1120,0,1291728524,1,'sushehao',''),(623,81,'',1122,0,1291728695,1,'sushehao',''),(624,19,'~',1138,0,1291767668,1,'admin',''),(625,19,'0.6',1139,0,1291767720,1,'admin',''),(626,196,'',1136,0,1291798148,1,'yizhizaipao',''),(627,19,'(13.gif)',1140,0,1291801907,1,'admin',''),(628,19,'~',1132,0,1291801928,1,'admin',''),(629,319,'',1133,615,1291811505,1,'suntan',''),(630,19,'<a href=\'/suntan/\' target=\'_blank\' class=\'aboutme\'>@suntan</a> ',1142,0,1291811521,1,'admin',''),(631,19,'',1133,0,1291813428,1,'admin',''),(632,19,'APP ',1122,616,1291813468,1,'admin',''),(633,81,'  @',1142,0,1291945909,1,'sushehao',''),(634,19,'@ ',1142,0,1291959228,1,'admin',''),(635,19,'',1146,0,1291959251,1,'admin',''),(636,271,'(13.gif)',1146,0,1291967763,1,'okjoyel',''),(637,326,'',434,0,1291979424,1,'',''),(638,19,' ',1153,0,1291985560,1,'admin',''),(639,19,'(30.gif)',1149,0,1291985591,1,'admin',''),(640,19,'',1150,0,1291985614,1,'admin',''),(641,326,'',1153,0,1291985916,1,'',''),(642,19,'',1153,0,1291985953,1,'admin',''),(643,19,'~',1146,0,1291985971,1,'admin',''),(644,326,'adminadmindadeng.org',1153,0,1291986076,1,'',''),(645,326,'',1153,0,1291986709,1,'',''),(646,326,'(10.gif)(10.gif)(10.gif)(10.gif)(10.gif)(10.gif)(10.gif)',1153,0,1291986935,1,'',''),(647,326,'',1122,0,1291988305,1,'',''),(648,19,'admin admin',1153,0,1291989596,1,'admin',''),(649,19,'',1164,0,1292051047,1,'admin',''),(650,329,'(25.gif)',1164,0,1292057463,1,'010166',''),(651,19,'',1169,0,1292152726,1,'admin',''),(652,124,'',1122,0,1292209915,1,'hongbin',''),(653,19,'',1172,0,1292223136,1,'admin',''),(654,19,'~IE76',1172,0,1292223325,1,'admin',''),(655,19,'',1174,0,1292223359,1,'admin',''),(656,315,'',498,0,1292232047,1,'',''),(657,19,' ',1180,0,1292286470,1,'admin',''),(658,19,'  ',1181,0,1292286524,1,'admin',''),(659,19,'',1181,0,1292286562,1,'admin',''),(660,330,'API',1122,0,1292393716,1,'ihensy',''),(661,19,'',1183,0,1292411358,1,'admin',''),(662,19,'(13.gif)',1185,0,1292411390,1,'admin',''),(663,330,'1W',1183,0,1292460882,1,'ihensy',''),(664,337,'',1185,0,1292464544,1,'xianfeng',''),(665,49,'(13.gif)',1185,0,1292482250,1,'indounet',''),(666,19,' ~',1185,0,1292482831,1,'admin',''),(667,19,'500',1183,0,1292483001,1,'admin',''),(668,339,'',1122,0,1292738875,1,'gw5070',''),(669,49,'....!!',1185,0,1292744879,1,'indounet',''),(670,19,'  !',1185,0,1292758734,1,'admin',''),(671,19,'',1193,0,1292804841,1,'admin',''),(672,196,'',1193,0,1292840071,1,'yizhizaipao',''),(673,19,'0.8',1193,0,1292853779,1,'admin',''),(674,19,'(30.gif)  ',1199,0,1292853818,1,'admin',''),(675,19,' ',1198,0,1292853846,1,'admin',''),(676,19,'0.8  ',1200,0,1292853893,1,'admin',''),(677,19,'',1201,0,1292853912,1,'admin',''),(678,342,'(2.gif)',434,0,1292855086,1,'realjons',''),(679,341,'',1207,0,1292855632,1,'testxy',''),(680,344,'',1200,676,1292868072,1,'fengran',''),(681,344,'',1199,0,1292868141,1,'fengran',''),(682,344,'',255,88,1292868532,1,'fengran',''),(683,19,'',1200,0,1292891227,1,'admin',''),(684,19,'',1209,0,1292891281,1,'admin',''),(686,344,'',1105,0,1292905476,1,'fengran',''),(687,344,'',1209,684,1292918974,1,'fengran',''),(688,19,'QQ122085750',1209,0,1292931055,1,'admin',''),(689,19,'WAP',1212,0,1292931098,1,'admin',''),(690,19,'0.8 ',1212,0,1292931116,1,'admin',''),(692,19,'(42.gif)',1211,0,1292978921,1,'admin',''),(693,81,'',1217,0,1292990509,1,'sushehao',''),(694,81,'',1217,0,1292990528,1,'sushehao',''),(695,19,'10MB .dat',1217,0,1292993112,1,'admin',''),(696,317,'       ',1217,0,1293005856,1,'hapjoy',''),(697,349,'',1217,0,1293007789,1,'macbook',''),(698,350,'~~  ',864,0,1293026473,1,'maiyou',''),(699,19,'(42.gif) ',1219,0,1293026885,1,'admin',''),(700,19,'<a href=\'/halulu/\' target=\'_blank\' class=\'aboutme\'>@halulu</a> ',1221,0,1293064122,1,'admin',''),(701,81,'',1221,700,1293071049,1,'sushehao',''),(702,19,'',1221,0,1293078606,1,'admin',''),(703,344,'WAP',1222,0,1293214475,1,'fengran',''),(704,19,'URL~',1224,0,1293271321,1,'admin',''),(705,271,'',1225,0,1293272254,1,'okjoyel',''),(706,19,'(42.gif) (29.gif)',1225,0,1293278509,1,'admin',''),(707,19,' ~(35.gif)',1229,0,1293332568,1,'admin',''),(708,344,'',1229,707,1293378841,1,'fengran',''),(709,344,'',1228,0,1293378897,1,'fengran',''),(710,19,'(42.gif)',1229,0,1293409439,1,'admin',''),(711,19,'BUG',1228,0,1293451888,1,'admin',''),(712,19,' !',1245,0,1293464741,1,'admin',''),(713,124,'XX',1245,712,1293465063,1,'hongbin',''),(714,124,'',1245,712,1293465173,1,'hongbin',''),(715,19,'',1245,0,1293465797,1,'admin',''),(716,349,'',1245,715,1293472046,1,'macbook',''),(717,19,' (29.gif)',1245,715,1293523593,1,'admin','ADSL'),(718,271,'  ',1253,0,1293532192,1,'okjoyel',''),(719,19,'~(34.gif)',1253,718,1293539645,1,'admin','ADSL'),(720,19,'(30.gif)(30.gif)',1254,0,1293542197,1,'admin','ADSL'),(721,19,'',1256,0,1293546379,1,'admin','ADSL'),(722,19,'!',1257,0,1293582535,1,'admin','ADSL'),(723,19,'(13.gif)',1261,0,1293582549,1,'admin','ADSL'),(724,115,'up up up',1254,0,1293586164,1,'nocruel',''),(725,83,'(28.gif)',1268,0,1293586251,1,'demodemo','ADSL'),(726,49,'',1256,0,1293591560,1,'indounet',''),(727,19,'',1268,0,1293596088,1,'admin','ADSL'),(728,19,' @',1266,0,1293596130,1,'admin','ADSL'),(729,19,'',1277,0,1293617265,1,'admin','ADSL'),(730,19,'',1278,0,1293668547,1,'admin','ADSL'),(731,370,'(2.gif)  1',1267,0,1293709495,1,'zhouxuan','ADSL'),(732,19,'',1267,731,1293715869,1,'admin','()ADSL'),(733,66,'',1282,0,1293766394,1,'dxkdxk','ADSL'),(734,19,'(42.gif)',1282,0,1293805265,1,'admin','()'),(735,196,'',1280,0,1293851079,1,'yizhizaipao','ADSL'),(736,381,'',1269,0,1294125214,1,'liuyimin',''),(737,19,'0.8!(13.gif)',1297,0,1294187180,1,'admin','ADSL'),(738,271,'',1299,0,1294237830,1,'okjoyel',''),(739,384,'',1297,0,1294284890,1,'shitou028',' '),(740,81,'',1298,0,1294370143,1,'sushehao',''),(741,19,' @',1307,0,1294372923,1,'admin','ADSL/LAN'),(742,19,' ~(13.gif)',1305,0,1294406528,1,'admin','ADSL'),(743,19,' OK',1310,0,1294456372,1,'admin',''),(744,19,'thinkphpapache2',1316,0,1294559714,1,'admin',''),(745,271,'@  ',1321,0,1294657513,1,'okjoyel',''),(746,19,' BUG ',1321,745,1294663622,1,'admin',''),(747,349,'',1321,0,1294693574,1,'macbook',''),(748,81,' ',1319,0,1294718947,1,'sushehao',''),(749,81,'',1321,0,1294719056,1,'sushehao',''),(750,81,' ',1321,0,1294719067,1,'sushehao',''),(751,19,'(13.gif)',1329,0,1294720301,1,'admin','ADSL/LAN'),(752,19,'',1321,747,1294720385,1,'admin','ADSL/LAN'),(753,19,'',1319,0,1294720526,1,'admin','ADSL/LAN'),(754,50,'(2.gif)(3.gif)(5.gif)(6.gif)',1331,0,1294745003,1,'111111',''),(755,93,'twitter',1329,0,1294945916,1,'halulu',''),(756,19,'SWF youku',1342,0,1294974433,1,'admin','ADSL/LAN'),(757,19,'',1344,0,1295149333,1,'admin','()ADSL'),(758,416,'  SQLIET',351,0,1295428722,1,'mybx521',''),(759,19,'BBS(42.gif)',1351,0,1295436121,1,'admin','()'),(760,19,'',1354,0,1295531584,1,'admin','()ADSL'),(761,19,'BBS',1354,0,1295570601,1,'admin',''),(762,415,'~~',1354,0,1295583840,1,'simplify',''),(763,19,'(42.gif)',1357,0,1295695993,1,'admin',''),(775,452,'',1380,0,1297847737,1,'iswhat',''),(776,93,' twitter....',1434,0,1297871781,1,'halulu',''),(777,19,'',1434,0,1297902973,1,'admin',''),(771,19,'',1378,0,1297643250,1,'admin',''),(772,189,'',1378,0,1297649911,1,'lanmiz',''),(773,19,'',1378,0,1297651222,1,'admin',''),(778,454,' (http://t.xmmh.net)',1435,0,1297912972,1,'senzom',''),(779,19,'(15.gif) ',1437,0,1298258580,1,'admin',''),(780,462,'',778,0,1298360464,1,'cnjoby',''),(781,462,'',1444,0,1298361209,1,'cnjoby',''),(782,462,'pw-/',1444,0,1298361223,1,'cnjoby',''),(783,19,'',1444,0,1298379003,1,'admin','ADSL'),(784,19,'?',1450,0,1298446566,1,'admin',''),(785,19,'',1452,0,1298446615,1,'admin',''),(786,19,'',1452,0,1298446624,1,'admin',''),(787,81,' PW   ',1444,781,1298465137,1,'sushehao',''),(788,81,' 3.0TS',1444,783,1298465169,1,'sushehao',''),(789,19,'',1444,783,1298507632,1,'admin',''),(790,93,'',1445,0,1298537918,1,'halulu',''),(791,93,'TS(ThinkSNS ??)',1444,0,1298538185,1,'halulu',''),(792,462,'',1444,0,1298541874,1,'cnjoby',' '),(793,19,'',1444,791,1298545771,1,'admin',''),(794,19,'(32.gif)',1444,792,1298545798,1,'admin',''),(807,19,'JS  JS',1482,0,1299209564,1,'admin',''),(805,19,'  ',1477,0,1298993763,1,'admin','// '),(806,19,'QQIP ',1482,0,1299209532,1,'admin',''),(803,19,'(16.gif)',1477,0,1298993296,1,'admin',''),(808,81,' ',1489,0,1299498042,1,'sushehao',''),(809,481,'',1200,0,1299570120,1,'hewei123',''),(810,481,'',402,0,1299570163,1,'hewei123',''),(811,19,'',1491,0,1299578348,1,'admin',''),(812,177,'',1492,0,1299667199,1,'getcww',''),(813,271,' ',1492,0,1299849932,1,'okjoyel',''),(814,486,',,.',1492,0,1299995514,1,'','()'),(815,486,',',1492,0,1299995637,1,'','()'),(816,486,'?',1492,0,1299995709,1,'','()'),(817,19,'(42.gif):-)',1497,0,1300014069,1,'admin',''),(818,19,'5',1501,0,1300096244,1,'admin',''),(819,19,'',1492,0,1300096291,1,'admin',''),(820,489,'',1501,0,1300176240,1,'langing',''),(821,19,' ',1506,0,1300234964,1,'admin',''),(822,81,' ',1492,0,1300528197,1,'sushehao',''),(823,19,'',1511,0,1300534789,1,'admin','()'),(824,19,'',1513,0,1300546052,1,'admin',''),(829,81,' ',1517,0,1300671238,1,'sushehao',''),(826,46,'',1261,723,1300644171,1,'winkey',''),(827,19,'',1521,0,1300667479,1,'admin','()ADSL'),(828,19,'(30.gif)',1518,0,1300667499,1,'admin','()ADSL'),(830,19,' ',1517,829,1300791551,1,'admin',''),(831,500,'hehe8888',1521,0,1300801824,1,'ccav2010',''),(832,19,'(42.gif)',1534,0,1301107267,1,'admin',''),(848,124,'',1568,0,1302704580,1,'hongbin',''),(838,19,'',1539,835,1301491877,1,'admin','()ADSL'),(835,19,'BBS ',1539,0,1301324452,1,'admin','ADSL'),(837,81,'',1539,835,1301460454,1,'sushehao',''),(840,516,'',1555,0,1301557844,1,'test123',''),(841,19,'  UI',1549,0,1301576026,1,'admin',''),(842,19,'',1555,0,1301576085,1,'admin',''),(843,196,'',1549,0,1301742597,1,'yizhizaipao',' '),(844,196,'',1534,832,1301742657,1,'yizhizaipao',' '),(845,81,'(2.gif)',1565,0,1301810113,1,'sushehao',''),(846,19,'',1565,0,1301885677,1,'admin','()ADSL'),(847,19,'',1534,832,1301885749,1,'admin','()ADSL'),(849,19,'',1568,0,1302795037,1,'admin',''),(850,19,'',1568,0,1302795086,1,'admin',''),(851,19,'sorry!no english version!',1587,0,1303220293,1,'admin',''),(852,19,' ',1589,0,1303220339,1,'admin',''),(853,19,' ',1588,0,1303220392,1,'admin',''),(854,547,'hello',1591,0,1303224694,1,'judeabc',''),(855,547,'hahah',1591,0,1303224700,1,'judeabc',''),(856,554,'(0.gif)',1594,0,1303667304,1,'kakashilw',''),(857,205,'',1596,0,1303830979,1,'','ATT'),(858,205,'(4.gif)',1594,0,1303830993,1,'','ATT'),(859,205,'',1549,0,1303831634,1,'','ATT'),(860,19,' (41.gif)',1596,0,1303998159,1,'admin',''),(861,557,'we?shuo,?!',1596,0,1304042937,1,'serterew123',''),(862,19,'   :-)',1596,0,1304054065,1,'admin',''),(863,81,' weshuo   ',1596,0,1304515937,1,'sushehao',''),(864,19,' ~',1604,0,1304556306,1,'admin',''),(865,19,'@   ',1606,0,1304556347,1,'admin',''),(866,19,'',1596,0,1304647117,1,'admin',''),(867,46,'O(_)O~',1596,857,1304693591,1,'winkey','');

/*Table structure for table `iw_favorites` */

DROP TABLE IF EXISTS `iw_favorites`;

CREATE TABLE `iw_favorites` (
  `favId` int(10) unsigned NOT NULL AUTO_INCREMENT,
  `userId` int(10) unsigned DEFAULT NULL,
  `topicId` int(10) unsigned DEFAULT NULL,
  `time` int(10) DEFAULT NULL,
  `favType` tinyint(4) DEFAULT '0',
  PRIMARY KEY (`favId`)
) ENGINE=MyISAM AUTO_INCREMENT=29 DEFAULT CHARSET=utf8;

/*Data for the table `iw_favorites` */

insert  into `iw_favorites`(`favId`,`userId`,`topicId`,`time`,`favType`) values (4,89,553,1286462553,0),(5,200,477,1286695740,0),(9,81,783,1288074577,0),(7,219,677,1287491973,0),(10,196,787,1288088400,0),(11,242,806,1288146121,0),(12,299,1071,1291008415,0),(13,313,1038,1291528713,0),(14,345,1180,1292900525,0),(16,196,1247,1293472753,0),(17,370,1058,1293709562,0),(18,425,1363,1295747242,0),(19,368,1375,1297514474,0),(20,462,1447,1298361154,0),(21,474,1462,1298958168,0),(22,474,1452,1298958194,0),(23,177,1453,1298982869,0),(24,426,512,1300881552,0),(25,504,1523,1301028697,0),(26,519,1561,1301715012,0),(27,547,1591,1303224689,0),(28,560,1599,1304298082,0);

/*Table structure for table `iw_group` */

DROP TABLE IF EXISTS `iw_group`;

CREATE TABLE `iw_group` (
  `groupId` int(10) NOT NULL AUTO_INCREMENT,
  `groupName` varchar(100) NOT NULL,
  `parentId` int(10) DEFAULT NULL,
  `createUser` int(10) NOT NULL,
  `sort` int(10) NOT NULL DEFAULT '0',
  `icon` varchar(30) DEFAULT NULL,
  `time` int(10) NOT NULL,
  `memo` varchar(100) DEFAULT NULL,
  `url` varchar(20) DEFAULT NULL,
  `groupType` int(10) DEFAULT NULL,
  `isShow` tinyint(1) DEFAULT '1',
  `isSend` tinyint(1) DEFAULT '1',
  `isReplay` tinyint(1) DEFAULT '1',
  `isJoin` tinyint(1) DEFAULT '1',
  PRIMARY KEY (`groupId`)
) ENGINE=MyISAM AUTO_INCREMENT=16 DEFAULT CHARSET=utf8;

/*Data for the table `iw_group` */

insert  into `iw_group`(`groupId`,`groupName`,`parentId`,`createUser`,`sort`,`icon`,`time`,`memo`,`url`,`groupType`,`isShow`,`isSend`,`isReplay`,`isJoin`) values (1,'2012',NULL,19,0,'',1278666523,'',NULL,4,1,1,1,1),(2,'2015',NULL,19,0,'',1278666523,'2015',NULL,4,1,1,1,1),(3,'BUG',NULL,19,0,'',1278666523,'BUG',NULL,4,1,1,1,1),(4,'',NULL,19,0,'',1278666523,'',NULL,4,1,1,1,1),(5,'',NULL,19,10,'',1278666523,'',NULL,4,1,1,1,1),(7,'',0,19,0,'',1297817060,'',NULL,4,1,0,1,0),(10,'',0,174,0,'4c91ed9de8d1a.jpg',1284631967,'',NULL,10,1,1,1,1),(11,'',0,196,0,'4cab47891466a.jpg',1286293385,'',NULL,10,1,1,1,1),(12,'',0,66,0,'4cb6f1746286f.jpg',1293766652,'',NULL,5,0,0,1,0),(13,'',0,278,0,'4ce8101ad87ed.jpg',1290276890,'',NULL,5,1,1,1,1),(14,'rgrtrt',0,50,0,NULL,1294745083,'rtrtrt',NULL,5,1,1,1,1),(15,'9988',0,521,0,NULL,1301851295,'890poioio',NULL,4,1,1,1,1);

/*Table structure for table `iw_grouptype` */

DROP TABLE IF EXISTS `iw_grouptype`;

CREATE TABLE `iw_grouptype` (
  `id` int(10) unsigned NOT NULL AUTO_INCREMENT,
  `name` varchar(10) DEFAULT NULL,
  `sort` int(10) DEFAULT '0',
  PRIMARY KEY (`id`)
) ENGINE=MyISAM AUTO_INCREMENT=11 DEFAULT CHARSET=utf8;

/*Data for the table `iw_grouptype` */

insert  into `iw_grouptype`(`id`,`name`,`sort`) values (4,'',10),(5,'',0),(6,'',0),(7,'',0),(8,'',0),(9,'',0),(10,'',0);

/*Table structure for table `iw_invite` */

DROP TABLE IF EXISTS `iw_invite`;

CREATE TABLE `iw_invite` (
  `inviteId` int(10) NOT NULL AUTO_INCREMENT,
  `userId` int(10) NOT NULL,
  `time` int(10) NOT NULL,
  `code` varchar(17) NOT NULL,
  `isUse` tinyint(1) NOT NULL,
  PRIMARY KEY (`inviteId`)
) ENGINE=MyISAM AUTO_INCREMENT=9 DEFAULT CHARSET=utf8;

/*Data for the table `iw_invite` */

/*Table structure for table `iw_link` */

DROP TABLE IF EXISTS `iw_link`;

CREATE TABLE `iw_link` (
  `linkId` int(10) unsigned NOT NULL AUTO_INCREMENT,
  `title` varchar(200) NOT NULL,
  `url` varchar(120) NOT NULL,
  `sort` int(5) unsigned NOT NULL,
  `linkType` tinyint(1) NOT NULL,
  `image` varchar(30) DEFAULT NULL,
  PRIMARY KEY (`linkId`)
) ENGINE=MyISAM AUTO_INCREMENT=26 DEFAULT CHARSET=utf8;

/*Data for the table `iw_link` */

insert  into `iw_link`(`linkId`,`title`,`url`,`sort`,`linkType`,`image`) values (4,'','http://www.weshuo.com',100,1,NULL),(23,'http://v.youku.com/v_show/id_XMjE2MjU5OTU2.html','ZKi$43wyTp1aU(v',0,3,NULL),(6,' V0.7','#',1,2,'4cadc85f4c8df.jpg'),(9,'','http://www.ciphp.com',1,1,NULL),(10,'360','http://www.dadeng.org/tag/55',1,2,'4cd2bf39b95bd.jpg'),(12,'','http://www.ouuyu.com',1,1,NULL),(14,'V0.8','#',1,2,'4d18a9970bdcf.jpg'),(15,'http://v.youku.com/v_show/id_XMjMyMDYxNDMy.html','R(CNEpYjeE9CDt',0,3,NULL),(16,'http://wenwen.soso.com/z/q160261563.htm','YA0^aqF^QgxdCBl',0,3,NULL),(17,'http://www.daxiaodeng.com/thread-60-1-1.html','s^o)gh4yQt$DO7D',0,3,NULL),(18,'http://v.youku.com/v_show/id_XMjM4MTM2MjY0.html','BxZ3q%d&N67QwI',0,3,NULL),(19,'http://baidu.com','ONCJB9Rrnt)cTJm',0,3,NULL),(20,'http://taobao.com','$zGERM6Lm)IGL%',0,3,NULL),(21,'http://m.taobao.com','zqlJMQUvylOh5Sh',0,3,NULL),(22,'http://v.youku.com/v_show/id_XMjU2ODY4NDIw.html','Azu7M#LWZcG7DiV',0,3,NULL),(24,'http://v.youku.com/v_show/id_XMjY0NDUxMDI0.html','5s040x^z7R#TVlo',0,3,NULL),(25,'http://v.youku.com/v_playlist/f6016946o1p0.html','yovO)wD1Ale&hT$',0,3,NULL);

/*Table structure for table `iw_message` */

DROP TABLE IF EXISTS `iw_message`;

CREATE TABLE `iw_message` (
  `msgId` int(10) unsigned NOT NULL AUTO_INCREMENT,
  `send` int(10) DEFAULT NULL,
  `receive` int(10) DEFAULT NULL,
  `sendStatus` tinyint(1) DEFAULT '0',
  `receiveStatus` tinyint(1) DEFAULT '0',
  `title` varchar(300) DEFAULT NULL,
  `time` int(10) DEFAULT NULL,
  `parentId` int(10) DEFAULT '0',
  PRIMARY KEY (`msgId`)
) ENGINE=MyISAM AUTO_INCREMENT=348 DEFAULT CHARSET=utf8;

/*Data for the table `iw_message` */

insert  into `iw_message`(`msgId`,`send`,`receive`,`sendStatus`,`receiveStatus`,`title`,`time`,`parentId`) values (17,0,81,0,1,'<a href=\'/hongbin\'>123456</a>',1293464256,0),(18,0,124,0,1,'<a href=\'/admin\'></a><a href=\'/show/1245\'></a>',1293464741,0),(321,0,278,0,0,'woai2006,<a href=\'/user/adm_group/id/13\'></a>',1302343838,0),(322,0,196,0,1,'doufenger,<a href=\'/user/adm_group/id/11\'></a>',1302684369,0),(21,0,124,0,1,'<a href=\'/admin\'></a><a href=\'/show/1245\'></a>',1293465797,0),(326,0,19,0,1,'gengsilong,<a href=\'/user/adm_group/id/4\'></a>',1303110794,0),(23,0,124,0,1,'<a href=\'/yizhizaipao\'></a><a href=\'/show/1246\'></a>',1293472716,0),(24,0,124,0,1,'<a href=\'/yizhizaipao\'></a><a href=\'/show/1246\'></a>',1293472717,0),(39,0,271,0,1,'<a href=\'/\'>nuknow[]</a><a href=\'/show/1254\'></a>',1293543155,0),(38,0,271,0,1,'<a href=\'/admin\'></a><a href=\'/show/1254\'></a>',1293542197,0),(309,0,278,0,0,'winjune,<a href=\'/user/adm_group/id/13\'></a>',1301328824,0),(28,0,66,0,1,'<a href=\'/yizhizaipao\'></a>',1293472861,0),(30,0,286,0,0,'<a href=\'/\'>nuknow[]</a><a href=\'/show/1044\'></a>',1293502320,0),(31,0,286,0,0,'<a href=\'/\'>nuknow[]</a><a href=\'/show/1044\'></a>',1293502323,0),(40,0,271,0,1,'<a href=\'/\'>nuknow[]</a><a href=\'/show/1254\'></a>',1293543248,0),(37,0,271,0,1,'<a href=\'/admin\'></a><a href=\'/show/1253\'></a>',1293539645,0),(41,0,49,0,1,'<a href=\'/admin\'></a><a href=\'/show/1256\'></a>',1293546379,0),(42,0,205,0,0,'<a href=\'/\'>nuknow[]</a><a href=\'/show/1259\'></a>',1293570310,0),(43,0,205,0,0,'<a href=\'/admin\'></a><a href=\'/show/1257\'></a>',1293582535,0),(44,0,46,0,1,'<a href=\'/admin\'></a><a href=\'/show/1261\'></a>',1293582549,0),(45,0,271,0,1,'<a href=\'/\'>nuknow[]</a><a href=\'/show/1254\'></a>',1293584771,0),(46,0,271,0,1,'<a href=\'/\'>nuknow[]</a><a href=\'/show/1254\'></a>',1293584776,0),(48,0,271,0,1,'<a href=\'/nocruel\'>nocruel</a><a href=\'/show/1254\'></a>',1293586164,0),(49,0,81,0,1,'<a href=\'/demodemo\'>demodemo</a><a href=\'/show/1268\'></a>',1293586251,0),(50,0,174,0,0,'danielxss,<a href=\'/user/adm_group/id/10\'></a>',1293587965,0),(51,0,81,0,1,'<a href=\'/\'>nuknow[]</a><a href=\'/show/1200\'></a>',1293589437,0),(52,0,81,0,1,'<a href=\'/admin\'></a><a href=\'/show/1268\'></a>',1293596088,0),(53,0,81,0,1,'<a href=\'/admin\'></a><a href=\'/show/1266\'></a>',1293596130,0),(54,0,174,0,0,'jar008,<a href=\'/user/adm_group/id/10\'></a>',1293597059,0),(55,0,196,0,1,'<a href=\'/admin\'></a><a href=\'/show/1277\'></a>',1293617265,0),(56,0,196,0,1,'<a href=\'/admin\'></a><a href=\'/show/1278\'></a>',1293668547,0),(57,0,81,0,1,'<a href=\'/\'>nuknow[]</a><a href=\'/show/1265\'></a>',1293709166,0),(58,0,81,0,1,'<a href=\'/\'>nuknow[]</a><a href=\'/show/1265\'></a>',1293709168,0),(59,0,271,0,1,'<a href=\'/\'>nuknow[]</a><a href=\'/show/1254\'></a>',1293709290,0),(60,0,271,0,1,'<a href=\'/\'>nuknow[]</a><a href=\'/show/1254\'></a>',1293709291,0),(324,0,19,0,1,'vsd',1302900680,0),(325,0,19,0,1,'gengsilong,<a href=\'/user/adm_group/id/7\'></a>',1303110724,0),(62,0,81,0,1,'<a href=\'/zhouxuan\'>zhouxuan</a><a href=\'/show/1267\'></a>',1293709495,0),(63,0,81,0,1,'<a href=\'/zhouxuan\'>zhouxuan</a><a href=\'/show/1267\'></a>',1293709526,0),(64,0,81,0,1,'<a href=\'/zhouxuan\'>zhouxuan</a><a href=\'/show/1267\'></a>',1293709527,0),(65,0,290,0,0,'<a href=\'/zhouxuan\'>zhouxuan</a>',1293709609,0),(66,0,290,0,0,'<a href=\'/zhouxuan\'>zhouxuan</a>',1293709612,0),(67,0,290,0,0,'<a href=\'/zhouxuan\'>zhouxuan</a>',1293709616,0),(68,0,370,0,0,'<a href=\'/admin\'></a><a href=\'/show/1267\'></a>',1293715869,0),(69,0,171,0,0,'<a href=\'/\'>nuknow[]</a><a href=\'/show/1279\'></a>',1293715931,0),(70,0,66,0,1,',<a href=\'/user/adm_group/id/12\'></a>',1293766491,0),(71,0,190,0,0,'<a href=\'/kevinxiong\'>kevinxiong</a>',1293778922,0),(72,0,66,0,0,'<a href=\'/admin\'></a><a href=\'/show/1282\'></a>',1293805265,0),(73,0,371,0,0,'<a href=\'/yizhizaipao\'></a><a href=\'/show/1280\'></a>',1293851079,0),(74,0,81,0,1,'<a href=\'/freespace\'>freespace</a>',1294029174,0),(75,0,81,0,1,'<a href=\'/liuyimin\'>liuyimin</a><a href=\'/show/1269\'></a>',1294125214,0),(327,0,521,0,0,'okjoyel,<a href=\'/user/adm_group/id/15\'></a>',1303124978,0),(77,0,271,0,1,'<a href=\'/admin\'></a><a href=\'/show/1297\'></a>',1294187180,0),(78,0,278,0,0,',<a href=\'/user/adm_group/id/13\'></a>',1294202199,0),(90,0,384,0,0,'<a href=\'/leobrilliant\'>kingOU</a>',1294392043,0),(81,0,271,0,1,'<a href=\'/shitou028\'>shitou028</a><a href=\'/show/1297\'></a>',1294284890,0),(82,0,81,0,1,'<a href=\'/\'>nuknow[]</a><a href=\'/show/1269\'></a>',1294305074,0),(83,0,81,0,1,'<a href=\'/\'>nuknow[]</a><a href=\'/show/1269\'></a>',1294305076,0),(84,0,81,0,1,'<a href=\'/\'>nuknow[]</a><a href=\'/show/1268\'></a>',1294305076,0),(85,0,81,0,1,'<a href=\'/\'>nuknow[]</a><a href=\'/show/1268\'></a>',1294305077,0),(86,0,81,0,1,'<a href=\'/\'>nuknow[]</a><a href=\'/show/1267\'></a>',1294305081,0),(91,0,124,0,1,'<a href=\'/\'>nuknow[]</a><a href=\'/show/624\'></a>',1294405758,0),(88,0,81,0,1,'<a href=\'/admin\'></a><a href=\'/show/1307\'></a>',1294372923,0),(89,0,81,0,1,'<a href=\'/\'>nuknow[]</a><a href=\'/show/1307\'></a>',1294385495,0),(92,0,81,0,1,'<a href=\'/admin\'></a><a href=\'/show/1305\'></a>',1294406528,0),(93,0,349,0,0,'<a href=\'/admin\'></a><a href=\'/show/1310\'></a>',1294456372,0),(94,0,390,0,0,'<a href=\'/admin\'></a><a href=\'/show/1316\'></a>',1294559714,0),(95,0,290,0,0,'<a href=\'/\'>nuknow[]</a><a href=\'/show/1053\'></a>',1294625428,0),(96,0,290,0,0,'<a href=\'/\'>nuknow[]</a><a href=\'/show/1052\'></a>',1294625432,0),(97,0,290,0,0,'<a href=\'/\'>nuknow[]</a><a href=\'/show/1053\'></a>',1294625433,0),(98,0,140,0,1,'<a href=\'/qyh000\'>qyh000</a>',1294637179,0),(312,0,508,0,0,'<a href=\'/hostbrian\'>hostbrian</a><a href=\'/show/1544\'></a>',1301546239,0),(118,0,81,0,1,'<a href=\'/\'>nuknow[]</a><a href=\'/show/1331\'></a>',1294736422,0),(313,0,81,0,1,'<a href=\'/admin\'>admin</a><a href=\'/show/1549\'></a>',1301576026,0),(102,0,394,0,0,'<a href=\'/\'>nuknow[]</a><a href=\'/show/1319\'></a>',1294659945,0),(103,0,394,0,0,'<a href=\'/\'>nuknow[]</a><a href=\'/show/1319\'></a>',1294659949,0),(104,0,271,0,1,'<a href=\'/admin\'></a><a href=\'/show/1321\'></a>',1294663622,0),(119,0,278,0,0,'fdfdfdf,<a href=\'/user/adm_group/id/13\'></a>',1294744886,0),(107,398,19,0,1,'',1294668952,0),(117,0,394,0,0,'<a href=\'/admin\'></a><a href=\'/show/1319\'></a>',1294720526,0),(314,0,516,0,0,'<a href=\'/admin\'>admin</a><a href=\'/show/1555\'></a>',1301576085,0),(111,0,394,0,0,'<a href=\'/sushehao\'></a><a href=\'/show/1319\'></a>',1294718947,0),(116,19,398,0,0,'',1294720461,107),(120,0,81,0,1,'<a href=\'/111111\'>fdfdfdf</a><a href=\'/show/1331\'></a>',1294745003,0),(114,0,81,0,1,'<a href=\'/admin\'></a><a href=\'/show/1329\'></a>',1294720301,0),(115,0,349,0,0,'<a href=\'/admin\'></a><a href=\'/show/1321\'></a>',1294720385,0),(121,0,278,0,0,'yyc529,<a href=\'/user/adm_group/id/13\'></a>',1294771501,0),(122,0,82,0,0,'<a href=\'/\'>nuknow[]</a><a href=\'/show/1327\'></a>',1294795319,0),(123,0,146,0,0,'<a href=\'/\'>nuknow[]</a><a href=\'/show/1339\'></a>',1294887450,0),(124,0,81,0,1,'<a href=\'/\'>nuknow[]</a><a href=\'/show/1328\'></a>',1294891317,0),(125,0,81,0,1,'<a href=\'/\'>nuknow[]</a><a href=\'/show/1328\'></a>',1294891318,0),(126,0,146,0,0,'<a href=\'/\'>nuknow[]</a><a href=\'/show/1339\'></a>',1294911093,0),(127,0,146,0,0,'<a href=\'/\'>nuknow[]</a><a href=\'/show/1339\'></a>',1294917467,0),(128,0,146,0,0,'<a href=\'/\'>nuknow[]</a><a href=\'/show/1339\'></a>',1294917469,0),(302,0,124,0,1,'<a href=\'/xiaoxiaotaoyan\'>xiaoxiaotaoyan</a>',1301028766,0),(130,0,81,0,1,'<a href=\'/halulu\'>cbi168</a><a href=\'/show/1329\'></a>',1294945916,0),(131,0,405,0,0,'<a href=\'/admin\'></a><a href=\'/show/1342\'></a>',1294974433,0),(132,0,403,0,0,'<a href=\'/Jetlin\'>Jetlin</a>',1294994071,0),(133,406,403,0,0,'(5.gif)',1294994081,0),(134,0,410,0,0,'<a href=\'/admin\'></a><a href=\'/show/1344\'></a>',1295149333,0),(135,0,278,0,0,'yolims,<a href=\'/user/adm_group/id/13\'></a>',1295408322,0),(139,0,415,0,0,'<a href=\'/admin\'></a><a href=\'/show/1351\'></a>',1295530981,0),(137,0,89,0,0,'<a href=\'/mybx521\'>songqiulin</a><a href=\'/show/351\'></a>',1295428722,0),(138,0,415,0,1,'<a href=\'/admin\'></a><a href=\'/show/1351\'></a>',1295436121,0),(140,0,415,0,0,'<a href=\'/admin\'></a><a href=\'/show/1354\'></a>',1295531584,0),(141,0,415,0,0,'<a href=\'/admin\'></a><a href=\'/show/1354\'></a>',1295570601,0),(142,0,415,0,0,'<a href=\'/\'>nuknow[]</a><a href=\'/show/1351\'></a>',1295576027,0),(143,0,415,0,0,'<a href=\'/\'>nuknow[]</a><a href=\'/show/1351\'></a>',1295576030,0),(144,0,416,0,0,'<a href=\'/\'>nuknow[]</a><a href=\'/show/1352\'></a>',1295581989,0),(145,0,415,0,0,'<a href=\'/\'>nuknow[]</a><a href=\'/show/1351\'></a>',1295584395,0),(146,0,415,0,0,'<a href=\'/\'>nuknow[]</a><a href=\'/show/1351\'></a>',1295584397,0),(147,0,415,0,0,'<a href=\'/\'>nuknow[]</a><a href=\'/show/1350\'></a>',1295584399,0),(148,0,415,0,0,'<a href=\'/\'>nuknow[]</a><a href=\'/show/1350\'></a>',1295584400,0),(149,0,414,0,0,'<a href=\'/\'>nuknow[]</a><a href=\'/show/1349\'></a>',1295584401,0),(150,0,414,0,0,'<a href=\'/\'>nuknow[]</a><a href=\'/show/1349\'></a>',1295584402,0),(151,0,415,0,0,'<a href=\'/\'>nuknow[]</a><a href=\'/show/1357\'></a>',1295627406,0),(152,0,415,0,0,'<a href=\'/\'>nuknow[]</a><a href=\'/show/1357\'></a>',1295627408,0),(153,0,415,0,0,'<a href=\'/admin\'></a><a href=\'/show/1357\'></a>',1295695993,0),(303,0,196,0,1,'<a href=\'/admin\'>admin</a><a href=\'/show/1534\'></a>',1301107267,0),(155,0,424,0,0,'<a href=\'/rfbxyyb\'>rfbxyyb</a><a href=\'/show/1363\'></a>',1295747227,0),(156,0,424,0,0,'<a href=\'/rfbxyyb\'>rfbxyyb</a><a href=\'/show/1363\'></a>',1295747228,0),(157,0,424,0,0,'<a href=\'/rfbxyyb\'>rfbxyyb</a><a href=\'/show/1363\'></a>',1295747238,0),(315,0,19,0,1,'11,<a href=\'/show/1552\' target=\'_blank\'></a>,ip:211.151.188.19',1301717882,0),(159,0,196,0,1,'rfbxyyb,<a href=\'/user/adm_group/id/11\'></a>',1295747377,0),(160,0,196,0,1,'my01bb,<a href=\'/user/adm_group/id/11\'></a>',1295800030,0),(161,0,196,0,1,'<a href=\'/econline\'>ec-online</a>',1295858828,0),(305,0,81,0,1,'<a href=\'/rainjan\'>rainjan</a><a href=\'/show/1539\'></a>',1301300624,0),(163,0,424,0,0,'<a href=\'/\'>nuknow[]</a><a href=\'/show/1363\'></a>',1296009241,0),(164,0,424,0,0,'<a href=\'/\'>nuknow[]</a><a href=\'/show/1363\'></a>',1296009242,0),(165,0,50,0,0,'highflier,<a href=\'/user/adm_group/id/14\'></a>',1296018057,0),(166,0,430,0,0,'<a href=\'/\'>nuknow[]</a><a href=\'/show/1371\'></a>',1296031361,0),(167,0,362,0,0,'<a href=\'/jar007\'>jar007</a>',1296136436,0),(168,0,50,0,0,'jar007,<a href=\'/user/adm_group/id/14\'></a>',1296136503,0),(169,0,429,0,0,'<a href=\'/\'>nuknow[]</a><a href=\'/show/1370\'></a>',1296280838,0),(170,0,429,0,0,'<a href=\'/\'>nuknow[]</a><a href=\'/show/1370\'></a>',1296280840,0),(171,0,249,0,0,'<a href=\'/\'>nuknow[]</a><a href=\'/show/1369\'></a>',1296280842,0),(172,0,114,0,0,'<a href=\'/\'>nuknow[]</a><a href=\'/show/1368\'></a>',1296280843,0),(173,0,81,0,1,'<a href=\'/\'>nuknow[]</a><a href=\'/show/1331\'></a>',1296380405,0),(210,0,271,0,1,'<a href=\'/halulu\'>cbi168</a><a href=\'/show/1434\'></a>',1297871781,0),(211,0,271,0,1,'<a href=\'/admin\'></a><a href=\'/show/1434\'></a>',1297902973,0),(204,0,189,0,0,'111111111',1297830132,0),(205,0,81,0,1,'<a href=\'/\'>nuknow[]</a><a href=\'/show/1330\'></a>',1297830249,0),(177,0,81,0,1,'<a href=\'/87340747\'>87340747</a><a href=\'/show/1267\'></a>',1296381201,0),(178,0,81,0,1,'(2.gif)(2.gif)',1296383929,0),(179,0,432,0,0,'<a href=\'/jianzi\'>jianzi</a><a href=\'/show/1372\'></a>',1296407092,0),(180,0,50,0,0,'jianzi,<a href=\'/user/adm_group/id/14\'></a>',1296407173,0),(181,0,429,0,0,'<a href=\'/\'>nuknow[]</a><a href=\'/show/1370\'></a>',1296494869,0),(182,0,432,0,0,'<a href=\'/\'>nuknow[]</a><a href=\'/show/1372\'></a>',1296527568,0),(183,0,114,0,0,'<a href=\'/wenhao\'>wenhao</a><a href=\'/show/1368\'></a>',1296803313,0),(184,0,114,0,0,'<a href=\'/wenhao\'>wenhao</a><a href=\'/show/1368\'></a>',1296803321,0),(185,0,286,0,0,'<a href=\'/\'>nuknow[]</a><a href=\'/show/1044\'></a>',1296986075,0),(186,0,286,0,0,'<a href=\'/\'>nuknow[]</a><a href=\'/show/1044\'></a>',1296986076,0),(187,0,441,0,0,'<a href=\'/\'>nuknow[]</a><a href=\'/show/1374\'></a>',1297397790,0),(188,0,441,0,0,'<a href=\'/\'>nuknow[]</a><a href=\'/show/1374\'></a>',1297397791,0),(189,0,444,0,0,'<a href=\'/\'>nuknow[]</a><a href=\'/show/1376\'></a>',1297446176,0),(190,0,444,0,0,'<a href=\'/\'>nuknow[]</a><a href=\'/show/1376\'></a>',1297446177,0),(191,0,429,0,0,'<a href=\'/\'>nuknow[]</a><a href=\'/show/1370\'></a>',1297510439,0),(192,0,429,0,0,'<a href=\'/\'>nuknow[]</a><a href=\'/show/1370\'></a>',1297510440,0),(206,0,448,0,0,'<a href=\'/\'>nuknow[]</a><a href=\'/show/1380\'></a>',1297836747,0),(195,0,415,0,0,'<a href=\'/555323\'>ocvooo</a><a href=\'/show/1357\'></a>',1297510939,0),(196,0,415,0,0,'<a href=\'/555323\'>ocvooo</a><a href=\'/show/1357\'></a>',1297510940,0),(197,0,444,0,0,'<a href=\'/555323\'>ocvooo</a><a href=\'/show/1375\'></a>',1297511926,0),(198,0,271,0,1,'<a href=\'/admin\'></a><a href=\'/show/1378\'></a>',1297643250,0),(199,0,271,0,1,'<a href=\'/lanmiz\'>lanmiz</a><a href=\'/show/1378\'></a>',1297649911,0),(200,0,271,0,1,'<a href=\'/admin\'></a><a href=\'/show/1378\'></a>',1297651222,0),(207,0,448,0,0,'<a href=\'/\'>nuknow[]</a><a href=\'/show/1380\'></a>',1297836748,0),(208,0,448,0,0,'<a href=\'/iswhat\'>iswhat</a><a href=\'/show/1380\'></a>',1297847737,0),(209,0,449,0,0,'<a href=\'/\'>nuknow[]</a><a href=\'/show/1420\'></a>',1297848574,0),(212,0,93,0,1,'<a href=\'/senzom\'>senzom</a><a href=\'/show/1435\'></a>',1297912972,0),(213,0,81,0,1,'<a href=\'/admin\'></a><a href=\'/show/1437\'></a>',1298258580,0),(214,0,81,0,1,'<a href=\'/\'>nuknow[]</a><a href=\'/show/1439\'></a>',1298260828,0),(215,0,81,0,1,'<a href=\'/\'>nuknow[]</a><a href=\'/show/1439\'></a>',1298260829,0),(216,0,81,0,1,'<a href=\'/test1970\'>test1970</a><a href=\'/show/1439\'></a>',1298269180,0),(217,0,453,0,0,'<a href=\'/\'>nuknow[]</a><a href=\'/show/1432\'></a>',1298306521,0),(218,0,448,0,0,'1111111111111',1298323024,0),(219,0,81,0,1,'<a href=\'/\'>nuknow[]</a><a href=\'/show/1439\'></a>',1298324528,0),(220,0,81,0,1,'<a href=\'/\'>nuknow[]</a><a href=\'/show/1329\'></a>',1298339385,0),(221,0,81,0,1,'<a href=\'/\'>nuknow[]</a><a href=\'/show/1445\'></a>',1298345842,0),(222,0,81,0,1,'<a href=\'/\'>nuknow[]</a><a href=\'/show/1445\'></a>',1298345843,0),(223,0,81,0,1,'<a href=\'/\'>nuknow[]</a><a href=\'/show/1444\'></a>',1298345845,0),(224,0,81,0,1,'<a href=\'/\'>nuknow[]</a><a href=\'/show/1439\'></a>',1298345851,0),(225,0,81,0,1,'<a href=\'/cnjoby\'>cnjoby</a><a href=\'/show/778\'></a>',1298360464,0),(226,0,81,0,1,'<a href=\'/cnjoby\'>cnjoby</a><a href=\'/show/1445\'></a>',1298361178,0),(227,0,81,0,1,'<a href=\'/cnjoby\'>cnjoby</a><a href=\'/show/1444\'></a>',1298361209,0),(228,0,81,0,1,'<a href=\'/cnjoby\'>cnjoby</a><a href=\'/show/1444\'></a>',1298361223,0),(229,0,81,0,1,'<a href=\'/admin\'></a><a href=\'/show/1444\'></a>',1298379003,0),(230,0,464,0,0,'<a href=\'/admin\'></a><a href=\'/show/1450\'></a>',1298446566,0),(231,0,464,0,0,'<a href=\'/admin\'></a><a href=\'/show/1452\'></a>',1298446615,0),(232,0,464,0,0,'<a href=\'/admin\'></a><a href=\'/show/1452\'></a>',1298446624,0),(233,0,462,0,1,'<a href=\'/sushehao\'></a><a href=\'/show/1444\'></a>',1298465137,0),(257,0,NULL,0,0,'<a href=\'/admin\'>admin</a><a href=\'/show/1477\'></a>',1298992808,0),(235,0,81,0,1,'<a href=\'/halulu\'>cbi168</a><a href=\'/show/1445\'></a>',1298537918,0),(236,0,81,0,1,'<a href=\'/halulu\'>cbi168</a><a href=\'/show/1444\'></a>',1298538185,0),(247,0,93,0,1,'<a href=\'/\'>nuknow[]</a><a href=\'/show/1343\'></a>',1298605194,0),(238,0,81,0,1,'<a href=\'/halulu\'>cbi168</a><a href=\'/show/1445\'></a>',1298538238,0),(239,0,81,0,1,'<a href=\'/halulu\'>cbi168</a><a href=\'/show/1444\'></a>',1298538280,0),(240,0,81,0,1,'<a href=\'/halulu\'>cbi168</a><a href=\'/show/1439\'></a>',1298538293,0),(241,0,81,0,1,'<a href=\'/halulu\'>cbi168</a><a href=\'/show/1445\'></a>',1298538435,0),(242,0,81,0,1,'<a href=\'/halulu\'>cbi168</a><a href=\'/show/1444\'></a>',1298538455,0),(243,0,81,0,1,'<a href=\'/cnjoby\'>cnjoby</a><a href=\'/show/1444\'></a>',1298541874,0),(244,0,93,0,1,'<a href=\'/admin\'></a><a href=\'/show/1444\'></a>',1298545771,0),(245,0,462,0,1,'<a href=\'/admin\'></a><a href=\'/show/1444\'></a>',1298545798,0),(258,0,NULL,0,0,'<a href=\'/admin\'>admin</a><a href=\'/show/1477\'></a>',1298993296,0),(248,0,93,0,1,'<a href=\'/\'>nuknow[]</a><a href=\'/show/1343\'></a>',1298605194,0),(249,0,93,0,1,'<a href=\'/\'>nuknow[]</a><a href=\'/show/1221\'></a>',1298605197,0),(250,0,93,0,1,'<a href=\'/\'>nuknow[]</a><a href=\'/show/1221\'></a>',1298605197,0),(259,0,NULL,0,0,'<a href=\'/admin\'>admin</a><a href=\'/show/1477\'></a>',1298993684,0),(260,0,NULL,0,0,'<a href=\'/admin\'>admin</a><a href=\'/show/1477\'></a>',1298993763,0),(253,0,50,0,0,'taoyan123,<a href=\'/user/adm_group/id/14\'></a>',1298711038,0),(254,0,278,0,0,'taoyan123,<a href=\'/user/adm_group/id/13\'></a>',1298711168,0),(255,0,468,0,0,'<a href=\'/msj690\'>msj690</a><a href=\'/show/1457\'></a>',1298737062,0),(306,0,508,0,0,'<a href=\'/sushehao\'></a><a href=\'/show/1542\'></a>',1301314150,0),(307,0,81,0,1,'<a href=\'/admin\'>admin</a><a href=\'/show/1539\'></a>',1301324452,0),(263,0,NULL,0,0,'<a href=\'/admin\'>admin</a><a href=\'/show/1482\'></a>',1299209532,0),(264,0,NULL,0,0,'<a href=\'/admin\'>admin</a><a href=\'/show/1482\'></a>',1299209564,0),(266,0,478,0,0,'<a href=\'/\'>nuknow[]</a><a href=\'/show/1482\'></a>',1299389734,0),(267,0,478,0,0,'<a href=\'/\'>nuknow[]</a><a href=\'/show/1482\'></a>',1299389734,0),(268,0,478,0,0,'<a href=\'/\'>nuknow[]</a><a href=\'/show/1483\'></a>',1299389742,0),(269,0,NULL,0,0,'<a href=\'/sushehao\'></a><a href=\'/show/1489\'></a>',1299498042,0),(270,0,NULL,0,0,'<a href=\'/hewei123\'>hewei123</a><a href=\'/show/1200\'></a>',1299570120,0),(271,0,NULL,0,0,'<a href=\'/hewei123\'>hewei123</a><a href=\'/show/402\'></a>',1299570163,0),(272,0,NULL,0,0,'<a href=\'/admin\'>admin</a><a href=\'/show/1491\'></a>',1299578348,0),(273,0,NULL,0,0,'<a href=\'/getcww\'></a><a href=\'/show/1492\'></a>',1299667199,0),(274,0,NULL,0,0,'<a href=\'/okjoyel\'>okjoyel</a><a href=\'/show/1492\'></a>',1299849932,0),(275,0,81,0,1,'<a href=\'/hailang\'>hailang</a>',1299941994,0),(276,0,NULL,0,0,'<a href=\'/\'></a><a href=\'/show/1492\'></a>',1299995514,0),(277,0,NULL,0,0,'<a href=\'/\'></a><a href=\'/show/1492\'></a>',1299995637,0),(278,0,NULL,0,0,'<a href=\'/\'></a><a href=\'/show/1492\'></a>',1299995709,0),(279,0,NULL,0,0,'<a href=\'/admin\'>admin</a><a href=\'/show/1497\'></a>',1300014069,0),(280,0,NULL,0,0,'<a href=\'/admin\'>admin</a><a href=\'/show/1501\'></a>',1300096244,0),(281,0,NULL,0,0,'<a href=\'/admin\'>admin</a><a href=\'/show/1492\'></a>',1300096291,0),(282,0,NULL,0,0,'<a href=\'/langing\'>langing</a><a href=\'/show/1501\'></a>',1300176240,0),(283,0,NULL,0,0,'<a href=\'/admin\'>admin</a><a href=\'/show/1506\'></a>',1300234964,0),(284,0,50,0,0,',<a href=\'/user/adm_group/id/14\'></a>',1300507386,0),(285,0,278,0,0,',<a href=\'/user/adm_group/id/13\'></a>',1300507440,0),(308,0,508,0,0,'<a href=\'/admin\'>admin</a><a href=\'/show/1542\'></a>',1301324536,0),(287,0,81,0,1,'<a href=\'/admin\'>admin</a><a href=\'/show/1511\'></a>',1300534789,0),(288,0,81,0,1,'<a href=\'/admin\'>admin</a><a href=\'/show/1513\'></a>',1300546052,0),(289,0,81,0,1,'<a href=\'/admin\'>admin</a><a href=\'/show/1513\'></a>',1300546077,0),(290,0,66,0,0,'dxkdx,<a href=\'/user/adm_group/id/12\'></a>',1300564797,0),(292,0,46,0,0,'<a href=\'/admin\'>admin</a><a href=\'/show/1521\'></a>',1300667479,0),(293,0,124,0,1,'<a href=\'/admin\'>admin</a><a href=\'/show/1518\'></a>',1300667499,0),(316,0,81,0,1,'<a href=\'/yizhizaipao\'></a><a href=\'/show/1549\'></a>',1301742597,0),(295,0,81,0,1,'<a href=\'/admin\'>admin</a><a href=\'/show/1517\'></a>',1300791551,0),(296,0,46,0,0,'<a href=\'/ccav2010\'>ccav2010</a><a href=\'/show/1521\'></a>',1300801824,0),(297,0,46,0,0,'<a href=\'/ccav2010\'>ccav2010</a>',1300801831,0),(317,0,19,0,1,'<a href=\'/yizhizaipao\'></a><a href=\'/show/1534\'></a>',1301742657,0),(318,0,196,0,1,'<a href=\'/sushehao\'></a><a href=\'/show/1565\'></a>',1301810113,0),(319,0,521,0,0,'qiny123as,<a href=\'/user/adm_group/id/15\'></a>',1301852112,0),(320,0,196,0,1,'<a href=\'/admin\'>admin</a><a href=\'/show/1565\'></a>',1301885677,0),(328,0,534,0,0,'<a href=\'/admin\'>admin</a><a href=\'/show/1587\'></a>',1303220293,0),(329,0,271,0,1,'<a href=\'/admin\'>admin</a><a href=\'/show/1589\'></a>',1303220339,0),(330,0,271,0,1,'<a href=\'/admin\'>admin</a><a href=\'/show/1588\'></a>',1303220392,0),(331,0,545,0,0,'<a href=\'/judeabc\'>judeabc</a><a href=\'/show/1591\'></a>',1303224694,0),(332,0,545,0,0,'<a href=\'/judeabc\'>judeabc</a><a href=\'/show/1591\'></a>',1303224700,0),(333,0,553,0,0,'<a href=\'/kakashilw\'>kakashilw</a><a href=\'/show/1594\'></a>',1303667304,0),(334,0,81,0,1,'<a href=\'/kakashilw\'>kakashilw</a>',1303668780,0),(335,0,19,0,1,'<a href=\'/\'>ELLE</a><a href=\'/show/1596\'></a>',1303830979,0),(336,0,553,0,0,'<a href=\'/\'>ELLE</a><a href=\'/show/1594\'></a>',1303830993,0),(337,0,81,0,1,'<a href=\'/\'>ELLE</a><a href=\'/show/1549\'></a>',1303831634,0),(338,0,19,0,1,'<a href=\'/serterew123\'>serterew123</a><a href=\'/show/1596\'></a>',1304042937,0),(339,0,19,0,1,'Xiphin,<a href=\'/user/adm_group/id/7\'></a>',1304131001,0),(340,0,50,0,0,'itopidea,<a href=\'/user/adm_group/id/14\'></a>',1304298617,0),(341,0,19,0,1,'<a href=\'/zhaoyulee\'>zhaoyulee</a>',1304330494,0),(342,0,19,0,1,'<a href=\'/sushehao\'></a><a href=\'/show/1596\'></a>',1304515937,0),(343,539,19,0,1,'QQ',1304519249,0),(344,0,81,0,0,'<a href=\'/admin\'>admin</a><a href=\'/show/1604\'></a>',1304556306,0),(345,0,81,0,0,'<a href=\'/admin\'>admin</a><a href=\'/show/1606\'></a>',1304556347,0),(346,19,539,0,0,'122085750',1304556374,343),(347,0,205,0,0,'<a href=\'/winkey\'>winkey</a><a href=\'/show/1596\'></a>',1304693591,0);

/*Table structure for table `iw_news` */

DROP TABLE IF EXISTS `iw_news`;

CREATE TABLE `iw_news` (
  `id` int(10) unsigned NOT NULL AUTO_INCREMENT,
  `title` varchar(255) NOT NULL,
  `time` int(10) NOT NULL,
  `content` text NOT NULL,
  `sort` int(10) unsigned NOT NULL,
  PRIMARY KEY (`id`)
) ENGINE=MyISAM AUTO_INCREMENT=18 DEFAULT CHARSET=utf8;

/*Data for the table `iw_news` */

insert  into `iw_news`(`id`,`title`,`time`,`content`,`sort`) values (2,'V0.12',1280480648,'<p></p>\r\n<p>MSN.MSNdadengmsn@live.com </p>\r\n<p></p>\r\n<p></p>',1),(3,'V0.5',1280741858,'<p><img src=\"http://www.dadeng.org/www/Tpl/default/Admpublic/plugins/emoticons/30.gif\" alt=\"\" border=\"0\" /></p>\r\n<p>V0.5163</p>\r\n<p>BUG <img src=\"http://www.dadeng.org/www/Tpl/default/Admpublic/plugins/emoticons/31.gif\" alt=\"\" border=\"0\" /> </p>\r\n<p>AJAX</p>\r\n<p>0.10.5</p>\r\n<p></p>',1),(4,'V0.5',1281065629,'<p>www.dadeng.org v0.5<br />\r\n<br />\r\n<br />\r\n<br />\r\n www.dadeng.org<br />\r\n:admin :admin<br />\r\n<br />\r\n====================================================<br />\r\n<br />\r\n&nbsp;&nbsp;&nbsp; 1<br />\r\n&nbsp;&nbsp;&nbsp; 2/install.php<br />\r\n&nbsp;&nbsp;&nbsp;&nbsp;&nbsp;&nbsp;&nbsp;&nbsp;&nbsp;&nbsp; /<br />\r\n=====================================================<br />\r\n<br />\r\n&nbsp;&nbsp;&nbsp; 1www\\conf\\config.php&nbsp; <br />\r\n&nbsp;&nbsp;&nbsp; 2www.yourdomain.com/index.php/install/ <br />\r\n&nbsp;&nbsp;&nbsp; 3   /<br />\r\n<br />\r\n==================================================<br />\r\n<br />\r\nwww\\runtimeindex.php <br />\r\n<br />\r\n=================================================<br />\r\n linux<br />\r\nwww/conf/config.php 666 <br />\r\nwww/images/upload&nbsp;&nbsp;&nbsp;&nbsp;&nbsp;&nbsp; 777<br />\r\nwww/images/face/temp&nbsp;&nbsp;&nbsp; 777<br />\r\nwww/Runtime&nbsp;&nbsp;&nbsp;&nbsp;&nbsp;&nbsp;&nbsp;&nbsp;&nbsp;&nbsp;&nbsp;&nbsp; 777<br />\r\ninstall.php</p>\r\n<p>&nbsp;<a target=\"_blank\" href=\"http://www.dadeng.org/dadeng.org-v0.5.7z\">http://www.dadeng.org/dadeng.org-v0.5.7z</a></p>',1),(5,'V0.6 ',1281536606,'V0.6? <br />\r\n<br />\r\n1 QQ<br />\r\n2 <br />\r\n3  <br />\r\n4  <br />\r\n5 <br />\r\n6,<br />\r\n7 .<br />\r\n82210<br />\r\n9 <br />\r\n<p>&nbsp;</p>\r\n<p>0.6</p>',1),(6,'URL rewrite',1281601130,'<p>lighttpd</p>\r\n<pre>url.rewrite-once  = (\r\n        \"^/Public/(.*)$\"                       =&gt; \"/Public/$1\",\r\n        \"^/www/(.*)$\"                        =&gt; \"/www/$1\",\r\n        \"^/(.*)$\"                              =&gt; \"/index.php/$1\",\r\n)\r\napache </pre>',1),(7,'V0.6 ',1282136950,'<p></p>\r\n<p>http://www.dadeng.org/dadeng.org-v0.6.7z</p>\r\n<p>0.5</p>\r\n<p>QQ122085750 </p>\r\n<p>===========================</p>\r\n<p></p>\r\n<p>0.6</p>\r\n<p>0.5</p>\r\n<p>0.60.6</p>\r\n<p>www.domain.com/index.php/install/update05to06 0.50.6</p>',1),(8,'V0.7',1282487618,'<div>1URL</div>\r\n<div>2</div>\r\n<div>3</div>\r\n<div>4</div>\r\n<div>5</div>\r\n<div>6URLURL</div>\r\n<div>7UI)</div>\r\n<div>8UC</div>\r\n<div></div>\r\n<div>1</div>\r\n<div>2cookie</div>\r\n<div>3</div>\r\n<div>4QQ</div>\r\n<div>5AJAX</div>\r\n<div>6IP</div>\r\n<div>7</div>\r\n<div>8AJAX</div>\r\n<div>9</div>\r\n<div>10</div>\r\n<div>11</div>\r\n<div>12</div>\r\n<div><br />\r\n</div>\r\n<div>QQ122085750</div>\r\n<div><br />\r\n</div>',1),(9,' V0.7 ',1286461403,'<p>URL @admin  @</p>\r\n<p> </p>\r\n<p></p>\r\n<p>&nbsp;</p>\r\n<p> </p>',1),(10,'UCenterOK',1286902102,'<br />',1),(11,' V0.7 ',1287029371,'<div style=\"margin-top:0px;margin-right:0px;margin-bottom:0px;margin-left:0px;padding-top:0px;padding-right:0px;padding-bottom:0px;padding-left:0px;border-top-width:0px;border-right-width:0px;border-bottom-width:0px;border-left-width:0px;border-style:initial;border-color:initial;font-family:\'Microsoft Yahei\', , , Verdana, arial, sans-serif;font-size:13px;line-height:23px;\">0.7 </div>\r\n<div style=\"margin-top:0px;margin-right:0px;margin-bottom:0px;margin-left:0px;padding-top:0px;padding-right:0px;padding-bottom:0px;padding-left:0px;border-top-width:0px;border-right-width:0px;border-bottom-width:0px;border-left-width:0px;border-style:initial;border-color:initial;font-family:\'Microsoft Yahei\', , , Verdana, arial, sans-serif;font-size:13px;line-height:23px;\">1</div>\r\n<div style=\"margin-top:0px;margin-right:0px;margin-bottom:0px;margin-left:0px;padding-top:0px;padding-right:0px;padding-bottom:0px;padding-left:0px;border-top-width:0px;border-right-width:0px;border-bottom-width:0px;border-left-width:0px;border-style:initial;border-color:initial;font-family:\'Microsoft Yahei\', , , Verdana, arial, sans-serif;font-size:13px;line-height:23px;\">2</div>\r\n<div style=\"margin-top:0px;margin-right:0px;margin-bottom:0px;margin-left:0px;padding-top:0px;padding-right:0px;padding-bottom:0px;padding-left:0px;border-top-width:0px;border-right-width:0px;border-bottom-width:0px;border-left-width:0px;border-style:initial;border-color:initial;font-family:\'Microsoft Yahei\', , , Verdana, arial, sans-serif;font-size:13px;line-height:23px;\">3</div>\r\n<div style=\"margin-top:0px;margin-right:0px;margin-bottom:0px;margin-left:0px;padding-top:0px;padding-right:0px;padding-bottom:0px;padding-left:0px;border-top-width:0px;border-right-width:0px;border-bottom-width:0px;border-left-width:0px;border-style:initial;border-color:initial;font-family:\'Microsoft Yahei\', , , Verdana, arial, sans-serif;font-size:13px;line-height:23px;\">4</div>\r\n<div style=\"margin-top:0px;margin-right:0px;margin-bottom:0px;margin-left:0px;padding-top:0px;padding-right:0px;padding-bottom:0px;padding-left:0px;border-top-width:0px;border-right-width:0px;border-bottom-width:0px;border-left-width:0px;border-style:initial;border-color:initial;font-family:\'Microsoft Yahei\', , , Verdana, arial, sans-serif;font-size:13px;line-height:23px;\">5</div>\r\n<div style=\"margin-top:0px;margin-right:0px;margin-bottom:0px;margin-left:0px;padding-top:0px;padding-right:0px;padding-bottom:0px;padding-left:0px;border-top-width:0px;border-right-width:0px;border-bottom-width:0px;border-left-width:0px;border-style:initial;border-color:initial;font-family:\'Microsoft Yahei\', , , Verdana, arial, sans-serif;font-size:13px;line-height:23px;\">6URLURL</div>\r\n<div style=\"margin-top:0px;margin-right:0px;margin-bottom:0px;margin-left:0px;padding-top:0px;padding-right:0px;padding-bottom:0px;padding-left:0px;border-top-width:0px;border-right-width:0px;border-bottom-width:0px;border-left-width:0px;border-style:initial;border-color:initial;font-family:\'Microsoft Yahei\', , , Verdana, arial, sans-serif;font-size:13px;line-height:23px;\">7CSS UIDIY</div>\r\n<div style=\"margin-top:0px;margin-right:0px;margin-bottom:0px;margin-left:0px;padding-top:0px;padding-right:0px;padding-bottom:0px;padding-left:0px;border-top-width:0px;border-right-width:0px;border-bottom-width:0px;border-left-width:0px;border-style:initial;border-color:initial;font-family:\'Microsoft Yahei\', , , Verdana, arial, sans-serif;font-size:13px;line-height:23px;\">8UC</div>\r\n<div style=\"margin-top:0px;margin-right:0px;margin-bottom:0px;margin-left:0px;padding-top:0px;padding-right:0px;padding-bottom:0px;padding-left:0px;border-top-width:0px;border-right-width:0px;border-bottom-width:0px;border-left-width:0px;border-style:initial;border-color:initial;font-family:\'Microsoft Yahei\', , , Verdana, arial, sans-serif;font-size:13px;line-height:23px;\"></div>\r\n<div style=\"margin-top:0px;margin-right:0px;margin-bottom:0px;margin-left:0px;padding-top:0px;padding-right:0px;padding-bottom:0px;padding-left:0px;border-top-width:0px;border-right-width:0px;border-bottom-width:0px;border-left-width:0px;border-style:initial;border-color:initial;font-family:\'Microsoft Yahei\', , , Verdana, arial, sans-serif;font-size:13px;line-height:23px;\">1</div>\r\n<div style=\"margin-top:0px;margin-right:0px;margin-bottom:0px;margin-left:0px;padding-top:0px;padding-right:0px;padding-bottom:0px;padding-left:0px;border-top-width:0px;border-right-width:0px;border-bottom-width:0px;border-left-width:0px;border-style:initial;border-color:initial;font-family:\'Microsoft Yahei\', , , Verdana, arial, sans-serif;font-size:13px;line-height:23px;\">2</div>\r\n<div style=\"margin-top:0px;margin-right:0px;margin-bottom:0px;margin-left:0px;padding-top:0px;padding-right:0px;padding-bottom:0px;padding-left:0px;border-top-width:0px;border-right-width:0px;border-bottom-width:0px;border-left-width:0px;border-style:initial;border-color:initial;font-family:\'Microsoft Yahei\', , , Verdana, arial, sans-serif;font-size:13px;line-height:23px;\">3</div>\r\n<div style=\"margin-top:0px;margin-right:0px;margin-bottom:0px;margin-left:0px;padding-top:0px;padding-right:0px;padding-bottom:0px;padding-left:0px;border-top-width:0px;border-right-width:0px;border-bottom-width:0px;border-left-width:0px;border-style:initial;border-color:initial;font-family:\'Microsoft Yahei\', , , Verdana, arial, sans-serif;font-size:13px;line-height:23px;\">4</div>\r\n<div style=\"margin-top:0px;margin-right:0px;margin-bottom:0px;margin-left:0px;padding-top:0px;padding-right:0px;padding-bottom:0px;padding-left:0px;border-top-width:0px;border-right-width:0px;border-bottom-width:0px;border-left-width:0px;border-style:initial;border-color:initial;font-family:\'Microsoft Yahei\', , , Verdana, arial, sans-serif;font-size:13px;line-height:23px;\">5AJAX</div>\r\n<div style=\"margin-top:0px;margin-right:0px;margin-bottom:0px;margin-left:0px;padding-top:0px;padding-right:0px;padding-bottom:0px;padding-left:0px;border-top-width:0px;border-right-width:0px;border-bottom-width:0px;border-left-width:0px;border-style:initial;border-color:initial;font-family:\'Microsoft Yahei\', , , Verdana, arial, sans-serif;font-size:13px;line-height:23px;\">6IP</div>\r\n<div style=\"margin-top:0px;margin-right:0px;margin-bottom:0px;margin-left:0px;padding-top:0px;padding-right:0px;padding-bottom:0px;padding-left:0px;border-top-width:0px;border-right-width:0px;border-bottom-width:0px;border-left-width:0px;border-style:initial;border-color:initial;font-family:\'Microsoft Yahei\', , , Verdana, arial, sans-serif;font-size:13px;line-height:23px;\">7</div>\r\n<div style=\"margin-top:0px;margin-right:0px;margin-bottom:0px;margin-left:0px;padding-top:0px;padding-right:0px;padding-bottom:0px;padding-left:0px;border-top-width:0px;border-right-width:0px;border-bottom-width:0px;border-left-width:0px;border-style:initial;border-color:initial;font-family:\'Microsoft Yahei\', , , Verdana, arial, sans-serif;font-size:13px;line-height:23px;\">8AJAX</div>\r\n<div style=\"margin-top:0px;margin-right:0px;margin-bottom:0px;margin-left:0px;padding-top:0px;padding-right:0px;padding-bottom:0px;padding-left:0px;border-top-width:0px;border-right-width:0px;border-bottom-width:0px;border-left-width:0px;border-style:initial;border-color:initial;font-family:\'Microsoft Yahei\', , , Verdana, arial, sans-serif;font-size:13px;line-height:23px;\">9(bokecc)</div>\r\n<div style=\"margin-top:0px;margin-right:0px;margin-bottom:0px;margin-left:0px;padding-top:0px;padding-right:0px;padding-bottom:0px;padding-left:0px;border-top-width:0px;border-right-width:0px;border-bottom-width:0px;border-left-width:0px;border-style:initial;border-color:initial;font-family:\'Microsoft Yahei\', , , Verdana, arial, sans-serif;font-size:13px;line-height:23px;\">10</div>\r\n<div style=\"margin-top:0px;margin-right:0px;margin-bottom:0px;margin-left:0px;padding-top:0px;padding-right:0px;padding-bottom:0px;padding-left:0px;border-top-width:0px;border-right-width:0px;border-bottom-width:0px;border-left-width:0px;border-style:initial;border-color:initial;font-family:\'Microsoft Yahei\', , , Verdana, arial, sans-serif;font-size:13px;line-height:23px;\">11</div>\r\n<div style=\"margin-top:0px;margin-right:0px;margin-bottom:0px;margin-left:0px;padding-top:0px;padding-right:0px;padding-bottom:0px;padding-left:0px;border-top-width:0px;border-right-width:0px;border-bottom-width:0px;border-left-width:0px;border-style:initial;border-color:initial;font-family:\'Microsoft Yahei\', , , Verdana, arial, sans-serif;font-size:13px;line-height:23px;\">12</div>\r\n<div style=\"margin-top:0px;margin-right:0px;margin-bottom:0px;margin-left:0px;padding-top:0px;padding-right:0px;padding-bottom:0px;padding-left:0px;border-top-width:0px;border-right-width:0px;border-bottom-width:0px;border-left-width:0px;border-style:initial;border-color:initial;font-family:\'Microsoft Yahei\', , , Verdana, arial, sans-serif;font-size:13px;line-height:23px;\"><br />\r\n</div>\r\n<p><span class=\"Apple-style-span\" style=\"font-family:\'\'Microsoft Yahei\', , , Verdana, arial, sans-serif\';font-size:x-small;\"><span class=\"Apple-style-span\" style=\"line-height:23px;\">google<a href=\"http://dadeng.googlecode.com/files/dadeng--v0.7.7z\" target=\"_blank\">http://dadeng.googlecode.com/files/dadeng--v0.7.7z</a></span></span></p>\r\n<p><span class=\"Apple-style-span\" style=\"font-family:\'\'Microsoft Yahei\', , , Verdana, arial, sans-serif\';font-size:x-small;\"><span class=\"Apple-style-span\" style=\"line-height:19px;\">chinaz </span></span><a href=\"http://down.chinaz.com/soft/27495.htm\" target=\"_blank\">http://down.chinaz.com/soft/27495.htm</a></p>',1),(12,'V0.7  0.60.7',1287827074,'<p>readme.txt &nbsp;~ ~</p>\r\n<p>&nbsp;</p>\r\n<p> 0.7</p>\r\n<p>http://dadeng.googlecode.com/files/dadeng--v0.7.zip</p>',1),(13,'0.7.1   BUG',1288023089,'<p>http://code.google.com/p/dadeng/downloads/list</p>\r\n<p> BUG~</p>',1),(14,'V0.7.2  BUG',1288880256,'<p><a href=\"http://code.google.com/p/dadeng/downloads/list\">http://code.google.com/p/dadeng/downloads/list</a></p>\r\n<p>BUG  </p>',1),(15,'V0.8',1293462009,' 2010-12-27 23:05V0.8',1),(16,'V0.8',1294639745,'<div>V0.8</div>\r\n<div>http://down.chinaz.com/soft/27495.htm</div>\r\n<div>http://dadeng.googlecode.com/files/dadeng-v0.8%20beta.7z</div>\r\n<div>0.8.readme.txt</div>',1),(17,'dadeng.org@gmail.com',1299025953,'<p>Gtalk  dadeng.org@gmail.com</p>\r\n<p>Gtalk</p>',1);

/*Table structure for table `iw_score` */

DROP TABLE IF EXISTS `iw_score`;

CREATE TABLE `iw_score` (
  `scoreId` int(10) unsigned NOT NULL AUTO_INCREMENT,
  `userId` int(10) unsigned NOT NULL,
  `scoreType` tinyint(1) NOT NULL,
  `num` int(10) NOT NULL,
  `memo` varchar(255) NOT NULL,
  `time` int(10) NOT NULL,
  PRIMARY KEY (`scoreId`)
) ENGINE=MyISAM AUTO_INCREMENT=312 DEFAULT CHARSET=utf8;

/*Data for the table `iw_score` */

insert  into `iw_score`(`scoreId`,`userId`,`scoreType`,`num`,`memo`,`time`) values (186,45,2,2,'id=140',1280136685),(185,45,2,2,'id=139',1280136630),(184,45,2,2,'id=138',1280136609),(183,45,2,2,'id=135',1280136550),(182,45,2,1,'id=126',1280136407),(181,45,2,1,'id=126',1280136375),(180,45,2,1,'id=126',1280136361),(179,45,2,2,'id=131',1280136305),(178,45,2,2,'id=130',1280136300),(177,45,2,2,'id=129',1280136291),(176,45,2,2,'id=128',1280136115),(175,19,2,1,'id=125',1280133591),(174,19,2,1,'2010-07-26 16:39:16',1280133556),(173,41,2,2,'id=126',1280133310),(172,42,2,2,'id=125',1280133093),(171,40,2,1,'id=87',1280128847),(170,19,2,1,'id=121',1280121835),(169,19,2,1,'id=120',1280121779),(168,19,2,1,'2010-07-26 13:22:28',1280121748),(167,38,2,2,'id=121',1280114441),(166,37,2,2,'id=120',1280114312),(165,19,2,2,'id=119',1280061906),(164,19,2,1,'2010-07-25 20:44:58',1280061898),(163,36,1,4,'adminid=113,parentid=0',1280061372),(162,36,1,4,'adminid=114,parentid=0',1280061367),(161,36,1,4,'adminid=115,parentid=0',1280061361),(160,36,1,4,'adminid=116,parentid=0',1280061354),(159,36,1,4,'adminid=117,parentid=0',1280061348),(158,36,1,4,'adminid=118,parentid=0',1280061342),(157,19,2,1,'2010-07-25 20:35:24',1280061324),(156,36,2,2,'id=118',1280059647),(155,36,2,2,'id=117',1280059552),(154,36,2,2,'id=116',1280059503),(153,36,2,2,'id=115',1280059446),(152,36,2,2,'id=114',1280059443),(151,36,2,2,'id=113',1280059439),(150,19,2,2,'id=112',1280053746),(149,19,2,1,'2010-07-25 18:28:37',1280053717),(148,33,2,1,'2010-07-22 16:39:02',1279787942),(147,34,1,4,'adminid=109,parentid=0',1279766096),(146,33,1,4,'adminid=106,parentid=0',1279765740),(145,19,2,1,'id=107',1279765621),(144,19,2,1,'2010-07-22 10:25:24',1279765524),(143,34,2,2,'id=109',1279736925),(142,33,2,1,'2010-07-21 22:07:42',1279721262),(141,33,2,2,'id=107',1279697599),(140,33,2,1,'2010-07-21 15:28:44',1279697324),(139,33,2,2,'id=105',1279696723),(138,19,2,2,'id=104',1279524529),(137,19,2,1,'2010-07-19 15:27:33',1279524453),(136,19,2,1,'2010-07-19 15:21:15',1279524075),(135,19,2,2,'id=103',1278992716),(134,19,2,1,'2010-07-13 11:41:09',1278992469),(133,19,2,2,'id=101',1278920773),(132,19,2,2,'id=100',1278920671),(131,19,1,4,'adminid=99,parentid=0',1278920656),(130,19,2,2,'id=99',1278920601),(129,19,2,1,'2010-07-12 15:42:55',1278920575),(128,19,1,4,'adminid=98,parentid=0',1278919562),(127,19,2,2,'id=98',1278919414),(126,19,1,4,'adminid=97,parentid=0',1278919373),(125,19,2,2,'id=97',1278919326),(124,19,1,4,'adminid=96,parentid=0',1278919198),(123,19,2,2,'id=96',1278919137),(122,19,2,1,'2010-07-12 11:14:17',1278904457),(121,19,2,1,'2010-07-11 15:43:38',1278834218),(120,19,2,1,'id=87',1278819922),(119,19,2,1,'2010-07-11 11:44:53',1278819893),(118,32,2,2,'id=93',1278750243),(117,32,2,1,'2010-07-10 16:19:31',1278749971),(116,19,2,1,'id=91',1278731374),(115,19,2,1,'2010-07-10 11:09:18',1278731358),(114,32,2,2,'id=91',1278730735),(113,32,2,1,'2010-07-10 10:58:28',1278730708),(112,32,2,1,'2010-07-10 10:52:32',1278730352),(111,19,2,1,'id=88',1278689240),(110,19,2,1,'2010-07-09 23:26:56',1278689216),(109,31,2,2,'id=88',1278689054),(108,19,2,1,'2010-07-09 23:12:50',1278688370),(107,19,2,2,'id=87',1278688158),(106,19,2,2,'2010-07-09 22:59:49',1278687589),(105,19,2,2,'2010-07-09 17:02:37',1278666157),(104,19,2,2,'2010-07-09 16:39:13',1278664753),(187,45,2,2,'id=141',1280136721),(188,45,2,2,'id=142',1280136812),(189,45,2,2,'id=143',1280136839),(190,19,1,30,'admin,:30',1280136889),(191,45,1,4,'adminid=131,parentid=0',1280136919),(192,45,1,4,'adminid=140,parentid=0',1280136930),(193,45,1,4,'adminid=135,parentid=0',1280136946),(194,45,1,4,'adminid=129,parentid=0',1280136953),(195,45,1,4,'adminid=137,parentid=0',1280136968),(196,19,2,1,'id=142',1280137008),(197,19,2,1,'id=138',1280137034),(198,45,1,4,'adminid=128,parentid=0',1280137062),(199,45,1,4,'adminid=143,parentid=0',1280137070),(200,45,2,1,'id=138',1280137142),(201,45,2,1,'id=142',1280137190),(202,45,1,2,'adminid=134,parentid=126',1280137230),(203,45,2,2,'id=148',1280137316),(204,45,2,2,'id=149',1280137457),(205,19,2,1,'id=142',1280138249),(206,19,2,1,'id=149',1280138286),(207,19,2,1,'id=148',1280139149),(208,19,2,1,'id=138',1280139203),(209,46,2,2,'id=154',1280141390),(210,46,2,2,'id=155',1280141403),(211,47,2,2,'id=156',1280142554),(212,47,2,2,'id=157',1280142570),(213,47,2,2,'id=158',1280142638),(214,47,2,1,'id=93',1280142737),(215,48,2,2,'id=160',1280150547),(216,48,2,2,'id=161',1280150558),(217,48,2,1,'id=161',1280150928),(218,19,2,1,'2010-07-26 22:16:20',1280153780),(219,48,1,2,'adminid=162,parentid=161',1280153899),(220,48,1,4,'adminid=161,parentid=0',1280153908),(221,48,1,4,'adminid=160,parentid=0',1280153915),(222,47,1,4,'adminid=156,parentid=0',1280153925),(223,19,2,1,'id=155',1280153991),(224,46,2,1,'id=155',1280156924),(225,46,2,2,'id=165',1280158084),(226,49,2,1,'2010-07-27 11:34:24',1280201664),(227,49,2,2,'id=166',1280204366),(228,50,2,2,'id=167',1280205245),(229,19,2,1,'2010-07-27 13:57:39',1280210259),(230,50,1,4,'adminid=167,parentid=0',1280210278),(231,19,2,1,'id=166',1280210302),(232,49,2,1,'id=166',1280210722),(233,51,2,1,'id=104',1280220452),(234,51,2,2,'id=171',1280220484),(235,19,2,1,'2010-07-27 17:25:33',1280222733),(236,19,2,1,'id=171',1280222766),(237,19,2,1,'id=166',1280222786),(238,53,2,1,'id=166',1280243614),(239,54,2,2,'id=175',1280253325),(240,49,2,1,'2010-07-28 08:57:36',1280278656),(241,49,2,1,'id=166',1280278704),(242,19,2,1,'2010-07-28 10:30:19',1280284219),(243,19,2,1,'id=166',1280284251),(244,19,2,1,'id=166',1280284318),(245,19,2,1,'id=175',1280284349),(246,19,2,1,'id=175',1280284410),(247,55,2,2,'id=181',1280290351),(248,55,2,1,'id=181',1280290383),(249,56,2,2,'id=183',1280310782),(250,56,2,2,'id=184',1280310864),(251,57,2,2,'id=185',1280312528),(252,60,2,2,'id=187',1280382096),(253,60,2,2,'id=188',1280382131),(254,19,2,1,'2010-07-29 13:46:49',1280382409),(255,60,1,4,'adminid=188,parentid=0',1280382431),(256,60,1,4,'adminid=187,parentid=0',1280382437),(257,57,1,4,'adminid=185,parentid=0',1280382447),(258,19,2,1,'id=183',1280382480),(259,56,1,4,'adminid=184,parentid=0',1280382483),(260,61,2,1,'2010-07-29 17:25:56',1280395556),(261,61,2,2,'id=190',1280395570),(262,61,2,2,'id=191',1280395637),(263,61,2,2,'id=192',1280395724),(264,61,2,1,'id=190',1280395766),(265,19,2,1,'2010-07-29 21:05:41',1280408741),(266,61,1,4,'adminid=191,parentid=0',1280408848),(267,61,1,2,'adminid=193,parentid=190',1280408863),(268,61,1,4,'adminid=192,parentid=0',1280408881),(269,19,1,4,'adminid=194,parentid=0',1280408949),(270,19,1,4,'adminid=195,parentid=0',1280409267),(271,19,2,2,'id=197',1280409305),(272,45,1,4,'adminid=130,parentid=0',1280409490),(273,19,2,2,'id=198',1280409512),(274,19,2,1,'id=198',1280410587),(275,19,1,4,'adminid=196,parentid=0',1280410668),(276,19,2,1,'2010-07-29 23:04:49',1280415889),(277,46,2,1,'2010-07-29 23:06:13',1280415973),(278,19,2,1,'2010-07-30 00:07:30',1280419650),(279,62,1,4,'adminid=203,parentid=0',1280419672),(280,62,1,4,'adminid=204,parentid=0',1280419717),(281,46,1,4,'adminid=202,parentid=0',1280419751),(282,46,1,4,'adminid=201,parentid=0',1280420369),(283,46,1,4,'adminid=208,parentid=0',1280420374),(284,19,2,1,'2010-07-30 12:49:29',1280465369),(285,19,1,4,'adminid=209,parentid=0',1280465395),(286,19,1,4,'adminid=210,parentid=0',1280465471),(287,63,2,2,'id=211',1280475697),(288,19,2,1,'2010-07-30 16:15:22',1280477722),(289,19,2,1,'id=211',1280477749),(290,19,2,1,'2010-07-30 18:08:18',1280484498),(291,19,2,1,'2010-07-30 18:13:24',1280484804),(292,64,2,2,'id=213',1280504337),(293,64,2,2,'id=214',1280504627),(294,65,2,2,'id=215',1280507597),(295,19,2,1,'2010-07-31 12:48:23',1280551703),(296,65,1,2,'adminid=215,parentid=0',1280551720),(297,64,1,2,'adminid=214,parentid=0',1280551781),(298,19,2,1,'id=213',1280551817),(299,68,2,1,'id=166',1280576913),(300,68,2,2,'id=219',1280577227),(301,19,2,1,'id=219',1280582975),(302,69,2,1,'2010-07-31 22:56:57',1280588217),(303,71,2,2,'id=222',1280676754),(304,71,2,2,'id=223',1280677041),(305,72,2,2,'id=224',1280717679),(306,19,2,1,'2010-08-02 10:56:29',1280717789),(307,19,2,1,'id=223',1280717818),(308,19,2,1,'id=224',1280717887),(309,19,2,1,'2010-08-02 14:24:11',1280730251),(310,19,2,1,'id=228',1280730361);

/*Table structure for table `iw_site` */

DROP TABLE IF EXISTS `iw_site`;

CREATE TABLE `iw_site` (
  `siteId` int(5) NOT NULL AUTO_INCREMENT,
  `title` varchar(255) NOT NULL,
  `fTitle` varchar(20) DEFAULT NULL,
  `description` varchar(255) NOT NULL,
  `keyword` varchar(255) NOT NULL,
  `domain` varchar(50) NOT NULL,
  `noUser` text,
  `noTag` text,
  `copyright` text NOT NULL,
  `icp` varchar(20) DEFAULT NULL,
  `mailType` tinyint(1) DEFAULT NULL,
  `smtp` varchar(30) DEFAULT NULL,
  `smtpUser` varchar(20) DEFAULT NULL,
  `smtpPwd` varchar(20) DEFAULT NULL,
  `receive` varchar(40) DEFAULT NULL,
  `mailText` text,
  `version` varchar(30) DEFAULT NULL,
  `home` varchar(20) DEFAULT NULL,
  PRIMARY KEY (`siteId`)
) ENGINE=MyISAM AUTO_INCREMENT=2 DEFAULT CHARSET=utf8;

/*Data for the table `iw_site` */

insert  into `iw_site`(`siteId`,`title`,`fTitle`,`description`,`keyword`,`domain`,`noUser`,`noTag`,`copyright`,`icp`,`mailType`,`smtp`,`smtpUser`,`smtpPwd`,`receive`,`mailText`,`version`,`home`) values (1,'V0.8------ThinkPHP--dadeng.org','V0.8','Thinkphp,,,,MP3,V0.8!,ucenter',',,,PHP,','http://www.weshuo.com','admin&#124;&#124;iceweb&#124;vip&#124;','&#124;&#124;&#124;&#124;&#124;&#124;&#124;&#124;&#124;&#124;','  2010 <script src=\"http://s4.cnzz.com/stat.php?id=2145590&web_id=2145590\" language=\"JavaScript\"></script>','ICP10022095',1,'smtp.163.com','webluoye','xxxxx','zweb@vip.qq.com','@userid@@site@\r\n','V0.8','home');

/*Table structure for table `iw_site_config` */

DROP TABLE IF EXISTS `iw_site_config`;

CREATE TABLE `iw_site_config` (
  `siteConfigId` tinyint(1) unsigned NOT NULL,
  `userCheck` tinyint(1) DEFAULT '1',
  `httpCheck` tinyint(1) DEFAULT '0',
  `mailCheck` tinyint(1) DEFAULT '0',
  `ipCheck` tinyint(1) DEFAULT '0',
  `sendCheck` tinyint(3) DEFAULT '0',
  `loginCheck` tinyint(3) DEFAULT '0',
  `scoreStart` tinyint(1) DEFAULT '1',
  `userScore` int(10) DEFAULT '10',
  `scoreLog` tinyint(1) DEFAULT '0',
  `loginScore` tinyint(2) DEFAULT '2',
  `createGet` tinyint(2) DEFAULT '2',
  `replayGet` tinyint(2) DEFAULT '1',
  `createDel` tinyint(2) DEFAULT '4',
  `replayDel` tinyint(2) DEFAULT '2',
  `hotScore` tinyint(2) DEFAULT '30',
  `inviteScore` tinyint(2) DEFAULT '20',
  `createGroup` tinyint(2) DEFAULT '10',
  `sendImg` tinyint(2) DEFAULT '4',
  `downloadScore` tinyint(2) DEFAULT '6',
  `uploadScore` tinyint(2) DEFAULT '4',
  `ucLogin` tinyint(1) DEFAULT '0',
  `textLen` int(10) DEFAULT '140',
  `fileSize` int(10) DEFAULT '512000',
  `commentOpen` tinyint(1) DEFAULT '1',
  `unloginSend` tinyint(1) DEFAULT '0',
  `openReg` tinyint(1) DEFAULT '1',
  `inviteReg` tinyint(1) DEFAULT '0',
  `hotTime` tinyint(3) DEFAULT '48',
  `catchTime` tinyint(2) DEFAULT '20',
  `sendTime` tinyint(2) DEFAULT '5',
  PRIMARY KEY (`siteConfigId`)
) ENGINE=MyISAM DEFAULT CHARSET=utf8;

/*Data for the table `iw_site_config` */

insert  into `iw_site_config`(`siteConfigId`,`userCheck`,`httpCheck`,`mailCheck`,`ipCheck`,`sendCheck`,`loginCheck`,`scoreStart`,`userScore`,`scoreLog`,`loginScore`,`createGet`,`replayGet`,`createDel`,`replayDel`,`hotScore`,`inviteScore`,`createGroup`,`sendImg`,`downloadScore`,`uploadScore`,`ucLogin`,`textLen`,`fileSize`,`commentOpen`,`unloginSend`,`openReg`,`inviteReg`,`hotTime`,`catchTime`,`sendTime`) values (1,0,0,0,0,0,1,1,10,0,2,2,1,4,2,30,20,10,4,6,4,1,160,512000,1,0,1,0,48,20,5);

/*Table structure for table `iw_tag` */

DROP TABLE IF EXISTS `iw_tag`;

CREATE TABLE `iw_tag` (
  `tagId` int(10) NOT NULL AUTO_INCREMENT,
  `tagName` varchar(100) NOT NULL,
  `createUser` int(10) NOT NULL,
  `createTime` int(10) NOT NULL,
  `userHome` varchar(30) NOT NULL,
  PRIMARY KEY (`tagId`)
) ENGINE=MyISAM AUTO_INCREMENT=96 DEFAULT CHARSET=utf8;

/*Data for the table `iw_tag` */

insert  into `iw_tag`(`tagId`,`tagName`,`createUser`,`createTime`,`userHome`) values (16,'',73,1280737764,''),(15,'',72,1280717679,''),(14,'google',61,1280395637,''),(13,'',45,1280136115,''),(11,'',19,1278689469,''),(10,'2010',19,1278687917,''),(18,'',109,1281514597,''),(19,'BUG',109,1281588619,''),(21,'',89,1281870757,''),(25,'',124,1282124390,''),(26,'',72,1282455200,''),(27,'',72,1282456725,''),(28,'CC',72,1282462577,''),(29,'BUG',137,1282488796,''),(30,'',137,1282488856,''),(31,'',40,1282627348,''),(32,'',114,1282687073,''),(33,'google',149,1282873308,''),(34,'valami',165,1283449967,''),(35,'',140,1283917322,''),(36,'',190,1285816940,''),(37,'',196,1286293087,''),(38,'0.7',124,1286461881,''),(39,'',46,1286653371,''),(41,'',46,1286726650,''),(42,'',81,1286890771,''),(43,'0.7 ',124,1286982976,''),(44,'',204,1287070891,''),(45,'',213,1287369261,''),(46,'',218,1287481093,''),(47,'',226,1287742555,''),(48,'',232,1287937912,''),(49,'',198,1287998778,''),(50,'',81,1288060416,''),(51,'',81,1288060448,''),(52,'',81,1288074563,''),(53,'ss',247,1288517335,''),(54,'test',253,1288748591,''),(55,'QQ360',19,1288879869,''),(56,'',245,1288920885,''),(57,'PK',66,1288960679,''),(58,'',81,1289123342,''),(59,'fdff',272,1289954810,''),(60,'123',104,1290230983,''),(61,'',286,1290561624,''),(62,'a',286,1290561787,''),(63,'',296,1290753202,''),(64,'',299,1291008377,''),(65,'',299,1291009739,''),(66,'(4.gif)',318,1291713795,''),(67,'',319,1291723599,''),(68,'',325,1291970562,''),(71,'V0.8.0',49,1292397316,''),(72,'sdaf',342,1292853162,''),(73,'sadfasdf',342,1292853169,''),(74,'sadfsd',342,1292853179,''),(75,'',346,1292913064,''),(69,'ASDDS',327,1291986458,''),(70,'0.8',124,1292209198,''),(76,'',350,1293026054,''),(77,'V0.8',49,1293546306,''),(78,'',81,1293584669,''),(79,'',19,1294486876,''),(80,'',394,1294637149,''),(81,'',82,1294674915,''),(82,'(3.gif)',410,1295145636,''),(83,'091;&',420,1295597524,''),(84,'(2.gif)(3.gif)',423,1295696366,''),(85,'fdsaadsf',426,1295797154,''),(86,'fdsafdsfds',426,1295797164,''),(87,'',444,1297398003,''),(88,'sadsadsa',444,1297398047,''),(89,'(31.gif)',368,1297511872,''),(90,'',479,1299182238,''),(91,'cnpeta',494,1300450603,''),(92,'hello world',510,1301328886,''),(93,'GOGO',259,1302140910,''),(94,'myGOD',524,1302156950,''),(95,'ssss',539,1303018666,'');

/*Table structure for table `iw_topic` */

DROP TABLE IF EXISTS `iw_topic`;

CREATE TABLE `iw_topic` (
  `topicId` int(10) NOT NULL AUTO_INCREMENT,
  `title` text NOT NULL,
  `userId` int(10) NOT NULL,
  `time` int(10) NOT NULL,
  `tagName` varchar(100) DEFAULT NULL,
  `groupId` int(10) NOT NULL,
  `parentId` int(10) NOT NULL,
  `status` tinyint(1) NOT NULL,
  `zhuan` int(10) DEFAULT NULL,
  `share` varchar(20) DEFAULT NULL,
  `client` varchar(20) DEFAULT NULL,
  `home` varchar(30) DEFAULT NULL,
  `address` varchar(20) DEFAULT NULL,
  `lastTime` datetime NOT NULL DEFAULT '0000-00-00 00:00:00',
  PRIMARY KEY (`topicId`)
) ENGINE=MyISAM AUTO_INCREMENT=1609 DEFAULT CHARSET=utf8;

/*Data for the table `iw_topic` */

insert  into `iw_topic`(`topicId`,`title`,`userId`,`time`,`tagName`,`groupId`,`parentId`,`status`,`zhuan`,`share`,`client`,`home`,`address`,`lastTime`) values (95,'',19,1278904590,NULL,5,0,1,NULL,NULL,NULL,'admin','','0000-00-00 00:00:00'),(90,'',19,1278689469,NULL,5,0,1,NULL,NULL,NULL,'admin','','0000-00-00 00:00:00'),(91,'',32,1278730735,NULL,5,0,1,NULL,NULL,NULL,'rongfei',NULL,'0000-00-00 00:00:00'),(88,'',31,1278689054,NULL,5,0,1,NULL,NULL,NULL,'cntime',NULL,'0000-00-00 00:00:00'),(93,'icon4.gificon5.gif',32,1278750243,NULL,5,0,1,NULL,NULL,NULL,'rongfei',NULL,'0000-00-00 00:00:00'),(271,'',91,1281167418,NULL,5,0,1,NULL,NULL,NULL,'jackeyery','','0000-00-00 00:00:00'),(87,'thinkphp123456(rewrite)',19,1278688158,NULL,7,0,1,NULL,NULL,NULL,'admin','','0000-00-00 00:00:00'),(101,'@@http://player.youku.com/player.php/sid/XMTg0MzUyNDA0/v.swf@@',19,1278920773,NULL,5,0,1,NULL,NULL,NULL,'admin','','0000-00-00 00:00:00'),(102,'',19,1278992675,NULL,5,0,1,NULL,NULL,NULL,'admin','','0000-00-00 00:00:00'),(103,'5',19,1278992716,NULL,7,0,1,NULL,NULL,NULL,'admin','','0000-00-00 00:00:00'),(104,'0.1',19,1279524529,NULL,7,0,1,NULL,NULL,NULL,'admin','','0000-00-00 00:00:00'),(105,'',33,1279696723,NULL,5,0,1,NULL,NULL,NULL,'lanhuazhimneg',NULL,'0000-00-00 00:00:00'),(107,'icon1.gif',33,1279697599,NULL,5,0,1,NULL,NULL,NULL,'lanhuazhimneg',NULL,'0000-00-00 00:00:00'),(108,'<br/>',33,1279697672,NULL,5,0,1,NULL,NULL,NULL,'lanhuazhimneg',NULL,'0000-00-00 00:00:00'),(110,'<br/>',34,1279737080,NULL,5,0,1,NULL,NULL,NULL,'cnzyum',NULL,'0000-00-00 00:00:00'),(270,'',90,1281162884,NULL,5,0,1,NULL,NULL,NULL,'233126','','0000-00-00 00:00:00'),(112,'thunder://QUFmdHA6Ly82OjZANnYuNjZ5cy5vcmc6MTAwMShvrj8tuC088asxvIpXd3dy42dmR5Lm5ldKG/x7nN9dauzfVEVkS5tPv1tDX1i5ybXZiWlo=',19,1280053746,NULL,5,0,1,NULL,NULL,NULL,'admin','','0000-00-00 00:00:00'),(119,'CSS',19,1280061906,NULL,3,0,1,NULL,NULL,NULL,'admin','','0000-00-00 00:00:00'),(120,'284057209',37,1280114312,NULL,5,0,1,NULL,NULL,NULL,'lineboy',NULL,'0000-00-00 00:00:00'),(121,'',38,1280114441,NULL,5,0,1,NULL,NULL,NULL,'yy1234',NULL,'0000-00-00 00:00:00'),(269,'<br/>',90,1281162873,NULL,5,0,1,NULL,NULL,NULL,'233126','','0000-00-00 00:00:00'),(268,'',90,1281162858,NULL,5,0,1,NULL,NULL,NULL,'233126','','0000-00-00 00:00:00'),(125,'',42,1280133093,NULL,5,0,1,NULL,NULL,NULL,'whcp888',NULL,'0000-00-00 00:00:00'),(126,'',41,1280133310,NULL,5,0,1,NULL,NULL,NULL,'owcall',NULL,'0000-00-00 00:00:00'),(267,'',89,1281162801,NULL,5,0,1,NULL,NULL,NULL,'dalang','','0000-00-00 00:00:00'),(264,'',89,1281162503,NULL,5,0,1,NULL,NULL,NULL,'dalang','','0000-00-00 00:00:00'),(266,'',90,1281162686,NULL,5,0,1,NULL,NULL,NULL,'233126','','0000-00-00 00:00:00'),(149,'',45,1280137457,NULL,5,0,1,NULL,NULL,NULL,'0538sd',NULL,'0000-00-00 00:00:00'),(148,'.',45,1280137316,NULL,5,0,1,NULL,NULL,NULL,'0538sd',NULL,'0000-00-00 00:00:00'),(136,'<br/>',45,1280136575,NULL,5,0,1,NULL,NULL,NULL,'0538sd',NULL,'0000-00-00 00:00:00'),(138,'',45,1280136609,NULL,5,0,1,NULL,NULL,NULL,'0538sd',NULL,'0000-00-00 00:00:00'),(139,'',45,1280136630,NULL,5,0,1,NULL,NULL,NULL,'0538sd',NULL,'0000-00-00 00:00:00'),(265,'@@http://www.tudou.com/l/1HTdRsAiGNU@@',89,1281162612,NULL,5,0,1,NULL,NULL,NULL,'dalang','','0000-00-00 00:00:00'),(141,'mp3',45,1280136721,NULL,5,0,1,NULL,NULL,NULL,'0538sd',NULL,'0000-00-00 00:00:00'),(142,'',45,1280136812,NULL,5,0,1,NULL,NULL,NULL,'0538sd',NULL,'0000-00-00 00:00:00'),(263,'UIhttp://www.daweibo.com/groups',89,1281162370,NULL,4,0,1,NULL,NULL,NULL,'dalang','','0000-00-00 00:00:00'),(154,'@@http://www.5ixm.net@@@',46,1280141390,NULL,5,0,1,NULL,NULL,NULL,'winkey','','0000-00-00 00:00:00'),(155,'',46,1280141403,NULL,5,0,1,NULL,NULL,NULL,'winkey','','0000-00-00 00:00:00'),(157,'icon10.gif',47,1280142570,NULL,5,0,1,NULL,NULL,NULL,'kunkunboy',NULL,'0000-00-00 00:00:00'),(158,'',47,1280142638,NULL,1,0,1,NULL,NULL,NULL,'kunkunboy',NULL,'0000-00-00 00:00:00'),(262,'UC',89,1281162295,NULL,4,0,1,NULL,NULL,NULL,'dalang','','0000-00-00 00:00:00'),(261,'<br/>',89,1281162118,NULL,5,0,1,NULL,NULL,NULL,'dalang','','0000-00-00 00:00:00'),(165,'@@http://player.56.com/cpm_NTM3NjE3MzM.swf@@',46,1280158084,NULL,5,0,1,NULL,NULL,NULL,'winkey','','0000-00-00 00:00:00'),(241,'0.5',54,1280846249,NULL,5,0,1,NULL,NULL,NULL,'teamo01','','0000-00-00 00:00:00'),(237,'AJAXIE6BUG',19,1280812236,NULL,3,0,1,NULL,NULL,NULL,'admin','','0000-00-00 00:00:00'),(198,'MSN',19,1280409512,NULL,7,0,1,NULL,NULL,NULL,'admin','','0000-00-00 00:00:00'),(166,'!!!!',49,1280204366,NULL,5,0,1,NULL,NULL,NULL,'indounet','','0000-00-00 00:00:00'),(260,'icon4.gif',88,1281159452,NULL,5,0,1,NULL,NULL,NULL,'doufenger','','0000-00-00 00:00:00'),(259,'<br/>',88,1281159396,NULL,5,0,1,NULL,NULL,NULL,'doufenger','','0000-00-00 00:00:00'),(171,'.',51,1280220484,NULL,5,0,1,NULL,NULL,NULL,'fishman',NULL,'0000-00-00 00:00:00'),(257,'',82,1281076432,NULL,5,0,1,NULL,NULL,NULL,'luckfish','','0000-00-00 00:00:00'),(255,'',81,1281076004,NULL,5,0,1,NULL,NULL,NULL,'sushehao','','0000-00-00 00:00:00'),(175,'think',54,1280253325,NULL,5,0,1,NULL,NULL,NULL,'teamo01','','0000-00-00 00:00:00'),(258,'``UC',72,1281143367,NULL,5,0,1,NULL,NULL,NULL,'yulequan','','0000-00-00 00:00:00'),(251,'MSN<br/>MSN',19,1281068568,NULL,5,0,1,NULL,NULL,NULL,'admin','','0000-00-00 00:00:00'),(252,'<br/>',80,1281075442,NULL,5,0,1,NULL,NULL,NULL,'safasf','','0000-00-00 00:00:00'),(250,'Q',78,1281068311,NULL,5,0,1,NULL,NULL,NULL,'meburn','','0000-00-00 00:00:00'),(248,'',79,1281064345,NULL,5,0,1,NULL,NULL,NULL,'249486659','','0000-00-00 00:00:00'),(249,'V0.5http://www.dadeng.org/dadeng.org-v0.5.7z7ZRAR!',19,1281065159,NULL,7,0,1,NULL,NULL,NULL,'admin','','0000-00-00 00:00:00'),(181,'icon11.gificon11.gif',55,1280290351,NULL,5,0,1,NULL,NULL,NULL,'123456',NULL,'0000-00-00 00:00:00'),(183,'VPS',56,1280310782,NULL,5,0,1,NULL,NULL,NULL,'suhotnet',NULL,'0000-00-00 00:00:00'),(247,'v0.5',19,1281014847,NULL,7,0,1,NULL,NULL,NULL,'admin','','0000-00-00 00:00:00'),(190,'icon1.gificon2.gificon3.gificon11.gificon10.gif',61,1280395570,NULL,5,0,1,NULL,NULL,NULL,'google','','0000-00-00 00:00:00'),(186,'<br/>',59,1280375513,NULL,5,0,1,NULL,NULL,NULL,'wwwdadengorg',NULL,'0000-00-00 00:00:00'),(246,'',77,1280999051,NULL,5,0,1,NULL,NULL,NULL,'dadeng','','0000-00-00 00:00:00'),(242,'',54,1280897129,NULL,5,0,1,NULL,NULL,NULL,'teamo01','','0000-00-00 00:00:00'),(243,'@@http://www.50hwsf.com/mp3/ss.mp3@@MP3',19,1280908915,NULL,5,0,1,NULL,NULL,NULL,'admin','','0000-00-00 00:00:00'),(197,'google',19,1280409305,NULL,5,0,1,NULL,NULL,NULL,'admin','','0000-00-00 00:00:00'),(256,'',81,1281076069,NULL,5,0,1,NULL,NULL,NULL,'sushehao','','0000-00-00 00:00:00'),(245,'',77,1280998972,NULL,5,0,1,NULL,NULL,NULL,'dadeng','','0000-00-00 00:00:00'),(200,'MSN<br/>MSN',19,1280418926,NULL,5,0,1,NULL,NULL,NULL,'admin','','0000-00-00 00:00:00'),(205,'MSN+<br/>MSN',62,1280419898,NULL,5,0,1,NULL,NULL,NULL,'dadengmsn',NULL,'0000-00-00 00:00:00'),(206,'<br/>MSN',46,1280419983,NULL,5,0,1,NULL,NULL,NULL,'winkey','','0000-00-00 00:00:00'),(207,'<br/>MSN',46,1280420087,NULL,5,0,1,NULL,NULL,NULL,'winkey','','0000-00-00 00:00:00'),(238,'...bug//index.phplocalhost/dadeng/__ROOT__/index.php...',75,1280817229,NULL,5,0,1,NULL,NULL,NULL,'silicon','ADSL','0000-00-00 00:00:00'),(235,'@@http://v.youku.com/v_show/id_XMTkzODE0NDY4.ht$$@@hjkhkhk',54,1280765119,NULL,5,0,1,NULL,NULL,NULL,'teamo01','','0000-00-00 00:00:00'),(211,'',63,1280475697,NULL,3,0,1,NULL,NULL,NULL,'billgame',NULL,'0000-00-00 00:00:00'),(234,'<br/>',54,1280764976,NULL,5,0,1,NULL,NULL,NULL,'teamo01','','0000-00-00 00:00:00'),(213,'',64,1280504337,NULL,5,0,1,NULL,NULL,NULL,'lixiangbin1027',NULL,'0000-00-00 00:00:00'),(244,'@@http://player.youku.com/player.php/sid/XMTkzODE0NDY4/v.swf@@MV',19,1280909794,NULL,5,0,1,NULL,NULL,NULL,'admin','','0000-00-00 00:00:00'),(217,'<br/>',19,1280569725,NULL,5,0,1,NULL,NULL,NULL,'admin','','0000-00-00 00:00:00'),(219,'~~~~(&gt;_&lt;)~~~~',68,1280577227,NULL,5,0,1,NULL,NULL,NULL,'opentk',NULL,'0000-00-00 00:00:00'),(220,'<br/>',69,1280577713,NULL,5,0,1,NULL,NULL,NULL,'xxf123',NULL,'0000-00-00 00:00:00'),(236,'~',74,1280804589,NULL,5,0,1,NULL,NULL,NULL,'1234561111111','ADSL','0000-00-00 00:00:00'),(222,'',71,1280676754,NULL,5,0,1,NULL,NULL,NULL,'srom000',NULL,'0000-00-00 00:00:00'),(223,'',71,1280677041,NULL,5,0,1,NULL,NULL,NULL,'srom000',NULL,'0000-00-00 00:00:00'),(224,'',72,1280717679,NULL,5,0,1,NULL,NULL,NULL,'yulequan','','0000-00-00 00:00:00'),(240,'',76,1280822870,NULL,5,0,1,NULL,NULL,NULL,'yingkou','','0000-00-00 00:00:00'),(227,'<br/>',72,1280718652,NULL,5,0,1,NULL,NULL,NULL,'yulequan','','0000-00-00 00:00:00'),(228,'<br/>',72,1280719237,NULL,5,0,1,NULL,NULL,NULL,'yulequan','','0000-00-00 00:00:00'),(231,'',73,1280737240,NULL,5,0,1,NULL,NULL,NULL,'orange','','0000-00-00 00:00:00'),(239,'',75,1280817334,NULL,5,0,1,NULL,NULL,NULL,'silicon','ADSL','0000-00-00 00:00:00'),(273,'',92,1281178159,NULL,5,0,1,NULL,NULL,NULL,'xec211','','0000-00-00 00:00:00'),(274,'0.5,WINNT',72,1281179941,NULL,5,0,1,NULL,NULL,NULL,'yulequan','','0000-00-00 00:00:00'),(275,'',93,1281180268,NULL,5,0,1,NULL,NULL,NULL,'halulu','','0000-00-00 00:00:00'),(276,'',93,1281181071,NULL,1,0,1,NULL,NULL,NULL,'halulu','','0000-00-00 00:00:00'),(277,'',93,1281181177,NULL,5,0,1,NULL,NULL,NULL,'halulu','','0000-00-00 00:00:00'),(278,'google',93,1281181522,NULL,5,0,1,NULL,NULL,NULL,'halulu','','0000-00-00 00:00:00'),(279,'',95,1281192851,NULL,5,0,1,NULL,NULL,NULL,'likun123','','0000-00-00 00:00:00'),(281,'<br/>',95,1281193242,NULL,7,0,1,NULL,NULL,NULL,'likun123','','0000-00-00 00:00:00'),(285,'@@http://www.tudou.com/playlist/playindex.do?lid=9717023@@9',72,1281236412,NULL,5,0,1,NULL,NULL,NULL,'yulequan','','0000-00-00 00:00:00'),(282,'O(_)O~',46,1281200661,NULL,5,0,1,NULL,NULL,NULL,'winkey','','0000-00-00 00:00:00'),(283,'http://down.ruomao.com/phpcode/boke/951.ht$$',97,1281224478,NULL,5,0,1,NULL,NULL,NULL,'555554','','0000-00-00 00:00:00'),(284,'',78,1281235195,NULL,5,0,1,NULL,NULL,NULL,'meburn','','0000-00-00 00:00:00'),(286,'@@http://player.youku.com/player.php/sid/XMTk1ODc4ODc2/v.swf@@',72,1281236568,NULL,5,0,1,NULL,NULL,NULL,'yulequan','','0000-00-00 00:00:00'),(291,'',100,1281274197,NULL,5,0,1,NULL,NULL,NULL,'xuanjie','','0000-00-00 00:00:00'),(289,'@@http://www.4999xyx.com/swf/12284.swf@@',72,1281236888,NULL,5,0,1,NULL,NULL,NULL,'yulequan','','0000-00-00 00:00:00'),(295,'phpaspphpphpQQ',107,1281409900,NULL,4,0,1,NULL,NULL,NULL,'redlike','()','0000-00-00 00:00:00'),(292,'<br/>',101,1281276017,NULL,5,0,1,NULL,NULL,NULL,'sunyihai','','0000-00-00 00:00:00'),(296,'..blog!!!!www.indou.net!!',49,1281415510,NULL,5,0,1,NULL,NULL,NULL,'indounet','','0000-00-00 00:00:00'),(297,'<br/>',19,1281495113,NULL,5,0,1,NULL,NULL,NULL,'admin','','0000-00-00 00:00:00'),(298,'',109,1281514597,NULL,5,0,1,NULL,NULL,NULL,'mcarlos','','0000-00-00 00:00:00'),(299,'QQ',89,1281517957,NULL,5,0,1,NULL,NULL,NULL,'dalang','','0000-00-00 00:00:00'),(300,'4',89,1281517988,NULL,4,0,1,NULL,NULL,NULL,'dalang','','0000-00-00 00:00:00'),(301,'http://www.bangongjiaju123.com/',89,1281518023,NULL,5,0,1,NULL,NULL,NULL,'dalang','','0000-00-00 00:00:00'),(302,'ThinkPHP',111,1281579778,NULL,5,0,1,NULL,NULL,NULL,'o553com','ADSL','0000-00-00 00:00:00'),(303,'GOOGLE',19,1281583201,NULL,7,0,1,NULL,NULL,NULL,'admin','','0000-00-00 00:00:00'),(304,'',111,1281583973,NULL,5,0,1,NULL,NULL,NULL,'o553com','ADSL','0000-00-00 00:00:00'),(305,'rewrite',109,1281588619,NULL,3,0,1,NULL,NULL,NULL,'mcarlos','','0000-00-00 00:00:00'),(307,'FLASH<br/>',19,1281602100,NULL,5,0,1,NULL,NULL,NULL,'admin','','0000-00-00 00:00:00'),(308,'QQ',89,1281609948,NULL,5,0,1,NULL,NULL,NULL,'dalang','','0000-00-00 00:00:00'),(309,'@@http://www.tudou.com/v/wGFK_2VtloE/v.swf@@',89,1281610055,NULL,5,0,1,NULL,NULL,NULL,'dalang','','0000-00-00 00:00:00'),(318,'URLWEBSERVERconf/config.phpURL_MODE=2urlriwrite',19,1281615386,NULL,3,0,1,NULL,NULL,NULL,'admin','','0000-00-00 00:00:00'),(311,'@@http://www.tudou.com/l/1HTdRsAiGNU@@',89,1281610265,NULL,5,0,1,NULL,NULL,NULL,'dalang','','0000-00-00 00:00:00'),(312,'@@http://www.tudou.com/v/oru8DPzYgKk/v.swf@@',89,1281610324,NULL,5,0,1,NULL,NULL,NULL,'dalang','','0000-00-00 00:00:00'),(313,'',89,1281610433,NULL,5,0,1,NULL,NULL,NULL,'dalang','','0000-00-00 00:00:00'),(314,'0.6UC',89,1281610697,NULL,5,0,1,NULL,NULL,NULL,'dalang','','0000-00-00 00:00:00'),(315,'',112,1281612927,NULL,5,0,1,NULL,NULL,NULL,'tiger1986','functiontestforbanne','0000-00-00 00:00:00'),(316,'',93,1281613168,NULL,5,0,1,NULL,NULL,NULL,'halulu','','0000-00-00 00:00:00'),(317,'QQ',89,1281613644,NULL,4,0,1,NULL,NULL,NULL,'dalang','','0000-00-00 00:00:00'),(319,'',89,1281620403,NULL,5,0,1,NULL,NULL,NULL,'dalang','','0000-00-00 00:00:00'),(320,'',89,1281620848,NULL,4,0,1,NULL,NULL,NULL,'dalang','','0000-00-00 00:00:00'),(321,'Ucenter',89,1281621129,NULL,4,0,1,NULL,NULL,NULL,'dalang','','0000-00-00 00:00:00'),(328,'@@http://www.tudou.com/player/outside/beta_music.swf?iid=11916251@@',19,1281697545,NULL,5,0,1,NULL,NULL,NULL,'admin','','0000-00-00 00:00:00'),(325,'<br/>',114,1281678776,NULL,5,0,1,NULL,NULL,NULL,'my01bb','','0000-00-00 00:00:00'),(327,'V0.6QQ(21.gif)',19,1281697039,NULL,7,0,1,NULL,NULL,NULL,'admin','','0000-00-00 00:00:00'),(329,'@@http://www.tudou.com/l/1HTdRsAiGNU@@',89,1281700349,NULL,5,0,1,NULL,NULL,NULL,'dalang','','0000-00-00 00:00:00'),(330,'<br/>',89,1281700402,NULL,5,0,1,NULL,NULL,NULL,'dalang','','0000-00-00 00:00:00'),(331,'',89,1281701917,NULL,5,0,1,NULL,NULL,NULL,'dalang','','0000-00-00 00:00:00'),(332,'',89,1281701944,NULL,5,0,1,NULL,NULL,NULL,'dalang','','0000-00-00 00:00:00'),(333,'@@http://www.tudou.com/v/99SsFyYo--U/v.swf@@',89,1281705392,NULL,5,0,1,NULL,NULL,NULL,'dalang','','0000-00-00 00:00:00'),(334,'<br/>',19,1281709082,NULL,5,0,1,NULL,NULL,NULL,'admin','','0000-00-00 00:00:00'),(335,'@@http://www.tudou.com/player/outside/beta_music.swf?iid=57278981@@',89,1281711448,NULL,5,0,1,NULL,NULL,NULL,'dalang','','0000-00-00 00:00:00'),(336,'',82,1281714150,NULL,5,0,1,NULL,NULL,NULL,'luckfish','','0000-00-00 00:00:00'),(344,'',119,1281856053,NULL,5,0,1,NULL,NULL,NULL,'lsilas','','0000-00-00 00:00:00'),(346,'',89,1281859293,NULL,5,0,1,NULL,NULL,NULL,'dalang','','0000-00-00 00:00:00'),(343,'',117,1281747885,NULL,5,0,1,NULL,NULL,NULL,'wlghtl','()','0000-00-00 00:00:00'),(341,'@@http://player.youku.com/player.php/sid/XMTI3OTkzNjcy/v.swf@@test',115,1281716309,NULL,5,0,1,NULL,NULL,NULL,'nocruel','','0000-00-00 00:00:00'),(347,'SEO',89,1281859755,NULL,5,0,1,NULL,NULL,NULL,'dalang','','0000-00-00 00:00:00'),(348,'',89,1281861286,NULL,4,0,1,NULL,NULL,NULL,'dalang','','0000-00-00 00:00:00'),(349,'8',89,1281861599,NULL,4,0,1,NULL,NULL,NULL,'dalang','','0000-00-00 00:00:00'),(350,'1234',89,1281865529,NULL,4,0,1,NULL,NULL,NULL,'dalang','','0000-00-00 00:00:00'),(351,'0.6UCUCENTER',89,1281870567,NULL,5,0,1,NULL,NULL,NULL,'dalang','','0000-00-00 00:00:00'),(352,'MM#',89,1281870757,NULL,5,0,1,NULL,NULL,NULL,'dalang','','0000-00-00 00:00:00'),(353,'QQ',89,1281879076,NULL,4,0,1,NULL,NULL,NULL,'dalang','','0000-00-00 00:00:00'),(354,'',89,1281879139,NULL,4,0,1,NULL,NULL,NULL,'dalang','','0000-00-00 00:00:00'),(355,'mm#',89,1281956017,NULL,5,0,1,NULL,NULL,NULL,'dalang','','0000-00-00 00:00:00'),(356,'<br/>',89,1281956626,NULL,5,0,1,NULL,NULL,NULL,'dalang','','0000-00-00 00:00:00'),(357,'',89,1281957132,NULL,5,0,1,NULL,NULL,NULL,'dalang','','0000-00-00 00:00:00'),(358,'BUG',89,1281957212,NULL,5,0,1,NULL,NULL,NULL,'dalang','','0000-00-00 00:00:00'),(359,'URLblogdadeng.com/show/iddadeng.com/groupdadeng.com/tagblog',89,1281957866,NULL,5,0,1,NULL,NULL,NULL,'dalang','','0000-00-00 00:00:00'),(360,'1',89,1281959328,NULL,5,0,1,NULL,NULL,NULL,'dalang','','0000-00-00 00:00:00'),(361,'77UCH6',89,1281962630,NULL,5,0,1,NULL,NULL,NULL,'dalang','','0000-00-00 00:00:00'),(362,'@@http://www.lxyz.zj.cn/userfiles/blog/mojinghong/uploadfiles/2010072609071020.mp3@@',89,1281963000,NULL,5,0,1,NULL,NULL,NULL,'dalang','','0000-00-00 00:00:00'),(363,'QQ122085750',19,1281966058,NULL,7,0,1,NULL,NULL,NULL,'admin','','0000-00-00 00:00:00'),(364,'',89,1282017638,NULL,5,0,1,NULL,NULL,NULL,'dalang','','0000-00-00 00:00:00'),(365,'0.6http://www.dadeng.org/dadeng.org-v0.6.7z',19,1282031091,NULL,7,0,1,NULL,NULL,NULL,'admin','','0000-00-00 00:00:00'),(366,'',121,1282061877,NULL,5,0,1,NULL,NULL,NULL,'tietai','','0000-00-00 00:00:00'),(368,'',121,1282061941,NULL,1,0,1,NULL,NULL,NULL,'tietai','','0000-00-00 00:00:00'),(375,'',124,1282124390,NULL,5,0,1,NULL,NULL,NULL,'hongbin','','0000-00-00 00:00:00'),(374,'(1.gif)(12.gif)',123,1282122727,NULL,5,0,1,NULL,NULL,NULL,'torome','','0000-00-00 00:00:00'),(371,'!.',122,1282106493,NULL,5,0,1,NULL,NULL,NULL,'sluhack','','0000-00-00 00:00:00'),(373,'hello',123,1282122711,NULL,5,0,1,NULL,NULL,NULL,'torome','','0000-00-00 00:00:00'),(372,'<br/>',113,1282112119,NULL,5,0,1,NULL,NULL,NULL,'zjs0803','','0000-00-00 00:00:00'),(379,'0.7',89,1282141244,NULL,5,0,1,NULL,NULL,NULL,'dalang','','0000-00-00 00:00:00'),(378,'',125,1282136553,NULL,5,0,1,NULL,NULL,NULL,'jinqiu','AsiastarTeleco','0000-00-00 00:00:00'),(381,'helloworld',128,1282150817,NULL,5,0,1,NULL,NULL,NULL,'joun98','','0000-00-00 00:00:00'),(384,'',124,1282191058,NULL,5,0,1,NULL,NULL,NULL,'hongbin','','0000-00-00 00:00:00'),(385,'@@http://v.youku.com/v_show/id_XMTk4NzY5ODEy.html@@---',124,1282191729,NULL,5,0,1,NULL,NULL,NULL,'hongbin','','0000-00-00 00:00:00'),(386,'<br/>',103,1282202190,NULL,5,0,1,NULL,NULL,NULL,'ouyang','','0000-00-00 00:00:00'),(387,'',103,1282202312,NULL,3,0,1,NULL,NULL,NULL,'ouyang','','0000-00-00 00:00:00'),(388,'qq<br/>',124,1282223460,NULL,5,0,1,NULL,NULL,NULL,'hongbin','','0000-00-00 00:00:00'),(389,'<br/>',130,1282271751,NULL,5,0,1,NULL,NULL,NULL,'libibsdddffs','','0000-00-00 00:00:00'),(390,'<br/>',130,1282271919,NULL,5,0,1,NULL,NULL,NULL,'libibsdddffs','','0000-00-00 00:00:00'),(391,',',130,1282272045,NULL,5,0,1,NULL,NULL,NULL,'libibsdddffs','','0000-00-00 00:00:00'),(392,'<br/>',131,1282274631,NULL,5,0,1,NULL,NULL,NULL,'kmoddd','ADSL','0000-00-00 00:00:00'),(393,'(4.gif)(6.gif)',131,1282274899,NULL,5,0,1,NULL,NULL,NULL,'kmoddd','ADSL','0000-00-00 00:00:00'),(394,'',131,1282274966,NULL,5,0,1,NULL,NULL,NULL,'kmoddd','ADSL','0000-00-00 00:00:00'),(395,'<br/>',131,1282277906,NULL,5,0,1,NULL,NULL,NULL,'kmoddd','ADSL','0000-00-00 00:00:00'),(396,'',131,1282277929,NULL,5,0,1,NULL,NULL,NULL,'kmoddd','ADSL','0000-00-00 00:00:00'),(397,'<br/>',113,1282293154,NULL,5,0,1,NULL,NULL,NULL,'zjs0803','','0000-00-00 00:00:00'),(398,'',81,1282293630,NULL,5,0,1,NULL,NULL,NULL,'sushehao','','0000-00-00 00:00:00'),(399,'dadengUIUI',81,1282293659,NULL,5,0,1,NULL,NULL,NULL,'sushehao','','0000-00-00 00:00:00'),(400,'',81,1282293680,NULL,5,0,1,NULL,NULL,NULL,'sushehao','','0000-00-00 00:00:00'),(401,'',81,1282293697,NULL,5,0,1,NULL,NULL,NULL,'sushehao','','0000-00-00 00:00:00'),(402,'(13.gif)',81,1282293728,NULL,5,0,1,NULL,NULL,NULL,'sushehao','','0000-00-00 00:00:00'),(403,'<br/>',81,1282293756,NULL,5,0,1,NULL,NULL,NULL,'sushehao','','0000-00-00 00:00:00'),(404,'',81,1282293874,NULL,5,0,1,NULL,NULL,NULL,'sushehao','','0000-00-00 00:00:00'),(405,'',81,1282310332,NULL,5,0,1,NULL,NULL,NULL,'sushehao','','0000-00-00 00:00:00'),(406,'(13.gif)',132,1282315727,NULL,5,0,1,NULL,NULL,NULL,'hwz888','','0000-00-00 00:00:00'),(407,'.',132,1282315765,NULL,5,0,1,NULL,NULL,NULL,'hwz888','','0000-00-00 00:00:00'),(408,'@',81,1282352105,NULL,5,0,1,NULL,NULL,NULL,'sushehao','','0000-00-00 00:00:00'),(409,'<br/>',81,1282352192,NULL,5,0,1,NULL,NULL,NULL,'sushehao','','0000-00-00 00:00:00'),(410,'',133,1282353472,NULL,5,0,1,NULL,NULL,NULL,'123123','','0000-00-00 00:00:00'),(411,'',133,1282354017,NULL,5,0,1,NULL,NULL,NULL,'123123','','0000-00-00 00:00:00'),(412,'--ForbiddenYoudonthavepermissiontoaccess/index.php/adminsys/savesiteonthisserver.Additionally,a404NotFoun',134,1282380282,NULL,5,0,1,NULL,NULL,NULL,'xikebbs','','0000-00-00 00:00:00'),(413,'cookies',81,1282391481,NULL,5,0,1,NULL,NULL,NULL,'sushehao','','0000-00-00 00:00:00'),(414,'',81,1282391549,NULL,5,0,1,NULL,NULL,NULL,'sushehao','','0000-00-00 00:00:00'),(415,'1.7',81,1282391633,NULL,5,0,1,NULL,NULL,NULL,'sushehao','','0000-00-00 00:00:00'),(416,'0.7UI',81,1282391655,NULL,5,0,1,NULL,NULL,NULL,'sushehao','','0000-00-00 00:00:00'),(417,'QQ',81,1282391667,NULL,5,0,1,NULL,NULL,NULL,'sushehao','','0000-00-00 00:00:00'),(418,'',81,1282391678,NULL,5,0,1,NULL,NULL,NULL,'sushehao','','0000-00-00 00:00:00'),(420,'',81,1282392831,NULL,5,0,1,NULL,NULL,NULL,'sushehao','','0000-00-00 00:00:00'),(423,'API<br/>',72,1282453998,NULL,5,0,1,NULL,NULL,NULL,'yulequan','','0000-00-00 00:00:00'),(421,'',135,1282417374,NULL,5,0,1,NULL,NULL,NULL,'win7cc','functiontestforbanne','0000-00-00 00:00:00'),(422,'19',136,1282442411,NULL,5,0,1,NULL,NULL,NULL,'httply','ADSL','0000-00-00 00:00:00'),(424,'##INDEX.PHPINDEX.php<br/>',72,1282454695,NULL,5,0,1,NULL,NULL,NULL,'yulequan','','0000-00-00 00:00:00'),(425,'<br/>',54,1282454905,NULL,5,0,1,NULL,NULL,NULL,'teamo01','','0000-00-00 00:00:00'),(426,'',72,1282455200,NULL,5,0,1,NULL,NULL,NULL,'yulequan','','0000-00-00 00:00:00'),(427,'MP3WMA',72,1282456725,NULL,5,0,1,NULL,NULL,NULL,'yulequan','','0000-00-00 00:00:00'),(428,'CChttp://union.bokecc.com/flash/player.swf?videoID=14341_5969656',72,1282462577,NULL,5,0,1,NULL,NULL,NULL,'yulequan','','0000-00-00 00:00:00'),(429,'',134,1282463540,NULL,5,0,1,NULL,NULL,NULL,'xikebbs','','0000-00-00 00:00:00'),(431,'@@http://player.youku.com/player.php/sid/XMTk5MzY3MTcy/v.swf@@',134,1282464384,NULL,5,0,1,NULL,NULL,NULL,'xikebbs','','0000-00-00 00:00:00'),(432,'',134,1282469111,NULL,5,0,1,NULL,NULL,NULL,'xikebbs','','0000-00-00 00:00:00'),(433,'',134,1282469267,NULL,5,0,1,NULL,NULL,NULL,'xikebbs','','0000-00-00 00:00:00'),(434,'0.7(30.gif)',19,1282487733,NULL,7,0,1,NULL,NULL,NULL,'admin','','0000-00-00 00:00:00'),(435,'',137,1282488796,NULL,5,0,1,NULL,NULL,NULL,'laowang','','0000-00-00 00:00:00'),(436,'P',137,1282488856,NULL,5,0,1,NULL,NULL,NULL,'laowang','','0000-00-00 00:00:00'),(441,'(0.gif)',139,1282538205,NULL,5,0,1,NULL,NULL,NULL,'5566ku','','0000-00-00 00:00:00'),(438,'',130,1282526578,NULL,5,0,1,NULL,NULL,NULL,'libibsdddffs','','0000-00-00 00:00:00'),(439,'<br/>',130,1282526606,NULL,5,0,1,NULL,NULL,NULL,'libibsdddffs','','0000-00-00 00:00:00'),(445,'<br/>',140,1282611363,NULL,5,0,1,NULL,NULL,NULL,'woai2006','','0000-00-00 00:00:00'),(444,'',139,1282538287,NULL,5,0,1,NULL,NULL,NULL,'5566ku','','0000-00-00 00:00:00'),(446,'',140,1282611378,NULL,5,0,1,NULL,NULL,NULL,'woai2006','','0000-00-00 00:00:00'),(447,'',140,1282611505,NULL,5,0,1,NULL,NULL,NULL,'woai2006','','0000-00-00 00:00:00'),(448,'',140,1282611530,NULL,1,0,1,NULL,NULL,NULL,'woai2006','','0000-00-00 00:00:00'),(449,'',141,1282619645,NULL,5,0,1,NULL,NULL,NULL,'feiniao','','0000-00-00 00:00:00'),(466,'0.7(30.gif)',134,1282919536,NULL,5,0,1,NULL,NULL,NULL,'xikebbs','','0000-00-00 00:00:00'),(451,'<br/>',141,1282619809,NULL,5,0,1,NULL,NULL,NULL,'feiniao','','0000-00-00 00:00:00'),(462,'',140,1282705417,NULL,5,0,1,NULL,NULL,NULL,'woai2006','','0000-00-00 00:00:00'),(461,'',114,1282687073,NULL,2,0,1,NULL,NULL,NULL,'my01bb','','0000-00-00 00:00:00'),(463,'',147,1282725334,NULL,5,0,1,NULL,NULL,NULL,'yjm618','','0000-00-00 00:00:00'),(456,'<br/>',40,1282627044,NULL,5,0,1,NULL,NULL,NULL,'mengzc','','0000-00-00 00:00:00'),(457,'2010817',40,1282627217,NULL,5,0,1,NULL,NULL,NULL,'mengzc','','0000-00-00 00:00:00'),(465,'0.6googlekey,',149,1282873308,NULL,5,0,1,NULL,NULL,NULL,'gogogo','','0000-00-00 00:00:00'),(464,'(4.gif)',89,1282832665,NULL,5,0,1,NULL,NULL,NULL,'dalang','','0000-00-00 00:00:00'),(467,'google',134,1282919623,NULL,5,0,1,NULL,NULL,NULL,'xikebbs','','0000-00-00 00:00:00'),(469,'',153,1283050311,NULL,5,0,1,NULL,NULL,NULL,'osacar','','0000-00-00 00:00:00'),(471,'@@http://player.youku.com/player.php/sid/XNzQ3ODcyMA==/v.swf@@123',154,1283060395,NULL,5,0,1,NULL,NULL,NULL,'nestlake','','0000-00-00 00:00:00'),(489,'#',164,1283408587,NULL,5,0,1,NULL,NULL,NULL,'1111111','','0000-00-00 00:00:00'),(479,'verygood?',163,1283332062,NULL,5,0,1,NULL,NULL,NULL,'reg0901','functiontestforbanne','0000-00-00 00:00:00'),(477,'map/index.htmlmap.setCenter(point,6);1-19',19,1283317056,NULL,7,0,1,NULL,NULL,NULL,'admin','','0000-00-00 00:00:00'),(474,'',158,1283144687,NULL,5,0,1,NULL,NULL,NULL,'taoyan','','0000-00-00 00:00:00'),(475,'scriptD:/apache22/htdocs/index.phpnotfoundorunabletostat,referer:http://localhost/btblog/index.php/user/passwd',160,1283226415,NULL,5,0,1,NULL,NULL,NULL,'zrmoblog','','0000-00-00 00:00:00'),(487,'<br/>',164,1283408515,NULL,5,0,1,NULL,NULL,NULL,'1111111','','0000-00-00 00:00:00'),(482,'cannotseeanycomments',163,1283332475,NULL,5,0,1,NULL,NULL,NULL,'reg0901','functiontestforbanne','0000-00-00 00:00:00'),(483,'',163,1283332496,NULL,5,0,1,NULL,NULL,NULL,'reg0901','functiontestforbanne','0000-00-00 00:00:00'),(490,'',81,1283433347,NULL,5,0,1,NULL,NULL,NULL,'sushehao','','0000-00-00 00:00:00'),(491,'@sb@@',81,1283433415,NULL,5,0,1,NULL,NULL,NULL,'sushehao','','0000-00-00 00:00:00'),(486,'7.0',152,1283357860,NULL,5,0,1,NULL,NULL,NULL,'abc6366','','0000-00-00 00:00:00'),(492,'<br/>',165,1283449940,NULL,5,0,1,NULL,NULL,NULL,'woonzit','functiontestforbanne','0000-00-00 00:00:00'),(493,'',165,1283449967,NULL,5,0,1,NULL,NULL,NULL,'woonzit','functiontestforbanne','0000-00-00 00:00:00'),(494,'',167,1283618328,NULL,5,0,1,NULL,NULL,NULL,'gucheng','','0000-00-00 00:00:00'),(495,'<br/>',167,1283618350,NULL,5,0,1,NULL,NULL,NULL,'gucheng','','0000-00-00 00:00:00'),(498,'WAP',168,1283630261,NULL,5,0,1,NULL,NULL,NULL,'kimin86','','0000-00-00 00:00:00'),(500,'bug',140,1283917515,NULL,3,0,1,NULL,NULL,NULL,'woai2006','','0000-00-00 00:00:00'),(499,'',140,1283917322,NULL,5,0,1,NULL,NULL,NULL,'woai2006','','0000-00-00 00:00:00'),(501,'<br/>',140,1283917636,NULL,5,0,1,NULL,NULL,NULL,'woai2006','','0000-00-00 00:00:00'),(502,'',170,1283929357,NULL,5,0,1,NULL,NULL,NULL,'123456789','','0000-00-00 00:00:00'),(503,'',170,1283929377,NULL,5,0,1,NULL,NULL,NULL,'123456789','','0000-00-00 00:00:00'),(504,'',170,1283933156,NULL,5,0,1,NULL,NULL,NULL,'123456789','','0000-00-00 00:00:00'),(505,'',160,1283996542,NULL,5,0,1,NULL,NULL,NULL,'zrmoblog','','0000-00-00 00:00:00'),(506,'',140,1284177080,NULL,5,0,1,NULL,NULL,NULL,'woai2006','','0000-00-00 00:00:00'),(507,'',140,1284178639,NULL,5,0,1,NULL,NULL,NULL,'woai2006','','0000-00-00 00:00:00'),(508,'?dzx',140,1284204349,NULL,5,0,1,NULL,NULL,NULL,'woai2006','','0000-00-00 00:00:00'),(509,'',140,1284204437,NULL,5,0,1,NULL,NULL,NULL,'woai2006','','0000-00-00 00:00:00'),(510,'1234',140,1284205962,NULL,4,0,1,NULL,NULL,NULL,'woai2006','','0000-00-00 00:00:00'),(511,'',140,1284219423,NULL,3,0,1,NULL,NULL,NULL,'woai2006','','0000-00-00 00:00:00'),(512,'',140,1284219476,NULL,3,0,1,NULL,NULL,NULL,'woai2006','','0000-00-00 00:00:00'),(519,'<br/>',174,1284628032,NULL,5,0,1,NULL,NULL,NULL,'icanican','','0000-00-00 00:00:00'),(516,'<br/>',171,1284519900,NULL,5,0,1,NULL,NULL,NULL,'freespace','','0000-00-00 00:00:00'),(517,'http://www.hlwqz.com',172,1284537904,NULL,5,0,1,NULL,NULL,NULL,'hlwqz168','','0000-00-00 00:00:00'),(523,'@@http://player.ku6.com/refer/fcrhV1O0aslWUeeR/v.swf@@',19,1284959154,NULL,5,0,1,NULL,NULL,NULL,'admin','','0000-00-00 00:00:00'),(521,'@@http://player.56.com/v_54850115.swf@@!',174,1284628353,NULL,5,0,1,NULL,NULL,NULL,'icanican','','0000-00-00 00:00:00'),(522,'XX(15.gif)',19,1284944277,NULL,5,0,1,NULL,NULL,NULL,'admin','','0000-00-00 00:00:00'),(524,'LOVECtrl+A<br/>',19,1285056900,NULL,5,0,1,NULL,NULL,NULL,'admin','','0000-00-00 00:00:00'),(527,'',180,1285316297,NULL,5,0,1,NULL,NULL,NULL,'422422','','0000-00-00 00:00:00'),(526,'<br/>',19,1285166672,NULL,5,0,1,NULL,NULL,NULL,'admin','','0000-00-00 00:00:00'),(528,'',81,1285330554,NULL,5,0,1,NULL,NULL,NULL,'sushehao','','0000-00-00 00:00:00'),(529,'QQ<br/>',19,1285555423,NULL,5,0,1,NULL,NULL,NULL,'admin','','0000-00-00 00:00:00'),(530,'',183,1285570822,NULL,5,0,1,NULL,NULL,NULL,'comsent','','0000-00-00 00:00:00'),(531,'',185,1285591155,NULL,5,0,1,NULL,NULL,NULL,'arclub','','0000-00-00 00:00:00'),(532,'',186,1285602059,NULL,5,0,1,NULL,NULL,NULL,'skyper','','0000-00-00 00:00:00'),(539,'',193,1286023573,NULL,5,0,1,NULL,NULL,NULL,'342396562','()ADSL','0000-00-00 00:00:00'),(534,'<br/>',183,1285666004,NULL,5,0,1,NULL,NULL,NULL,'comsent','','0000-00-00 00:00:00'),(537,'',190,1285816940,NULL,5,0,1,NULL,NULL,NULL,'dandiao','','0000-00-00 00:00:00'),(538,'',193,1286023473,NULL,5,0,1,NULL,NULL,NULL,'342396562','()ADSL','0000-00-00 00:00:00'),(547,'',196,1286293087,NULL,5,0,1,NULL,NULL,NULL,'yizhizaipao','','0000-00-00 00:00:00'),(546,'',196,1286292986,NULL,5,0,1,NULL,NULL,NULL,'yizhizaipao','','0000-00-00 00:00:00'),(545,'<br/>',195,1286194499,NULL,5,0,1,NULL,NULL,NULL,'sheepchang','','0000-00-00 00:00:00'),(551,'0.7',198,1286460315,NULL,0,0,1,NULL,NULL,NULL,'maoxiaobing','','0000-00-00 00:00:00'),(552,'#0.7#',124,1286461881,NULL,0,0,1,NULL,NULL,NULL,'hongbin','','0000-00-00 00:00:00'),(553,'',89,1286462531,NULL,0,0,1,NULL,NULL,NULL,'dalang','','0000-00-00 00:00:00'),(554,'',89,1286462721,NULL,0,0,1,NULL,NULL,NULL,'dalang','','0000-00-00 00:00:00'),(560,'O(_)O~ ',46,1286474368,NULL,0,0,1,NULL,NULL,NULL,'winkey','','0000-00-00 00:00:00'),(561,'<br/>',46,1286474456,NULL,0,0,1,NULL,NULL,NULL,'winkey','','0000-00-00 00:00:00'),(556,'<br/>',89,1286463497,NULL,0,0,1,NULL,NULL,NULL,'dalang','','0000-00-00 00:00:00'),(557,'@@http://player.youku.com/player.php/sid/XMjEyNDUzNjI4/v.swf@@',89,1286463674,NULL,0,0,1,NULL,NULL,NULL,'dalang','','0000-00-00 00:00:00'),(558,'<br/>',89,1286464015,NULL,0,0,1,NULL,NULL,NULL,'dalang','','0000-00-00 00:00:00'),(559,'<br/>',152,1286464044,NULL,0,0,1,NULL,NULL,NULL,'abc6366','','0000-00-00 00:00:00'),(564,'<br/>',171,1286548390,NULL,0,0,1,NULL,NULL,NULL,'freespace','','0000-00-00 00:00:00'),(567,'<br/>',46,1286551340,NULL,0,0,1,NULL,NULL,NULL,'winkey','','0000-00-00 00:00:00'),(568,'',66,1286581335,NULL,0,0,1,NULL,NULL,NULL,'dxkdxk','','0000-00-00 00:00:00'),(569,'## ',46,1286653371,NULL,0,0,1,NULL,NULL,NULL,'winkey','','0000-00-00 00:00:00'),(570,'  ',200,1286695464,NULL,0,0,1,NULL,NULL,NULL,'xiaoyaoling','','0000-00-00 00:00:00'),(571,'  ',200,1286695723,NULL,7,0,1,NULL,NULL,NULL,'xiaoyaoling','','0000-00-00 00:00:00'),(576,'@@http://client.joy.cn/flvplayer/1565406_1_0_1.swf@@',46,1286720299,NULL,0,0,1,NULL,NULL,NULL,'winkey','','0000-00-00 00:00:00'),(574,'',201,1286717165,NULL,0,0,1,NULL,NULL,NULL,'dragonaog','','0000-00-00 00:00:00'),(575,'  &#091;&#093;<br/>',19,1286717532,NULL,0,0,1,NULL,NULL,NULL,'admin','','0000-00-00 00:00:00'),(578,'#0.7#UI',198,1286720699,NULL,0,0,1,NULL,NULL,NULL,'maoxiaobing','','0000-00-00 00:00:00'),(579,'<br/>',46,1286724029,NULL,0,0,1,0,NULL,NULL,'winkey','','0000-00-00 00:00:00'),(580,'MP3',19,1286724215,NULL,0,0,1,NULL,NULL,NULL,'admin','','0000-00-00 00:00:00'),(581,'@@http://res.chinese.cn/music/audio/zonghe/tabuaiwo.mp3@@',46,1286724792,NULL,0,0,1,NULL,NULL,NULL,'winkey','','0000-00-00 00:00:00'),(582,'O(_)O##',46,1286726650,NULL,0,0,1,NULL,NULL,NULL,'winkey','','0000-00-00 00:00:00'),(584,'@@http://www.uploadmusic.org/MUSIC/9837371285168622.mp3@@00',66,1286763290,NULL,0,0,1,NULL,NULL,NULL,'dxkdxk','','0000-00-00 00:00:00'),(588,'2<br/>',19,1286844273,NULL,0,0,1,0,NULL,NULL,'admin','','0000-00-00 00:00:00'),(586,'',201,1286781582,NULL,0,0,1,NULL,NULL,NULL,'dragonaog','','0000-00-00 00:00:00'),(587,'  ',201,1286781608,NULL,0,0,1,NULL,NULL,NULL,'dragonaog','','0000-00-00 00:00:00'),(589,'RAR',66,1286851176,NULL,7,0,1,NULL,NULL,NULL,'dxkdxk','','0000-00-00 00:00:00'),(590,'ui',81,1286889125,NULL,0,0,1,NULL,NULL,NULL,'sushehao','','0000-00-00 00:00:00'),(609,'UI(16.gif)(30.gif)(18.gif)',198,1286894130,NULL,0,0,1,NULL,NULL,NULL,'maoxiaobing','','0000-00-00 00:00:00'),(594,'',81,1286889267,NULL,0,0,1,NULL,NULL,NULL,'sushehao','','0000-00-00 00:00:00'),(612,'',19,1286901793,NULL,4,0,1,NULL,NULL,NULL,'admin','','0000-00-00 00:00:00'),(601,' ',81,1286890292,NULL,11,0,1,NULL,NULL,NULL,'sushehao','','0000-00-00 00:00:00'),(615,'UI ',81,1286941511,NULL,0,609,1,NULL,NULL,NULL,'sushehao','','0000-00-00 00:00:00'),(603,'',81,1286890752,NULL,0,0,1,NULL,NULL,NULL,'sushehao','','0000-00-00 00:00:00'),(604,'## ',81,1286890771,NULL,0,0,1,NULL,NULL,NULL,'sushehao','','0000-00-00 00:00:00'),(611,'',198,1286894291,NULL,0,0,1,NULL,NULL,NULL,'maoxiaobing','','0000-00-00 00:00:00'),(613,'',66,1286931073,NULL,0,0,1,NULL,NULL,NULL,'dxkdxk','','0000-00-00 00:00:00'),(623,'',81,1286965277,NULL,0,0,1,NULL,NULL,NULL,'sushehao','','0000-00-00 00:00:00'),(617,'<br/>',202,1286950282,NULL,0,0,1,NULL,NULL,NULL,'rwerqrq','','0000-00-00 00:00:00'),(618,'',81,1286952525,NULL,0,0,1,NULL,NULL,NULL,'sushehao','','0000-00-00 00:00:00'),(619,'uiMJJMJJ',81,1286952547,NULL,0,0,1,NULL,NULL,NULL,'sushehao','','0000-00-00 00:00:00'),(620,'',81,1286952570,NULL,0,617,1,NULL,NULL,NULL,'sushehao','','0000-00-00 00:00:00'),(621,' ',81,1286952663,NULL,0,0,1,NULL,NULL,NULL,'sushehao','','0000-00-00 00:00:00'),(624,'#0.7 #http://dadeng.googlecode.com/files/dadeng--v0.7.7z ',124,1286982976,NULL,0,0,1,NULL,NULL,NULL,'hongbin','','0000-00-00 00:00:00'),(625,'',81,1287017459,NULL,0,624,1,NULL,NULL,NULL,'sushehao','','0000-00-00 00:00:00'),(626,'0.8',198,1287022990,NULL,0,624,1,NULL,NULL,NULL,'maoxiaobing','','0000-00-00 00:00:00'),(627,'',81,1287034428,NULL,0,0,1,NULL,NULL,NULL,'sushehao','','0000-00-00 00:00:00'),(631,'',89,1287042482,NULL,0,0,1,NULL,NULL,NULL,'dalang','','0000-00-00 00:00:00'),(629,'@@http://player.56.com/v_47220682.swf@@',46,1287038300,NULL,0,0,1,NULL,NULL,NULL,'winkey','','0000-00-00 00:00:00'),(630,'12345678',46,1287038346,NULL,0,629,1,NULL,NULL,NULL,'winkey','','0000-00-00 00:00:00'),(632,'<br/>',89,1287042519,NULL,0,0,1,NULL,NULL,NULL,'dalang','','0000-00-00 00:00:00'),(634,'@@http://www.tudou.com/programs/view/oxDOgw8LK5s/@@',46,1287048789,NULL,0,0,1,NULL,NULL,NULL,'winkey','','0000-00-00 00:00:00'),(635,'haha  ',204,1287056144,NULL,0,0,1,NULL,NULL,NULL,'emoily','','0000-00-00 00:00:00'),(636,'0.8().12().1RAR2SEO',66,1287056187,NULL,0,0,1,NULL,NULL,NULL,'dxkdxk','','0000-00-00 00:00:00'),(637,'',204,1287056504,NULL,0,0,1,NULL,NULL,NULL,'emoily','','0000-00-00 00:00:00'),(638,' ',204,1287056523,NULL,0,0,1,NULL,NULL,NULL,'emoily','','0000-00-00 00:00:00'),(640,'<br/>',66,1287056994,NULL,0,0,1,NULL,NULL,NULL,'dxkdxk','','0000-00-00 00:00:00'),(641,'  ',66,1287057109,NULL,0,0,1,NULL,NULL,NULL,'dxkdxk','','0000-00-00 00:00:00'),(642,'http://1.saas.sinaapp.com/index.php?action=reply&id=1     <br/>',66,1287057611,NULL,0,0,1,NULL,NULL,NULL,'dxkdxk','','0000-00-00 00:00:00'),(854,'0.8',81,1288574933,NULL,0,0,1,NULL,NULL,NULL,'sushehao','','0000-00-00 00:00:00'),(852,'',81,1288526838,NULL,0,0,1,NULL,NULL,NULL,'sushehao','','0000-00-00 00:00:00'),(644,'',204,1287058642,NULL,0,0,1,NULL,NULL,NULL,'emoily','','0000-00-00 00:00:00'),(646,'',204,1287060001,NULL,0,0,1,NULL,NULL,NULL,'emoily','','0000-00-00 00:00:00'),(647,'',66,1287063097,NULL,0,0,1,NULL,NULL,NULL,'dxkdxk','','0000-00-00 00:00:00'),(648,'(40.gif)',66,1287066320,NULL,0,0,1,NULL,NULL,NULL,'dxkdxk','','0000-00-00 00:00:00'),(649,'',204,1287066441,NULL,0,648,1,NULL,NULL,NULL,'emoily','','0000-00-00 00:00:00'),(650,'',206,1287067362,NULL,0,0,1,NULL,NULL,NULL,'963258','','0000-00-00 00:00:00'),(654,'',204,1287070454,NULL,0,0,1,NULL,NULL,NULL,'emoily','','0000-00-00 00:00:00'),(655,'##',204,1287070891,NULL,0,0,1,NULL,NULL,NULL,'emoily','','0000-00-00 00:00:00'),(656,'400-7331119 299 130-1391000 11500  EM',46,1287073206,NULL,0,0,1,NULL,NULL,NULL,'winkey','','0000-00-00 00:00:00'),(652,'@@http://player.youku.com/player.php/sid/XMjE0NDgzNzAw/v.swf@@360',46,1287067880,NULL,0,0,1,NULL,NULL,NULL,'winkey','','0000-00-00 00:00:00'),(653,'@@http://www.tudou.com/programs/view/AiCPB2INZAk/@@',208,1287068643,NULL,0,0,1,NULL,NULL,NULL,'whoiam','','0000-00-00 00:00:00'),(660,'(30.gif)',19,1287144936,NULL,0,0,1,NULL,NULL,NULL,'admin','','0000-00-00 00:00:00'),(661,'(30.gif)',205,1287153647,NULL,0,0,1,NULL,NULL,NULL,'','','0000-00-00 00:00:00'),(662,'##',205,1287153813,NULL,0,0,1,NULL,NULL,NULL,'','','0000-00-00 00:00:00'),(663,'@@http://v.youku.com/v_show/id_XMTkwNTQ1NjI4.html@@',46,1287158605,NULL,0,0,1,NULL,NULL,NULL,'winkey','','0000-00-00 00:00:00'),(664,'WWW.BEESNS.COM ~~',210,1287202102,NULL,0,0,1,NULL,NULL,NULL,'beesns','','0000-00-00 00:00:00'),(665,'',81,1287229475,NULL,0,664,1,NULL,NULL,NULL,'sushehao','','0000-00-00 00:00:00'),(659,'http://www.folkbus.com ',115,1287074604,NULL,0,0,1,NULL,NULL,NULL,'nocruel','','0000-00-00 00:00:00'),(666,'<br/>',211,1287311430,NULL,0,0,1,NULL,NULL,NULL,'',NULL,'0000-00-00 00:00:00'),(668,'<br/>',212,1287363796,NULL,0,0,1,NULL,NULL,NULL,'henjiuyiqian','','0000-00-00 00:00:00'),(672,'<br/>',213,1287369234,NULL,0,0,1,NULL,NULL,NULL,'666666','','0000-00-00 00:00:00'),(673,'##',213,1287369261,NULL,0,0,1,NULL,NULL,NULL,'666666','','0000-00-00 00:00:00'),(674,'<br/>',213,1287369299,NULL,0,0,1,NULL,NULL,NULL,'666666','','0000-00-00 00:00:00'),(675,'<br/>',213,1287369300,NULL,0,0,1,NULL,NULL,NULL,'666666','','0000-00-00 00:00:00'),(676,'<br/>',215,1287409828,NULL,0,0,1,0,NULL,NULL,'111222','','0000-00-00 00:00:00'),(1247,'(30.gif)(30.gif)',19,1293465649,NULL,0,0,1,0,'0','web','admin','','0000-00-00 00:00:00'),(677,'<br/>',215,1287409906,NULL,0,0,1,NULL,NULL,NULL,'111222','','0000-00-00 00:00:00'),(678,'<br/>',46,1287428831,NULL,0,0,1,0,NULL,NULL,'winkey','','0000-00-00 00:00:00'),(679,'QQEdgeCastcdnQQEdgeCast,QQ',19,1287459985,NULL,0,0,1,NULL,NULL,NULL,'admin','','0000-00-00 00:00:00'),(680,'',205,1287462738,NULL,0,679,1,NULL,NULL,NULL,'','','0000-00-00 00:00:00'),(681,'',218,1287481047,NULL,0,0,1,NULL,NULL,NULL,'wwwwwww','','0000-00-00 00:00:00'),(682,'##',218,1287481093,NULL,0,0,1,NULL,NULL,NULL,'wwwwwww','','0000-00-00 00:00:00'),(683,'',219,1287492010,NULL,0,677,1,NULL,NULL,NULL,'vivian','','0000-00-00 00:00:00'),(684,'(16.gif)',198,1287496462,NULL,0,0,1,NULL,NULL,NULL,'maoxiaobing','','0000-00-00 00:00:00'),(685,'(6.gif)',219,1287497362,NULL,0,683,1,NULL,NULL,NULL,'vivian','','0000-00-00 00:00:00'),(686,'@@http://player.ku6.com/refer/Y0Lx9eEfDaO84eiy/v.swf@@',46,1287505292,NULL,0,0,1,NULL,NULL,NULL,'winkey','','0000-00-00 00:00:00'),(688,'(16.gif)(42.gif)(0.gif)(2.gif)(2.gif)',66,1287543117,NULL,0,0,1,NULL,NULL,NULL,'dxkdxk','','0000-00-00 00:00:00'),(689,'',66,1287543692,NULL,0,0,1,NULL,NULL,NULL,'dxkdxk','','0000-00-00 00:00:00'),(690,'',81,1287558838,NULL,0,679,1,NULL,NULL,NULL,'sushehao','','0000-00-00 00:00:00'),(704,'<br/>',210,1287637551,NULL,0,0,1,NULL,NULL,NULL,'beesns','','0000-00-00 00:00:00'),(692,'UI ',81,1287559080,NULL,0,0,1,NULL,NULL,NULL,'sushehao','','0000-00-00 00:00:00'),(693,'UI',81,1287559250,NULL,0,0,1,NULL,NULL,NULL,'sushehao','','0000-00-00 00:00:00'),(694,'',81,1287560890,NULL,0,0,1,NULL,NULL,NULL,'sushehao','','0000-00-00 00:00:00'),(695,'',81,1287560895,NULL,0,0,1,NULL,NULL,NULL,'sushehao','','0000-00-00 00:00:00'),(702,'0.8 UI  ~',19,1287636142,NULL,0,0,1,NULL,NULL,NULL,'admin','','0000-00-00 00:00:00'),(703,'<br/>',210,1287637356,NULL,0,0,1,NULL,NULL,NULL,'beesns','','0000-00-00 00:00:00'),(705,'hiiiiiiiiiiii(6.gif)',222,1287642826,NULL,0,0,1,NULL,NULL,NULL,'bjzhoufei','','0000-00-00 00:00:00'),(706,'@!!!!!!!!!!!!!!!!',222,1287642935,NULL,0,0,1,NULL,NULL,NULL,'bjzhoufei','','0000-00-00 00:00:00'),(707,'(16.gif)',223,1287647325,NULL,0,0,1,NULL,NULL,NULL,'leemin','','0000-00-00 00:00:00'),(708,'',66,1287663229,NULL,0,0,1,NULL,NULL,NULL,'dxkdxk','','0000-00-00 00:00:00'),(710,'IP',66,1287663353,NULL,0,0,1,NULL,NULL,NULL,'dxkdxk','','0000-00-00 00:00:00'),(711,'IP http://hi.baidu.com/coolcqz/blog/item/f7c3a4af86dab6c77dd92a6c.html',66,1287663392,NULL,0,0,1,NULL,NULL,NULL,'dxkdxk','','0000-00-00 00:00:00'),(712,'BUG',66,1287663777,NULL,0,0,1,NULL,NULL,NULL,'dxkdxk','','0000-00-00 00:00:00'),(713,'',66,1287663788,NULL,0,0,1,NULL,NULL,NULL,'dxkdxk','','0000-00-00 00:00:00'),(721,'(24.gif)(38.gif)(18.gif)(21.gif)(19.gif)(6.gif)',210,1287704767,NULL,0,0,1,NULL,NULL,NULL,'beesns','','0000-00-00 00:00:00'),(716,'<br/>',66,1287664232,NULL,0,0,1,NULL,NULL,NULL,'dxkdxk','','0000-00-00 00:00:00'),(717,'<br/>',66,1287664278,NULL,0,0,1,NULL,NULL,NULL,'dxkdxk','','0000-00-00 00:00:00'),(722,'',66,1287710337,NULL,0,0,1,NULL,NULL,NULL,'dxkdxk','','0000-00-00 00:00:00'),(731,'070607',183,1287821784,NULL,0,0,1,NULL,NULL,NULL,'comsent','','0000-00-00 00:00:00'),(726,'??????',226,1287742664,NULL,0,0,1,NULL,NULL,NULL,'civicit','','0000-00-00 00:00:00'),(730,',.0.6.',183,1287807776,NULL,0,0,1,NULL,NULL,NULL,'comsent','','0000-00-00 00:00:00'),(728,'!!',226,1287755918,NULL,0,0,1,NULL,NULL,NULL,'civicit','','0000-00-00 00:00:00'),(732,'0.607',183,1287822260,NULL,0,0,1,NULL,NULL,NULL,'comsent','','0000-00-00 00:00:00'),(733,'0607Version 0.7  Notice: Undefined index: path in G:\\web_basic\\htdocs\\mirblog\\install.php on line 36URL',183,1287823195,NULL,0,0,1,NULL,NULL,NULL,'comsent','','0000-00-00 00:00:00'),(734,'06',183,1287823365,NULL,0,0,1,NULL,NULL,NULL,'comsent','','0000-00-00 00:00:00'),(735,'V0.7 ~',19,1287827125,NULL,7,0,1,NULL,NULL,NULL,'admin','','0000-00-00 00:00:00'),(736,'@@http://player.youku.com/player.php/sid/XMjEzMjc0MDI0/v.swf@@gfgfgf',227,1287828247,NULL,0,0,1,NULL,NULL,NULL,'weixing','','0000-00-00 00:00:00'),(739,' ~',19,1287840198,NULL,7,0,1,NULL,NULL,NULL,'admin','','0000-00-00 00:00:00'),(738,'',66,1287839542,NULL,0,0,1,NULL,NULL,NULL,'dxkdxk','','0000-00-00 00:00:00'),(740,'',66,1287841209,NULL,0,0,1,NULL,NULL,NULL,'dxkdxk','','0000-00-00 00:00:00'),(741,'BEESNS<br/>',66,1287841283,NULL,0,0,1,NULL,NULL,NULL,'dxkdxk','','0000-00-00 00:00:00'),(742,'BEESNS',66,1287842098,NULL,0,0,1,NULL,NULL,NULL,'dxkdxk','','0000-00-00 00:00:00'),(743,'BEESNSU0.8',66,1287842277,NULL,0,0,1,NULL,NULL,NULL,'dxkdxk','','0000-00-00 00:00:00'),(745,'',66,1287842648,NULL,7,0,1,NULL,NULL,NULL,'dxkdxk','','0000-00-00 00:00:00'),(746,'BUG404',66,1287843106,NULL,0,0,1,NULL,NULL,NULL,'dxkdxk','','0000-00-00 00:00:00'),(747,'',196,1287893811,NULL,0,0,1,NULL,NULL,NULL,'yizhizaipao','','0000-00-00 00:00:00'),(748,'',196,1287894104,NULL,0,0,1,NULL,NULL,NULL,'yizhizaipao','','0000-00-00 00:00:00'),(749,' ',183,1287898845,NULL,0,0,1,NULL,NULL,NULL,'comsent','','0000-00-00 00:00:00'),(750,' ',183,1287900612,NULL,0,0,1,NULL,NULL,NULL,'comsent','','0000-00-00 00:00:00'),(751,'/index.php/adminsys/savesite',183,1287904492,NULL,0,0,1,NULL,NULL,NULL,'comsent','','0000-00-00 00:00:00'),(752,'',183,1287904532,NULL,0,0,1,NULL,NULL,NULL,'comsent','','0000-00-00 00:00:00'),(753,',QQgoushushu@126.com,',183,1287912363,NULL,0,0,1,NULL,NULL,NULL,'comsent','','0000-00-00 00:00:00'),(755,'?????',226,1287927218,NULL,0,753,1,NULL,NULL,NULL,'civicit','','0000-00-00 00:00:00'),(758,'',231,1287935298,NULL,0,0,1,NULL,NULL,NULL,'lzwanily','','0000-00-00 00:00:00'),(757,'<br/>',196,1287933458,NULL,0,0,1,NULL,NULL,NULL,'yizhizaipao','','0000-00-00 00:00:00'),(762,'0.7.1 BUGgoogle KEY~KEY ~http://code.google.com/p/dadeng/downloads/list',19,1288015211,NULL,0,0,1,NULL,NULL,NULL,'admin','','0000-00-00 00:00:00'),(760,'##',232,1287937912,NULL,0,0,1,NULL,NULL,NULL,'virtuala','','0000-00-00 00:00:00'),(761,'#**#',198,1287998778,NULL,0,0,1,NULL,NULL,NULL,'maoxiaobing','','0000-00-00 00:00:00'),(763,' ',81,1288015399,NULL,0,0,1,NULL,NULL,NULL,'sushehao','','0000-00-00 00:00:00'),(765,'  ',81,1288016762,NULL,0,0,1,NULL,NULL,NULL,'sushehao','','0000-00-00 00:00:00'),(766,'',196,1288021200,NULL,0,0,1,NULL,NULL,NULL,'yizhizaipao','','0000-00-00 00:00:00'),(775,'',196,1288066040,NULL,0,0,1,NULL,NULL,NULL,'yizhizaipao','','0000-00-00 00:00:00'),(768,' ',81,1288059578,NULL,0,0,1,NULL,NULL,NULL,'sushehao','','0000-00-00 00:00:00'),(769,'',81,1288060186,NULL,0,0,1,NULL,NULL,NULL,'sushehao','','0000-00-00 00:00:00'),(770,' 0.8fans ',81,1288060214,NULL,0,0,1,NULL,NULL,NULL,'sushehao','','0000-00-00 00:00:00'),(772,'## ',81,1288060416,NULL,0,0,1,NULL,NULL,NULL,'sushehao','','0000-00-00 00:00:00'),(773,'',81,1288060431,NULL,0,0,1,NULL,NULL,NULL,'sushehao','','0000-00-00 00:00:00'),(774,'## ',81,1288060448,NULL,0,0,1,NULL,NULL,NULL,'sushehao','','0000-00-00 00:00:00'),(776,'08',196,1288068669,NULL,0,0,1,NULL,NULL,NULL,'yizhizaipao','','0000-00-00 00:00:00'),(777,'',81,1288074209,NULL,0,0,1,NULL,NULL,NULL,'sushehao','','0000-00-00 00:00:00'),(778,'',81,1288074236,NULL,0,776,1,NULL,NULL,NULL,'sushehao','','0000-00-00 00:00:00'),(779,'',81,1288074279,NULL,0,775,1,NULL,NULL,NULL,'sushehao','','0000-00-00 00:00:00'),(781,'<br/>',81,1288074349,NULL,0,0,1,NULL,NULL,NULL,'sushehao','','0000-00-00 00:00:00'),(784,'@  ',81,1288074623,NULL,0,0,1,NULL,NULL,NULL,'sushehao','','0000-00-00 00:00:00'),(791,'   ',81,1288140239,NULL,0,0,1,NULL,NULL,NULL,'sushehao','','0000-00-00 00:00:00'),(808,'(3.gif)(13.gif)(13.gif)(13.gif)',243,1288165760,NULL,0,0,1,NULL,NULL,NULL,'imofei','','0000-00-00 00:00:00'),(809,'',196,1288174892,NULL,0,0,1,NULL,NULL,NULL,'yizhizaipao','','0000-00-00 00:00:00'),(788,'',196,1288088184,NULL,0,0,1,NULL,NULL,NULL,'yizhizaipao','','0000-00-00 00:00:00'),(789,'0.7.1',81,1288091414,NULL,0,0,1,NULL,NULL,NULL,'sushehao','','0000-00-00 00:00:00'),(811,'',81,1288182542,NULL,0,0,1,NULL,NULL,NULL,'sushehao','','0000-00-00 00:00:00'),(802,'  ',81,1288140391,NULL,0,0,1,NULL,NULL,NULL,'sushehao','','0000-00-00 00:00:00'),(803,' ??',81,1288140442,NULL,0,0,1,NULL,NULL,NULL,'sushehao','','0000-00-00 00:00:00'),(804,'',81,1288141295,NULL,0,0,1,NULL,NULL,NULL,'sushehao','','0000-00-00 00:00:00'),(812,' ',81,1288182597,NULL,0,0,1,NULL,NULL,NULL,'sushehao','','0000-00-00 00:00:00'),(810,'',81,1288182529,NULL,0,0,1,NULL,NULL,NULL,'sushehao','','0000-00-00 00:00:00'),(805,'',241,1288144527,NULL,0,0,1,NULL,NULL,NULL,'','','0000-00-00 00:00:00'),(806,'(13.gif)',241,1288144628,NULL,0,0,1,NULL,NULL,NULL,'','','0000-00-00 00:00:00'),(807,'THINKPHP',241,1288147064,NULL,0,0,1,NULL,NULL,NULL,'','','0000-00-00 00:00:00'),(813,'',81,1288223072,NULL,0,0,1,NULL,NULL,NULL,'sushehao','','0000-00-00 00:00:00'),(814,'',81,1288238608,NULL,0,0,1,NULL,NULL,NULL,'sushehao','','0000-00-00 00:00:00'),(815,'',81,1288240941,NULL,0,0,1,NULL,NULL,NULL,'sushehao','','0000-00-00 00:00:00'),(816,'qidai 0.8 kuai dian chulai',81,1288252584,NULL,0,0,1,NULL,NULL,NULL,'sushehao','','0000-00-00 00:00:00'),(817,'<br/>',19,1288269136,NULL,0,0,1,NULL,NULL,NULL,'admin','','0000-00-00 00:00:00'),(818,'    ',19,1288276481,NULL,0,0,1,NULL,NULL,NULL,'admin','','0000-00-00 00:00:00'),(819,'',196,1288281309,NULL,0,0,1,NULL,NULL,NULL,'yizhizaipao','','0000-00-00 00:00:00'),(820,'',196,1288281345,NULL,0,0,1,NULL,NULL,NULL,'yizhizaipao','','0000-00-00 00:00:00'),(821,'',138,1288286660,NULL,0,0,1,NULL,NULL,NULL,'ginnysisichan','','0000-00-00 00:00:00'),(822,'0.8',81,1288318981,NULL,0,0,1,NULL,NULL,NULL,'sushehao','','0000-00-00 00:00:00'),(823,'@@http://www.caimai.cc@@',124,1288331402,NULL,0,0,1,NULL,NULL,NULL,'hongbin','','0000-00-00 00:00:00'),(827,' http://www.dadeng.org/ ',66,1288361571,NULL,0,0,1,NULL,NULL,NULL,'dxkdxk','','0000-00-00 00:00:00'),(828,'BUG',66,1288361868,NULL,0,0,1,NULL,NULL,NULL,'dxkdxk','','0000-00-00 00:00:00'),(844,'thinksns 2.0, ',81,1288400995,NULL,0,0,1,NULL,NULL,NULL,'sushehao','','0000-00-00 00:00:00'),(845,'UC....UC   ~',245,1288418911,NULL,0,0,1,NULL,NULL,NULL,'','','0000-00-00 00:00:00'),(846,'<br/>',247,1288517062,NULL,0,0,1,NULL,NULL,NULL,'zmczx2008','','0000-00-00 00:00:00'),(850,' ',81,1288526325,NULL,0,0,1,NULL,NULL,NULL,'sushehao','','0000-00-00 00:00:00'),(853,'QQ   ',19,1288570626,NULL,0,0,1,NULL,NULL,NULL,'admin','','0000-00-00 00:00:00'),(847,'(14.gif)(17.gif)',247,1288517135,NULL,0,0,1,NULL,NULL,NULL,'zmczx2008','','0000-00-00 00:00:00'),(843,'',81,1288400891,NULL,0,0,1,NULL,NULL,NULL,'sushehao','','0000-00-00 00:00:00'),(842,'(27.gif)(30.gif)(42.gif)',66,1288362483,NULL,12,0,1,NULL,NULL,NULL,'dxkdxk','','0000-00-00 00:00:00'),(855,'  <br/>',81,1288574994,NULL,0,0,1,NULL,NULL,NULL,'sushehao','','0000-00-00 00:00:00'),(856,'',81,1288575390,NULL,0,0,1,NULL,NULL,NULL,'sushehao','','0000-00-00 00:00:00'),(863,'0.8  UIWAP',19,1288580975,NULL,7,0,1,NULL,NULL,NULL,'admin','','0000-00-00 00:00:00'),(859,'IE6<br/>',81,1288575480,NULL,0,0,1,NULL,NULL,NULL,'sushehao','','0000-00-00 00:00:00'),(860,'IE6<br/>',81,1288575500,NULL,0,0,1,NULL,NULL,NULL,'sushehao','','0000-00-00 00:00:00'),(861,'',81,1288575547,NULL,0,860,1,NULL,NULL,NULL,'sushehao','','0000-00-00 00:00:00'),(862,'BUG',81,1288575580,NULL,0,0,1,NULL,NULL,NULL,'sushehao','','0000-00-00 00:00:00'),(864,'',81,1288584208,NULL,7,863,1,NULL,NULL,NULL,'sushehao','','0000-00-00 00:00:00'),(865,'MJJYJJMJJ',81,1288584304,NULL,0,0,1,NULL,NULL,NULL,'sushehao','','0000-00-00 00:00:00'),(866,'#BUG# xpIE8.0BUG<br/>',81,1288584457,NULL,0,0,1,NULL,NULL,NULL,'sushehao','','0000-00-00 00:00:00'),(873,'',81,1288599481,NULL,0,0,1,NULL,NULL,NULL,'sushehao','','0000-00-00 00:00:00'),(869,'',81,1288584752,NULL,0,0,1,NULL,NULL,NULL,'sushehao','','0000-00-00 00:00:00'),(872,'08',196,1288586997,NULL,0,0,1,NULL,NULL,NULL,'yizhizaipao','','0000-00-00 00:00:00'),(871,'UI0.7',124,1288585907,NULL,7,863,1,NULL,NULL,NULL,'hongbin','','0000-00-00 00:00:00'),(874,'(7.gif)(0.gif)',249,1288607056,NULL,0,0,1,NULL,NULL,NULL,'econline','','0000-00-00 00:00:00'),(877,'',81,1288666280,NULL,0,0,1,NULL,NULL,NULL,'sushehao','','0000-00-00 00:00:00'),(878,'<br/>',251,1288685587,NULL,0,0,1,NULL,NULL,NULL,'toptop','','0000-00-00 00:00:00'),(879,'<br/>',251,1288685760,NULL,0,0,1,0,NULL,NULL,'toptop','','0000-00-00 00:00:00'),(885,'',81,1288776548,NULL,0,0,1,NULL,NULL,NULL,'sushehao','','0000-00-00 00:00:00'),(876,'Trick or treatTrick or treat112 ALL SOULS DAY',196,1288626524,NULL,0,0,1,NULL,NULL,NULL,'yizhizaipao','','0000-00-00 00:00:00'),(881,'@@http://www.tudou.com/v/FoZZDk4lulY/v.swf@@',82,1288715518,NULL,0,0,1,NULL,NULL,NULL,'luckfish','','0000-00-00 00:00:00'),(895,'',81,1288862086,NULL,0,893,1,NULL,NULL,NULL,'sushehao','','0000-00-00 00:00:00'),(884,'<a href=\'/luckfish/\' target=\'_blank\' class=\'aboutme\'>@luckfish</a> ',253,1288749653,NULL,0,0,1,NULL,NULL,NULL,'leijuly','','0000-00-00 00:00:00'),(899,'   ~  ',245,1288920999,NULL,0,0,1,NULL,NULL,NULL,'','','0000-00-00 00:00:00'),(900,'',81,1288933885,NULL,0,0,1,NULL,NULL,NULL,'sushehao','','0000-00-00 00:00:00'),(890,'@@http://player.youku.com/player.php/sid/XMjE5NjU4MDU2/v.swf@@',196,1288798856,NULL,0,0,1,NULL,NULL,NULL,'yizhizaipao','','0000-00-00 00:00:00'),(891,'@@http://121.11.151.39/...hiting/yaoyaoxfby.mp3@@',196,1288799140,NULL,0,0,1,NULL,NULL,NULL,'yizhizaipao','','0000-00-00 00:00:00'),(892,'@@http://box.baidu.com/widget/flash/mbsong.swf?name=',196,1288799294,NULL,0,0,1,NULL,NULL,NULL,'yizhizaipao','','0000-00-00 00:00:00'),(893,'   ~',19,1288829930,NULL,0,0,1,NULL,NULL,NULL,'admin','','0000-00-00 00:00:00'),(901,'##',81,1288934043,NULL,0,0,1,NULL,NULL,NULL,'sushehao','','0000-00-00 00:00:00'),(898,'## JJ',245,1288920885,NULL,0,0,1,NULL,NULL,NULL,'','','0000-00-00 00:00:00'),(897,'#QQ360# ',19,1288879869,NULL,0,0,1,NULL,NULL,NULL,'admin','','0000-00-00 00:00:00'),(902,'',81,1288951534,NULL,0,0,1,NULL,NULL,NULL,'sushehao','','0000-00-00 00:00:00'),(903,'0.7.2 ',81,1288951587,NULL,0,0,1,NULL,NULL,NULL,'sushehao','','0000-00-00 00:00:00'),(904,'2',66,1288956067,NULL,0,0,1,NULL,NULL,NULL,'dxkdxk','','0000-00-00 00:00:00'),(905,'',66,1288956134,NULL,0,0,1,NULL,NULL,NULL,'dxkdxk','','0000-00-00 00:00:00'),(907,' ',205,1288956468,NULL,0,0,1,NULL,NULL,NULL,'','','0000-00-00 00:00:00'),(910,'<br/>',66,1288956884,NULL,0,0,1,NULL,NULL,NULL,'dxkdxk','','0000-00-00 00:00:00'),(911,'BUGwww.dadeng.org/bang/   TOP10404',66,1288956893,NULL,0,0,1,NULL,NULL,NULL,'dxkdxk','','0000-00-00 00:00:00'),(914,'0.7.2()  http://code.google.com/p/dadeng/downloads/list tpl/default/user',19,1288966242,NULL,7,0,1,NULL,NULL,NULL,'admin','','0000-00-00 00:00:00'),(912,' ',66,1288958362,NULL,0,0,1,NULL,NULL,NULL,'dxkdxk','','0000-00-00 00:00:00'),(913,'#PK#',66,1288960679,NULL,12,0,1,NULL,NULL,NULL,'dxkdxk','','0000-00-00 00:00:00'),(915,'UC UC  UC',19,1288967533,NULL,7,0,1,NULL,NULL,NULL,'admin','','0000-00-00 00:00:00'),(916,'',256,1289066903,NULL,0,0,1,NULL,NULL,NULL,'tengxun','','0000-00-00 00:00:00'),(917,'',196,1289099148,NULL,11,0,1,NULL,NULL,NULL,'yizhizaipao','','0000-00-00 00:00:00'),(918,'',196,1289099218,NULL,0,0,1,NULL,NULL,NULL,'yizhizaipao','','0000-00-00 00:00:00'),(919,'',81,1289122753,NULL,0,0,1,NULL,NULL,NULL,'sushehao','','0000-00-00 00:00:00'),(921,'<br/>',81,1289123298,NULL,0,0,1,NULL,NULL,NULL,'sushehao','','0000-00-00 00:00:00'),(922,' ##',81,1289123342,NULL,0,0,1,NULL,NULL,NULL,'sushehao','','0000-00-00 00:00:00'),(923,'.........YunFile ',66,1289125368,NULL,0,0,1,NULL,NULL,NULL,'dxkdxk','','0000-00-00 00:00:00'),(926,'',140,1289203304,NULL,0,0,1,NULL,NULL,NULL,'woai2006','','0000-00-00 00:00:00'),(924,'        404 ',245,1289148919,NULL,0,0,1,NULL,NULL,NULL,'','','0000-00-00 00:00:00'),(925,'~',257,1289157101,NULL,0,0,1,NULL,NULL,NULL,'sikasnow','','0000-00-00 00:00:00'),(927,'(4.gif)',140,1289203344,NULL,11,0,1,NULL,NULL,NULL,'woai2006','','0000-00-00 00:00:00'),(928,'0.8',140,1289204039,NULL,0,0,1,NULL,NULL,NULL,'woai2006','','0000-00-00 00:00:00'),(929,'',81,1289213928,NULL,0,0,1,NULL,NULL,NULL,'sushehao','','0000-00-00 00:00:00'),(935,'<br/>',258,1289227732,NULL,0,0,1,NULL,NULL,NULL,'laokang','','0000-00-00 00:00:00'),(933,' ',81,1289222021,NULL,0,0,1,NULL,NULL,NULL,'sushehao','','0000-00-00 00:00:00'),(934,'',258,1289227663,NULL,0,0,1,NULL,NULL,NULL,'laokang','','0000-00-00 00:00:00'),(936,'',81,1289259427,NULL,0,0,1,NULL,NULL,NULL,'sushehao','','0000-00-00 00:00:00'),(937,'',241,1289269992,NULL,0,0,1,NULL,NULL,NULL,'','','0000-00-00 00:00:00'),(938,'',241,1289270247,NULL,0,0,1,NULL,NULL,NULL,'','','0000-00-00 00:00:00'),(942,'<br/>',259,1289326441,NULL,0,0,1,0,NULL,NULL,'123123e','','0000-00-00 00:00:00'),(941,'',196,1289289152,NULL,0,0,1,NULL,NULL,NULL,'yizhizaipao','','0000-00-00 00:00:00'),(952,'',81,1289393821,NULL,0,0,1,NULL,NULL,NULL,'sushehao','','0000-00-00 00:00:00'),(944,'',259,1289326587,NULL,11,0,1,NULL,NULL,NULL,'123123e','','0000-00-00 00:00:00'),(948,'',81,1289391408,NULL,0,0,1,NULL,NULL,NULL,'sushehao','','0000-00-00 00:00:00'),(947,'',261,1289376897,NULL,0,0,1,NULL,NULL,NULL,'pzzsns','','0000-00-00 00:00:00'),(951,'',262,1289391688,NULL,0,0,1,NULL,NULL,NULL,'100streams','','0000-00-00 00:00:00'),(953,'V0.7',263,1289405340,NULL,0,0,1,NULL,NULL,NULL,'',NULL,'0000-00-00 00:00:00'),(954,'',196,1289448422,NULL,0,0,1,NULL,NULL,NULL,'yizhizaipao','','0000-00-00 00:00:00'),(955,'QQ~',19,1289450860,NULL,0,0,1,NULL,NULL,NULL,'admin','','0000-00-00 00:00:00'),(963,'#BUG#  BUG @',81,1289547650,NULL,0,0,1,NULL,NULL,NULL,'sushehao','','0000-00-00 00:00:00'),(960,'gif',81,1289534950,NULL,0,0,1,NULL,NULL,NULL,'sushehao','','0000-00-00 00:00:00'),(961,'#bug# bug',81,1289535034,NULL,0,0,1,NULL,NULL,NULL,'sushehao','','0000-00-00 00:00:00'),(962,'<br/>',81,1289547522,NULL,0,0,1,NULL,NULL,NULL,'sushehao','','0000-00-00 00:00:00'),(964,'#bug#',81,1289547709,NULL,0,0,1,NULL,NULL,NULL,'sushehao','','0000-00-00 00:00:00'),(965,'BBS',66,1289566199,NULL,0,0,1,NULL,NULL,NULL,'dxkdxk','','0000-00-00 00:00:00'),(968,'BUG  404',66,1289566574,NULL,0,0,1,NULL,NULL,NULL,'dxkdxk','','0000-00-00 00:00:00'),(969,'',66,1289566922,NULL,0,0,1,NULL,NULL,NULL,'dxkdxk','','0000-00-00 00:00:00'),(970,'',66,1289566957,NULL,0,0,1,NULL,NULL,NULL,'dxkdxk','','0000-00-00 00:00:00'),(971,'QQ',66,1289567136,NULL,0,0,1,NULL,NULL,NULL,'dxkdxk','','0000-00-00 00:00:00'),(972,'......',267,1289576509,NULL,0,964,1,NULL,NULL,NULL,'ocvooo','','0000-00-00 00:00:00'),(974,'',268,1289616003,NULL,0,0,1,NULL,NULL,NULL,'coeeco','','0000-00-00 00:00:00'),(975,'',140,1289632501,NULL,0,0,1,NULL,NULL,NULL,'woai2006','','0000-00-00 00:00:00'),(976,'',140,1289632548,NULL,0,0,1,NULL,NULL,NULL,'woai2006','','0000-00-00 00:00:00'),(977,'',81,1289705913,NULL,0,970,1,NULL,NULL,NULL,'sushehao','','0000-00-00 00:00:00'),(978,'easytalk  ',81,1289727772,NULL,0,0,1,NULL,NULL,NULL,'sushehao','','0000-00-00 00:00:00'),(979,'GIF',196,1289752556,NULL,0,960,1,NULL,NULL,NULL,'yizhizaipao','','0000-00-00 00:00:00'),(980,'',196,1289752571,NULL,0,960,1,NULL,NULL,NULL,'yizhizaipao','','0000-00-00 00:00:00'),(981,'TS2.0TS2.0',81,1289819647,NULL,0,0,1,NULL,NULL,NULL,'sushehao','','0000-00-00 00:00:00'),(982,'',66,1289826668,NULL,0,0,1,NULL,NULL,NULL,'dxkdxk','','0000-00-00 00:00:00'),(983,'',270,1289867507,NULL,0,0,1,NULL,NULL,NULL,'tonywang','','0000-00-00 00:00:00'),(984,'',81,1289873240,NULL,0,0,1,NULL,NULL,NULL,'sushehao','','0000-00-00 00:00:00'),(985,'##',81,1289873297,NULL,0,0,1,NULL,NULL,NULL,'sushehao','','0000-00-00 00:00:00'),(986,' ',271,1289919838,NULL,0,0,1,NULL,NULL,NULL,'okjoyel','','0000-00-00 00:00:00'),(993,'',274,1289996111,NULL,0,0,1,NULL,NULL,NULL,'eysoho','','0000-00-00 00:00:00'),(989,'<br/>',272,1289955026,NULL,0,0,1,NULL,NULL,NULL,'abbccc','','0000-00-00 00:00:00'),(992,'2.5thinksns 2.0',81,1289979734,NULL,0,0,1,NULL,NULL,NULL,'sushehao','','0000-00-00 00:00:00'),(991,'',273,1289957343,NULL,0,0,1,NULL,NULL,NULL,'shunzi','','0000-00-00 00:00:00'),(994,'',274,1289996133,NULL,0,0,1,NULL,NULL,NULL,'eysoho','','0000-00-00 00:00:00'),(995,'',196,1289997345,NULL,0,0,1,NULL,NULL,NULL,'yizhizaipao','','0000-00-00 00:00:00'),(996,'  ',271,1289998998,NULL,0,0,1,NULL,NULL,NULL,'okjoyel','','0000-00-00 00:00:00'),(997,'2.5thinksns beta',81,1289999613,NULL,0,995,1,NULL,NULL,NULL,'sushehao','','0000-00-00 00:00:00'),(998,' ',271,1289999706,NULL,0,0,1,NULL,NULL,NULL,'okjoyel','','0000-00-00 00:00:00'),(999,'www.tongxue.com',271,1290007490,NULL,0,998,1,NULL,NULL,NULL,'okjoyel','','0000-00-00 00:00:00'),(1000,'',81,1290065763,NULL,0,0,1,NULL,NULL,NULL,'sushehao','','0000-00-00 00:00:00'),(1001,'@@@@',196,1290111285,NULL,0,0,1,NULL,NULL,NULL,'yizhizaipao','','0000-00-00 00:00:00'),(1002,'',81,1290133653,NULL,0,0,1,NULL,NULL,NULL,'sushehao','','0000-00-00 00:00:00'),(1004,'..api.(23.gif)',275,1290138856,NULL,0,0,1,NULL,NULL,NULL,'8090de','','0000-00-00 00:00:00'),(1005,'..',275,1290141447,NULL,0,0,1,NULL,NULL,NULL,'8090de','','0000-00-00 00:00:00'),(1007,'4.1',19,1290151479,NULL,0,0,1,NULL,NULL,NULL,'admin','','0000-00-00 00:00:00'),(1008,',,,,,, ,,,, ,, ',19,1290177975,NULL,0,0,1,NULL,NULL,NULL,'admin','','0000-00-00 00:00:00'),(1009,'@@http://www.tudou.com/programs/view/mNxpqQmO0x0/@@',196,1290185441,NULL,0,0,1,NULL,NULL,NULL,'yizhizaipao','','0000-00-00 00:00:00'),(1013,' ',278,1290276718,NULL,0,0,1,NULL,NULL,NULL,'liuyiping','','0000-00-00 00:00:00'),(1014,'',278,1290276777,NULL,11,0,1,NULL,NULL,NULL,'liuyiping','','0000-00-00 00:00:00'),(1015,' ',278,1290276907,NULL,13,0,1,NULL,NULL,NULL,'liuyiping','','0000-00-00 00:00:00'),(1012,'',271,1290247617,NULL,0,0,1,NULL,NULL,NULL,'okjoyel','','0000-00-00 00:00:00'),(1016,'',278,1290280415,NULL,0,0,1,NULL,NULL,NULL,'liuyiping','','0000-00-00 00:00:00'),(1017,'',278,1290280425,NULL,0,0,1,NULL,NULL,NULL,'liuyiping','','0000-00-00 00:00:00'),(1019,'flash ',278,1290280659,NULL,0,0,1,NULL,NULL,NULL,'liuyiping','','0000-00-00 00:00:00'),(1020,'<a href=\'/iStyleSoft/\' target=\'_blank\' class=\'aboutme\'>@iStyleSoft</a> test',279,1290317806,NULL,0,0,1,NULL,NULL,NULL,'iStyleSoft','','0000-00-00 00:00:00'),(1021,'@  ...',279,1290317915,NULL,0,0,1,NULL,NULL,NULL,'iStyleSoft','','0000-00-00 00:00:00'),(1022,'',196,1290321974,NULL,11,0,1,NULL,NULL,NULL,'yizhizaipao','','0000-00-00 00:00:00'),(1023,'',280,1290324768,NULL,0,0,1,NULL,NULL,NULL,'tesetevla','','0000-00-00 00:00:00'),(1024,'@  iStyleSoft@163.com',279,1290337304,NULL,0,0,1,NULL,NULL,NULL,'iStyleSoft','','0000-00-00 00:00:00'),(1025,'',281,1290369692,NULL,10,0,1,NULL,NULL,NULL,'wwwwww','','0000-00-00 00:00:00'),(1026,'...',281,1290369774,NULL,11,1022,1,NULL,NULL,NULL,'wwwwww','','0000-00-00 00:00:00'),(1027,'',196,1290370375,NULL,11,1022,1,NULL,NULL,NULL,'yizhizaipao','','0000-00-00 00:00:00'),(1028,'',218,1290385432,NULL,0,0,1,NULL,NULL,NULL,'wwwwwww','','0000-00-00 00:00:00'),(1029,'',218,1290385550,NULL,0,0,1,NULL,NULL,NULL,'wwwwwww','','0000-00-00 00:00:00'),(1030,'',218,1290385639,NULL,0,0,1,NULL,NULL,NULL,'wwwwwww','','0000-00-00 00:00:00'),(1031,'',218,1290386151,NULL,0,0,1,NULL,NULL,NULL,'wwwwwww','','0000-00-00 00:00:00'),(1037,',,!',283,1290413613,NULL,0,0,1,NULL,NULL,NULL,'huyuch4403','','0000-00-00 00:00:00'),(1034,'',218,1290392134,NULL,0,0,1,NULL,NULL,NULL,'wwwwwww','','0000-00-00 00:00:00'),(1035,'',81,1290401170,NULL,0,1034,1,NULL,NULL,NULL,'sushehao','','0000-00-00 00:00:00'),(1036,'0.8',81,1290401220,NULL,0,0,1,NULL,NULL,NULL,'sushehao','','0000-00-00 00:00:00'),(1038,'(2.gif)(2.gif)(2.gif)(2.gif)(2.gif)(2.gif)(2.gif)(2.gif)',284,1290416724,NULL,0,0,1,NULL,NULL,NULL,'heysoswind','','0000-00-00 00:00:00'),(1040,'TS2.0beta',81,1290424254,NULL,0,0,1,NULL,NULL,NULL,'sushehao','','0000-00-00 00:00:00'),(1041,'',271,1290435567,NULL,0,0,1,NULL,NULL,NULL,'okjoyel','','0000-00-00 00:00:00'),(1047,'@@dcccx@yeah.net  ',288,1290577503,NULL,0,0,1,NULL,NULL,NULL,'bluesunny','','0000-00-00 00:00:00'),(1050,'',218,1290649428,NULL,0,0,1,NULL,NULL,NULL,'wwwwwww','','0000-00-00 00:00:00'),(1044,'##',286,1290561624,NULL,0,0,1,NULL,NULL,NULL,'poorich','','0000-00-00 00:00:00'),(1045,'',286,1290561689,NULL,0,0,1,NULL,NULL,NULL,'poorich','','0000-00-00 00:00:00'),(1049,'',271,1290612770,NULL,0,0,1,NULL,NULL,NULL,'okjoyel','','0000-00-00 00:00:00'),(1051,'',218,1290649500,NULL,0,0,1,NULL,NULL,NULL,'wwwwwww','','0000-00-00 00:00:00'),(1052,'',290,1290649660,NULL,0,0,1,NULL,NULL,NULL,'000001','','0000-00-00 00:00:00'),(1053,'BUG ',290,1290650511,NULL,0,0,1,NULL,NULL,NULL,'000001','','0000-00-00 00:00:00'),(1229,'WAP,',196,1293298971,NULL,0,0,1,NULL,NULL,NULL,'yizhizaipao','','0000-00-00 00:00:00'),(1055,'',291,1290655651,NULL,0,0,1,NULL,NULL,NULL,'qqqqqqq','','0000-00-00 00:00:00'),(1056,'',196,1290661475,NULL,0,0,1,NULL,NULL,NULL,'yizhizaipao','','0000-00-00 00:00:00'),(1057,' ',81,1290666750,NULL,0,0,1,NULL,NULL,NULL,'sushehao','','0000-00-00 00:00:00'),(1058,'',290,1290680177,NULL,0,0,1,NULL,NULL,NULL,'000001','','0000-00-00 00:00:00'),(1061,'2010112934.56201011290302287',19,1290735666,NULL,0,0,1,NULL,NULL,NULL,'admin','','0000-00-00 00:00:00'),(1062,'',296,1290753132,NULL,0,0,1,NULL,NULL,NULL,'klipcn','','0000-00-00 00:00:00'),(1063,'(2.gif)##',296,1290753202,NULL,0,0,1,NULL,NULL,NULL,'klipcn','','0000-00-00 00:00:00'),(1065,'0.8',81,1290835678,NULL,0,0,1,NULL,NULL,NULL,'sushehao','','0000-00-00 00:00:00'),(1066,'',218,1290836099,NULL,0,1062,1,NULL,NULL,NULL,'wwwwwww','','0000-00-00 00:00:00'),(1067,'1',218,1290836204,NULL,0,0,1,NULL,NULL,NULL,'wwwwwww','','0000-00-00 00:00:00'),(1068,'PHP',218,1290836254,NULL,0,0,1,NULL,NULL,NULL,'wwwwwww','','0000-00-00 00:00:00'),(1069,'',196,1290839684,NULL,11,0,1,NULL,NULL,NULL,'yizhizaipao','','0000-00-00 00:00:00'),(1070,'',196,1290839775,NULL,0,1062,1,NULL,NULL,NULL,'yizhizaipao','','0000-00-00 00:00:00'),(1071,'',81,1290940947,NULL,0,0,1,NULL,NULL,NULL,'sushehao','','0000-00-00 00:00:00'),(1072,'',298,1290995350,NULL,0,0,1,NULL,NULL,NULL,'faniky','','0000-00-00 00:00:00'),(1074,'## ',299,1291008377,NULL,0,0,1,NULL,NULL,NULL,'timeless','','0000-00-00 00:00:00'),(1079,'',218,1291162876,NULL,0,0,1,NULL,NULL,NULL,'wwwwwww','','0000-00-00 00:00:00'),(1077,'',81,1291103383,NULL,0,0,1,NULL,NULL,NULL,'sushehao','','0000-00-00 00:00:00'),(1076,'',196,1291018987,NULL,0,0,1,NULL,NULL,NULL,'yizhizaipao','','0000-00-00 00:00:00'),(1078,'',81,1291103405,NULL,0,0,1,NULL,NULL,NULL,'sushehao','','0000-00-00 00:00:00'),(1080,'~',300,1291167815,NULL,1,0,1,NULL,NULL,NULL,'webb2010','','0000-00-00 00:00:00'),(1081,'@@http://v.youku.com/v_show/id_XMjE5OTUzMzc2.html@@~',300,1291170091,NULL,0,0,1,NULL,NULL,NULL,'webb2010','','0000-00-00 00:00:00'),(1087,'',304,1291261949,NULL,0,0,1,NULL,NULL,NULL,'world2001','','0000-00-00 00:00:00'),(1088,'',304,1291261958,NULL,0,0,1,NULL,NULL,NULL,'world2001','','0000-00-00 00:00:00'),(1084,'',196,1291222207,NULL,0,1082,1,NULL,NULL,NULL,'yizhizaipao','','0000-00-00 00:00:00'),(1085,'',196,1291222317,NULL,0,1076,1,NULL,NULL,NULL,'yizhizaipao','','0000-00-00 00:00:00'),(1090,'',81,1291282064,NULL,0,0,1,NULL,NULL,NULL,'sushehao','','0000-00-00 00:00:00'),(1091,':,Access denied for user root@127.0.0.1  (using password: NO)',306,1291286064,NULL,0,0,1,NULL,NULL,NULL,'gcdown','','0000-00-00 00:00:00'),(1092,'',306,1291286107,NULL,0,0,1,NULL,NULL,NULL,'gcdown','','0000-00-00 00:00:00'),(1093,'',308,1291349525,NULL,0,0,1,NULL,NULL,NULL,'jmt360','','0000-00-00 00:00:00'),(1094,'',308,1291349786,NULL,3,0,1,NULL,NULL,NULL,'jmt360','','0000-00-00 00:00:00'),(1095,'',224,1291350763,NULL,13,0,1,NULL,NULL,NULL,'','','0000-00-00 00:00:00'),(1102,'',81,1291452753,NULL,0,0,1,NULL,NULL,NULL,'sushehao','','0000-00-00 00:00:00'),(1103,'',311,1291466083,NULL,0,0,1,NULL,NULL,NULL,'fengxue','','0000-00-00 00:00:00'),(1104,'',196,1291481384,NULL,0,0,1,NULL,NULL,NULL,'yizhizaipao','','0000-00-00 00:00:00'),(1105,'0.8,UI',19,1291542461,NULL,0,0,1,NULL,NULL,NULL,'admin','','0000-00-00 00:00:00'),(1106,'',81,1291552208,NULL,0,1105,1,NULL,NULL,NULL,'sushehao','','0000-00-00 00:00:00'),(1107,'',81,1291552431,NULL,0,0,1,NULL,NULL,NULL,'sushehao','','0000-00-00 00:00:00'),(1109,'V2.5QQQQEmailQQ',81,1291627045,NULL,0,0,1,NULL,NULL,NULL,'sushehao','','0000-00-00 00:00:00'),(1110,'}',81,1291627061,NULL,0,1109,1,NULL,NULL,NULL,'sushehao','','0000-00-00 00:00:00'),(1101,'<br/>',19,1291360632,NULL,0,0,1,NULL,NULL,NULL,'admin','','0000-00-00 00:00:00'),(1111,'',81,1291627112,NULL,13,0,1,NULL,NULL,NULL,'sushehao','','0000-00-00 00:00:00'),(1112,'',81,1291627118,NULL,13,0,1,NULL,NULL,NULL,'sushehao','','0000-00-00 00:00:00'),(1113,'',152,1291629548,NULL,0,0,1,NULL,NULL,NULL,'abc6366','','0000-00-00 00:00:00'),(1114,'',196,1291653540,NULL,0,1107,1,NULL,NULL,NULL,'yizhizaipao','','0000-00-00 00:00:00'),(1115,'',196,1291653562,NULL,0,1105,1,NULL,NULL,NULL,'yizhizaipao','','0000-00-00 00:00:00'),(1116,'',196,1291653703,NULL,0,0,1,NULL,NULL,NULL,'yizhizaipao','','0000-00-00 00:00:00'),(1117,'<br/>',196,1291653827,NULL,0,0,1,NULL,NULL,NULL,'yizhizaipao','','0000-00-00 00:00:00'),(1118,'GIF',196,1291653872,NULL,0,0,1,NULL,NULL,NULL,'yizhizaipao','','0000-00-00 00:00:00'),(1119,'8.0',315,1291654614,NULL,0,0,1,NULL,NULL,NULL,'','','0000-00-00 00:00:00'),(1120,'  ~~~',317,1291686269,NULL,0,0,1,NULL,NULL,NULL,'hapjoy','','0000-00-00 00:00:00'),(1121,'UI',196,1291688416,NULL,0,0,1,NULL,NULL,NULL,'yizhizaipao','','0000-00-00 00:00:00'),(1122,'0.8<br/>',19,1291688885,NULL,0,0,1,NULL,NULL,NULL,'admin','','0000-00-00 00:00:00'),(1132,'',319,1291723859,NULL,0,0,1,NULL,NULL,NULL,'suntan','','0000-00-00 00:00:00'),(1133,'',319,1291724900,NULL,0,0,1,NULL,NULL,NULL,'suntan','','0000-00-00 00:00:00'),(1124,'(13.gif)',308,1291706526,NULL,0,0,1,NULL,NULL,NULL,'jmt360','','0000-00-00 00:00:00'),(1140,'~',323,1291795493,NULL,0,0,1,NULL,NULL,NULL,'dongfang77','','0000-00-00 00:00:00'),(1135,'',81,1291728482,NULL,0,1134,1,NULL,NULL,NULL,'sushehao','','0000-00-00 00:00:00'),(1136,'',81,1291728511,NULL,0,1121,1,NULL,NULL,NULL,'sushehao','','0000-00-00 00:00:00'),(1137,'LBS',81,1291728524,NULL,0,1120,1,NULL,NULL,NULL,'sushehao','','0000-00-00 00:00:00'),(1138,'  0.8',81,1291728577,NULL,0,0,1,NULL,NULL,NULL,'sushehao','','0000-00-00 00:00:00'),(1139,'0.8',81,1291728615,NULL,0,0,1,NULL,NULL,NULL,'sushehao','','0000-00-00 00:00:00'),(1141,'',196,1291798148,NULL,0,1136,1,NULL,NULL,NULL,'yizhizaipao','','0000-00-00 00:00:00'),(1142,'@',319,1291811421,NULL,0,0,1,NULL,NULL,NULL,'suntan','','0000-00-00 00:00:00'),(1145,'',81,1291945963,NULL,0,0,1,NULL,NULL,NULL,'sushehao','','0000-00-00 00:00:00'),(1146,'',196,1291951607,NULL,0,0,1,NULL,NULL,NULL,'yizhizaipao','','0000-00-00 00:00:00'),(1147,'<br/>',324,1291954947,NULL,0,0,1,NULL,NULL,NULL,'enaiwang','','0000-00-00 00:00:00'),(1172,'@ <br/>',124,1292209536,NULL,0,0,1,NULL,NULL,NULL,'hongbin','','0000-00-00 00:00:00'),(1134,'APP',320,1291727317,NULL,0,1122,1,NULL,NULL,NULL,'654321','','0000-00-00 00:00:00'),(1129,'#(4.gif)#',318,1291713795,NULL,0,0,1,NULL,NULL,NULL,'oneyujin','','0000-00-00 00:00:00'),(1150,'app',271,1291967475,NULL,0,0,1,NULL,NULL,NULL,'okjoyel','','0000-00-00 00:00:00'),(1149,'...........0.8',308,1291959694,NULL,0,0,1,NULL,NULL,NULL,'jmt360','','0000-00-00 00:00:00'),(1169,'0.8',308,1292136511,NULL,0,0,1,NULL,NULL,NULL,'jmt360','','0000-00-00 00:00:00'),(1164,'',328,1291999863,NULL,0,0,1,NULL,NULL,NULL,'frrefvfdvf','','0000-00-00 00:00:00'),(1165,'',329,1292056436,NULL,0,0,1,NULL,NULL,NULL,'010166','','0000-00-00 00:00:00'),(1166,'(8.gif)...',308,1292059050,NULL,0,0,1,NULL,NULL,NULL,'jmt360','','0000-00-00 00:00:00'),(1167,'<br/>',321,1292081672,NULL,0,0,1,NULL,NULL,NULL,'sige1314','','0000-00-00 00:00:00'),(1168,'',308,1292136466,NULL,0,0,1,NULL,NULL,NULL,'jmt360','','0000-00-00 00:00:00'),(1162,'',326,1291986709,NULL,0,1153,1,NULL,NULL,NULL,'','','0000-00-00 00:00:00'),(1163,'',326,1291988305,NULL,0,1122,1,NULL,NULL,NULL,'','','0000-00-00 00:00:00'),(1170,'#0.8# ',124,1292209198,NULL,0,0,1,NULL,NULL,NULL,'hongbin','','0000-00-00 00:00:00'),(1153,'',326,1291979384,NULL,0,0,1,NULL,NULL,NULL,'','','0000-00-00 00:00:00'),(1173,'(5.gif)',332,1292209610,NULL,0,0,1,NULL,NULL,NULL,'19880602','','0000-00-00 00:00:00'),(1174,'@  54*5460*60',124,1292209725,NULL,0,0,1,NULL,NULL,NULL,'hongbin','','0000-00-00 00:00:00'),(1175,'',124,1292209915,NULL,0,1122,1,NULL,NULL,NULL,'hongbin','','0000-00-00 00:00:00'),(1176,'....................................',308,1292224482,NULL,0,0,1,NULL,NULL,NULL,'jmt360','','0000-00-00 00:00:00'),(1177,',',315,1292233247,NULL,0,0,1,NULL,NULL,NULL,'','','0000-00-00 00:00:00'),(1178,'(5.gif)(5.gif)(5.gif)',55,1292246687,NULL,0,0,1,NULL,NULL,NULL,'123456',NULL,'0000-00-00 00:00:00'),(1179,'',334,1292256641,NULL,0,0,1,NULL,NULL,NULL,'chanzi','','0000-00-00 00:00:00'),(1180,'Ucenter 1.5.2 (8.gif)',334,1292256736,NULL,0,0,1,NULL,NULL,NULL,'chanzi','','0000-00-00 00:00:00'),(1181,' ',334,1292256836,NULL,0,0,1,NULL,NULL,NULL,'chanzi','','0000-00-00 00:00:00'),(1182,': top@workws.com',335,1292314106,NULL,0,0,1,NULL,NULL,NULL,'jrzp2010','','0000-00-00 00:00:00'),(1183,'~',330,1292393605,NULL,4,0,1,NULL,NULL,NULL,'ihensy','','0000-00-00 00:00:00'),(1184,'API',330,1292393716,NULL,0,1122,1,NULL,NULL,NULL,'ihensy','','0000-00-00 00:00:00'),(1185,'#V0.8.0#?..!(29.gif)(29.gif)',49,1292397316,NULL,0,0,1,NULL,NULL,NULL,'indounet','','0000-00-00 00:00:00'),(1186,'<br/>',259,1292416931,NULL,0,0,1,NULL,NULL,NULL,'123123e','','0000-00-00 00:00:00'),(1191,'....!!',49,1292744879,NULL,0,1185,1,NULL,NULL,NULL,'indounet','','0000-00-00 00:00:00'),(1190,'<br/>',259,1292601054,NULL,0,0,1,0,NULL,NULL,'123123e','','0000-00-00 00:00:00'),(1189,'<br/>',259,1292601002,NULL,0,0,1,NULL,NULL,NULL,'123123e','','0000-00-00 00:00:00'),(1192,'',196,1292780904,NULL,0,0,1,NULL,NULL,NULL,'yizhizaipao','','0000-00-00 00:00:00'),(1193,'',196,1292781040,NULL,0,0,1,NULL,NULL,NULL,'yizhizaipao','','0000-00-00 00:00:00'),(1194,'<br/>',196,1292781414,NULL,0,0,1,NULL,NULL,NULL,'yizhizaipao','','0000-00-00 00:00:00'),(1195,'0.8',81,1292836663,NULL,0,0,1,NULL,NULL,NULL,'sushehao','','0000-00-00 00:00:00'),(1196,' ',196,1292839936,NULL,0,0,1,NULL,NULL,NULL,'yizhizaipao','','0000-00-00 00:00:00'),(1197,'',196,1292840071,NULL,0,1193,1,NULL,NULL,NULL,'yizhizaipao','','0000-00-00 00:00:00'),(1198,'@  0.8',81,1292840088,NULL,0,0,1,NULL,NULL,NULL,'sushehao','','0000-00-00 00:00:00'),(1199,'',196,1292840133,NULL,0,0,1,NULL,NULL,NULL,'yizhizaipao','','0000-00-00 00:00:00'),(1200,'<br/>',81,1292840141,NULL,0,0,1,NULL,NULL,NULL,'sushehao','','0000-00-00 00:00:00'),(1201,'',341,1292850736,NULL,0,0,1,NULL,NULL,NULL,'testxy','','0000-00-00 00:00:00'),(1208,'',344,1292867870,NULL,0,0,1,NULL,NULL,NULL,'fengran','','0000-00-00 00:00:00'),(1209,'0.8',344,1292867939,NULL,0,0,1,NULL,NULL,NULL,'fengran','','0000-00-00 00:00:00'),(1206,'@@http://v.youku.com/v_show/id_XMjMxMDUwNDY4.html@@sdaf',342,1292853237,NULL,0,0,1,NULL,NULL,NULL,'realjons','','0000-00-00 00:00:00'),(1207,'(9.gif)(11.gif)(5.gif)(4.gif)(4.gif)',342,1292853269,NULL,0,0,1,NULL,NULL,NULL,'realjons','','0000-00-00 00:00:00'),(1211,'0.8..',344,1292905160,NULL,0,0,1,NULL,NULL,NULL,'fengran','','0000-00-00 00:00:00'),(1212,'## WAP',346,1292913064,NULL,0,0,1,NULL,NULL,NULL,'wwwwwwww','','0000-00-00 00:00:00'),(1213,'##',347,1292919270,NULL,0,0,1,NULL,NULL,NULL,'wubowen','','0000-00-00 00:00:00'),(1214,' ',348,1292924085,NULL,0,0,1,NULL,NULL,NULL,'markmx','','0000-00-00 00:00:00'),(1240,'~',351,1293463127,NULL,0,0,1,0,'0','web','simplify123','','0000-00-00 00:00:00'),(1217,'IPIP',19,1292978881,NULL,4,0,1,NULL,NULL,NULL,'admin','','0000-00-00 00:00:00'),(1218,'',81,1292990509,NULL,4,1217,1,NULL,NULL,NULL,'sushehao','','0000-00-00 00:00:00'),(1219,'##',350,1293026054,NULL,0,0,1,NULL,NULL,NULL,'maiyou','','0000-00-00 00:00:00'),(1221,' ID ',93,1293039443,NULL,0,0,1,NULL,NULL,NULL,'halulu','','0000-00-00 00:00:00'),(1222,'',352,1293194419,NULL,0,0,1,NULL,NULL,NULL,'test110','','0000-00-00 00:00:00'),(1223,'',344,1293214517,NULL,0,0,1,NULL,NULL,NULL,'fengran','','0000-00-00 00:00:00'),(1224,'http://127.0.0.1/index.php/admin/ http://127.0.0.1/admin/',353,1293251807,NULL,0,0,1,NULL,NULL,NULL,'wwwhccm','','0000-00-00 00:00:00'),(1225,'0.8 IP.',19,1293271292,NULL,0,0,1,NULL,NULL,NULL,'admin','','0000-00-00 00:00:00'),(1226,'',271,1293272254,NULL,0,1225,1,NULL,NULL,NULL,'okjoyel','','0000-00-00 00:00:00'),(1227,'',344,1293277435,NULL,0,0,1,NULL,NULL,NULL,'fengran','','0000-00-00 00:00:00'),(1228,'UC',19,1293294878,NULL,7,0,1,NULL,NULL,NULL,'admin','','0000-00-00 00:00:00'),(1230,'',196,1293337295,NULL,0,0,1,NULL,NULL,NULL,'yizhizaipao','','0000-00-00 00:00:00'),(1231,' 0.8',344,1293378959,NULL,0,0,1,NULL,NULL,NULL,'fengran','','0000-00-00 00:00:00'),(1236,' ',81,1293424567,NULL,0,0,1,NULL,NULL,NULL,'sushehao','','0000-00-00 00:00:00'),(1237,'V0.8 ',19,1293462112,NULL,0,0,1,0,'0','web','admin','','0000-00-00 00:00:00'),(1238,'',152,1293462956,NULL,0,0,1,0,'0','web','abc6366','ADSL','0000-00-00 00:00:00'),(1241,'',317,1293463756,NULL,0,0,1,0,'0','web','hapjoy','','0000-00-00 00:00:00'),(1242,'hello dadeng0.8',124,1293463825,NULL,0,0,1,0,'0','web','hongbin','','0000-00-00 00:00:00'),(1243,'(42.gif)',124,1293464365,NULL,0,0,1,0,'0','web','hongbin','','0000-00-00 00:00:00'),(1245,'zip',124,1293464604,NULL,0,0,1,0,'0','web','hongbin','','0000-00-00 00:00:00'),(1246,'',124,1293465259,NULL,0,0,1,0,'0','web','hongbin','','0000-00-00 00:00:00'),(1248,',BUG',196,1293472361,NULL,0,0,1,0,'0','web','yizhizaipao','ADSL','0000-00-00 00:00:00'),(1239,'',82,1293463088,NULL,0,0,1,0,'0','web','luckfish','','0000-00-00 00:00:00'),(1249,'',196,1293472442,NULL,11,0,1,0,'0','web','yizhizaipao','ADSL','0000-00-00 00:00:00'),(1253,'2010',19,1293523495,NULL,0,0,1,0,'0','web','admin','ADSL','0000-00-00 00:00:00'),(1252,'hello',356,1293500569,NULL,0,0,1,0,'0','web','asdasdasd','','0000-00-00 00:00:00'),(1254,'0.8',271,1293532034,NULL,0,0,1,1,'0','web','okjoyel','','0000-00-00 00:00:00'),(1255,'0.80.7',358,1293543861,NULL,0,0,1,0,'0','web','lw76p','','0000-00-00 00:00:00'),(1256,'#<a href=\'/tag/77\' class=\'subtag\'>V0.8</a>#......!!!..!!!',49,1293546306,NULL,0,0,1,0,'0','web','indounet','','0000-00-00 00:00:00'),(1257,'0.8',205,1293547058,NULL,0,0,1,0,'0','web','','','0000-00-00 00:00:00'),(1258,'(30.gif)',205,1293547117,NULL,0,0,1,0,'0','web','','','0000-00-00 00:00:00'),(1259,'',205,1293547162,NULL,0,0,1,0,'0','web','','','0000-00-00 00:00:00'),(1260,'@   ',205,1293547549,NULL,0,0,1,0,'0','web','','','0000-00-00 00:00:00'),(1261,'',46,1293561725,NULL,0,0,1,0,'0','web','winkey','ADSL/LAN','0000-00-00 00:00:00'),(1262,' ',81,1293584548,NULL,0,0,1,0,'0','web','sushehao','','0000-00-00 00:00:00'),(1263,' ',81,1293584557,NULL,0,0,1,0,'0','web','sushehao','','0000-00-00 00:00:00'),(1264,'@  @',81,1293584571,NULL,0,0,1,0,'0','web','sushehao','','0000-00-00 00:00:00'),(1265,'@  ',81,1293584593,NULL,0,0,1,0,'0','web','sushehao','','0000-00-00 00:00:00'),(1266,'@  ',81,1293584613,NULL,0,0,1,0,'0','web','sushehao','','0000-00-00 00:00:00'),(1267,'#<a href=\'/tag/78\' class=\'subtag\'></a># ',81,1293584669,NULL,0,0,1,0,'0','web','sushehao','','0000-00-00 00:00:00'),(1268,'#<a href=\'/tag/44\' class=\'subtag\'></a># ',81,1293584707,NULL,0,0,1,0,'0','web','sushehao','','0000-00-00 00:00:00'),(1269,'  ',81,1293584751,NULL,0,0,1,0,'0','web','sushehao','','0000-00-00 00:00:00'),(1270,'(1.gif)#<a href=\'/tag/13\' class=\'subtag\'></a>###',350,1293585531,NULL,0,0,1,0,'0','web','maiyou','','0000-00-00 00:00:00'),(1271,'(47.gif)',359,1293586102,NULL,0,0,1,0,'0','web','365have','ADSL','0000-00-00 00:00:00'),(1272,'up up up<div class=\'zhuanbo\'><a href=/okjoyel/>okjoyel</a>@0.8</div>',115,1293586164,NULL,0,1254,1,0,'0','web','nocruel','','0000-00-00 00:00:00'),(1273,'IE6~',54,1293588953,NULL,0,0,1,0,'0','web','teamo01','','0000-00-00 00:00:00'),(1274,'demo!~~',362,1293596518,NULL,0,0,1,0,'0','web','jar007','','0000-00-00 00:00:00'),(1275,' ',362,1293596568,NULL,0,0,1,0,'0','web','jar007','','0000-00-00 00:00:00'),(1276,' ',362,1293597052,NULL,10,0,1,0,'0','web','jar007','','0000-00-00 00:00:00'),(1277,',,,2',196,1293613650,NULL,0,0,1,0,'0','web','yizhizaipao','ADSL','0000-00-00 00:00:00'),(1278,',',196,1293613681,NULL,0,0,1,0,'0','web','yizhizaipao','ADSL','0000-00-00 00:00:00'),(1279,'0.8',171,1293619031,NULL,0,0,1,0,'0','web','freespace','','0000-00-00 00:00:00'),(1280,'.. ',371,1293720823,NULL,0,0,1,0,'0','web','lxjiaoyu','','0000-00-00 00:00:00'),(1282,'',66,1293766340,NULL,0,0,1,1,'0','web','dxkdxk','ADSL','0000-00-00 00:00:00'),(1283,'<div class=\'zhuanbo\'><a href=/dxkdxk/>dxkdxk</a>@</div>',66,1293766394,NULL,0,1282,1,0,'0','web','dxkdxk','ADSL','0000-00-00 00:00:00'),(1286,'',373,1293778901,NULL,0,0,1,0,'0','web','kevinxiong','','0000-00-00 00:00:00'),(1293,'(49.gif)',104,1294042543,NULL,0,0,1,0,'0','web','icebin','','0000-00-00 00:00:00'),(1294,'0.8',124,1294050043,NULL,0,0,1,0,'0','web','hongbin','','0000-00-00 00:00:00'),(1288,'@@http://player.youku.com/player.php/sid/XMjMyMDYxNDMy/v.swf@@',374,1293788889,NULL,0,0,1,0,'0','web','meiyin','','0000-00-00 00:00:00'),(1289,'--',374,1293788948,NULL,0,0,1,0,'0','web','meiyin','','0000-00-00 00:00:00'),(1290,'      @@http://player.youku.com/player.php/sid/XMjI5MTg4ODM2/v.swf@@',374,1293789143,NULL,0,0,1,0,'0','web','meiyin','','0000-00-00 00:00:00'),(1295,'',379,1294059997,NULL,0,0,1,0,'0','web','82884019','()','0000-00-00 00:00:00'),(1298,'IE6 ',19,1294232425,NULL,7,0,1,1,'0','web','admin','','0000-00-00 00:00:00'),(1297,'',271,1294155761,NULL,0,0,1,1,'0','web','okjoyel','','0000-00-00 00:00:00'),(1299,'',19,1294235906,NULL,7,0,1,1,'0','web','admin','','0000-00-00 00:00:00'),(1300,'<div class=\'zhuanbo\'><a href=/admin/>admin</a>@</div>',271,1294237830,NULL,7,1299,1,0,'0','web','okjoyel','','0000-00-00 00:00:00'),(1301,'',384,1294283611,NULL,0,0,1,0,'0','web','shitou028',' ','0000-00-00 00:00:00'),(1302,'',384,1294283774,NULL,0,0,1,0,'0','web','shitou028',' ','0000-00-00 00:00:00'),(1304,'<div class=\'zhuanbo\'><a href=/okjoyel/>okjoyel</a>@</div>',384,1294284890,NULL,0,1297,1,0,'0','web','shitou028',' ','0000-00-00 00:00:00'),(1305,' MJJ',81,1294370074,NULL,0,0,1,0,'0','web','sushehao','','0000-00-00 00:00:00'),(1309,'',387,1294391982,NULL,0,0,1,0,'0','web','leobrilliant','','0000-00-00 00:00:00'),(1307,'@  ID   ',81,1294370129,NULL,0,0,1,0,'0','web','sushehao','','0000-00-00 00:00:00'),(1308,'<div class=\'zhuanbo\'><a href=/admin/>admin</a>@IE6 </div>',81,1294370143,NULL,7,1298,1,0,'0','web','sushehao','','0000-00-00 00:00:00'),(1310,'OSX 10.6.6 / Safari 5.0.3 / V 0.8  ?',349,1294426398,NULL,0,0,1,0,'0','web','macbook','','0000-00-00 00:00:00'),(1312,'#<a href=\'/tag/79\' class=\'subtag\'></a>#',19,1294486876,NULL,0,0,1,0,'0','web','admin','','0000-00-00 00:00:00'),(1314,'',124,1294500795,NULL,0,0,1,0,'0','web','hongbin','','0000-00-00 00:00:00'),(1316,' ',390,1294504029,NULL,0,0,1,0,'0','web','ta05com','','0000-00-00 00:00:00'),(1317,'#<a href=\'/tag/80\' class=\'subtag\'></a>#',394,1294637149,NULL,0,0,1,0,'0','web','qyh000','()ADSL','0000-00-00 00:00:00'),(1318,'(1.gif)(1.gif)(1.gif)(1.gif)(1.gif)',394,1294637288,NULL,0,0,1,0,'0','web','qyh000','()ADSL','0000-00-00 00:00:00'),(1319,' ',394,1294637530,NULL,0,0,1,0,'0','web','qyh000','()ADSL','0000-00-00 00:00:00'),(1321,'@@http://www.dadeng.org/news/16@@V0.8',19,1294639878,NULL,7,0,1,1,'9','web','admin','ADSL/LAN','0000-00-00 00:00:00'),(1322,'@  <div class=\'zhuanbo\'><a href=/admin/>admin</a>@@@http://www.dadeng.org/news/16@@V0.8</div>',271,1294657513,NULL,7,1321,1,0,'0','web','okjoyel','','0000-00-00 00:00:00'),(1324,'(32.gif)',398,1294669050,NULL,0,0,1,0,'0','web','keapom','','0000-00-00 00:00:00'),(1325,'@@http://6.cn/p/yexTRzTKQQTFaeCA3UXz/A.swf@@',82,1294674653,NULL,0,0,1,0,'5','web','luckfish','','0000-00-00 00:00:00'),(1327,'#<a href=\'/tag/81\' class=\'subtag\'></a>#',82,1294674915,NULL,0,0,1,0,'0','web','luckfish','','0000-00-00 00:00:00'),(1328,'  ',81,1294718911,NULL,0,0,1,0,'0','web','sushehao','','0000-00-00 00:00:00'),(1329,' ',81,1294718978,NULL,0,0,1,1,'0','web','sushehao','','0000-00-00 00:00:00'),(1330,' ',81,1294719040,NULL,0,0,1,0,'0','web','sushehao','','0000-00-00 00:00:00'),(1331,'(9.gif)  ',81,1294719221,NULL,0,0,1,1,'0','web','sushehao','','0000-00-00 00:00:00'),(1332,'',400,1294722997,NULL,4,0,1,0,'0','web','footballren','','0000-00-00 00:00:00'),(1340,' ',405,1294923000,NULL,0,0,1,0,'0','web','binghe','','0000-00-00 00:00:00'),(1336,'(16.gif)',402,1294757394,NULL,0,0,1,0,'0','web','carigold','','0000-00-00 00:00:00'),(1335,'(2.gif)(3.gif)(5.gif)(6.gif)<div class=\'zhuanbo\'><a href=/sushehao/>sushehao</a>@(9.gif)  </div>',50,1294745003,NULL,0,1331,1,0,'0','web','111111','','0000-00-00 00:00:00'),(1338,'goo.glAPIGG ',19,1294797324,NULL,0,0,1,0,'0','web','admin','ADSL/LAN','0000-00-00 00:00:00'),(1339,'',146,1294819809,NULL,0,0,1,0,'0','web','joyfallc','','0000-00-00 00:00:00'),(1341,'@@http://player.youku.com/player.php/sid/XMjM1OTg4MTA4/v.swf@@',405,1294923041,NULL,0,0,1,0,'0','web','binghe','','0000-00-00 00:00:00'),(1342,'',405,1294923138,NULL,0,0,1,0,'0','web','binghe','','0000-00-00 00:00:00'),(1343,'twitter<div class=\'zhuanbo\'><a href=/sushehao/>sushehao</a>@ </div>',93,1294945916,NULL,0,1329,1,0,'0','web','halulu','','0000-00-00 00:00:00'),(1344,'',410,1295145615,NULL,0,0,1,0,'0','web','19910416','ADSL','0000-00-00 00:00:00'),(1351,'UI~~~',415,1295418192,NULL,0,0,1,0,'0','web','simplify','','0000-00-00 00:00:00'),(1348,'http://www.daxiaodeng.com/thread-60-1-1.html',19,1295321790,NULL,0,0,1,0,'0','web','admin','','0000-00-00 00:00:00'),(1349,'',414,1295408227,NULL,0,0,1,0,'0','web','yolims',' ','0000-00-00 00:00:00'),(1350,'UI~~~',415,1295418153,NULL,0,0,1,0,'0','web','simplify','','0000-00-00 00:00:00'),(1352,'  SQLIET<div class=\'zhuanbo\'><a href=/dalang/>dalang</a>@0.6UCUCENTER</div>',416,1295428722,NULL,5,351,1,0,'0','web','mybx521','','0000-00-00 00:00:00'),(1353,' ',19,1295455298,NULL,0,0,1,0,'0','web','admin','','0000-00-00 00:00:00'),(1354,'bbs',415,1295520415,NULL,0,0,1,0,'0','web','simplify','','0000-00-00 00:00:00'),(1379,'@@http://www.dadeng.org//url/ONCJB9Rrnt)cTJm@@baidu',189,1297648996,NULL,0,0,1,0,'9','web','lanmiz','','0000-00-00 00:00:00'),(1434,'@  2011',271,1297861347,NULL,0,0,1,1,'0','web','okjoyel','','0000-00-00 00:00:00'),(1356,'~',415,1295601328,NULL,0,0,1,0,'0','web','simplify','','0000-00-00 00:00:00'),(1357,'@@http://bbs.dadeng.org/attachments/month_1101/1101211704e4ab1af80b0f6bd5.jpg@@',415,1295601438,NULL,0,0,1,0,'2','web','simplify','','0000-00-00 00:00:00'),(1358,'',422,1295673937,NULL,0,0,1,0,'0','web','noseting','','0000-00-00 00:00:00'),(1360,'#<a href=\'/tag/84\' class=\'subtag\'>(2.gif)(3.gif)</a>#',423,1295696366,NULL,0,0,1,0,'0','web','111qqq','ADSL','0000-00-00 00:00:00'),(1361,'!(30.gif)',19,1295696544,NULL,0,0,1,0,'0','web','admin','','0000-00-00 00:00:00'),(1380,'',448,1297732913,NULL,0,0,1,0,'0','web','cystudio','','0000-00-00 00:00:00'),(1378,'',271,1297576830,NULL,0,0,1,0,'0','web','okjoyel','','0000-00-00 00:00:00'),(1367,'',114,1295799993,NULL,0,0,1,0,'0','web','my01bb','ADSL','0000-00-00 00:00:00'),(1445,'  ',81,1298336049,NULL,0,0,1,0,'0','web','sushehao','','0000-00-00 00:00:00'),(1435,' twitter....<div class=\'zhuanbo\'><a href=/okjoyel/>okjoyel</a>@@  2011</div>',93,1297871781,NULL,0,1434,1,0,'0','web','halulu','','0000-00-00 00:00:00'),(1477,'Gtalk  ',19,1298988466,NULL,0,0,1,0,'0','gtalk','admin','// ','0000-00-00 00:00:00'),(1370,'',429,1296017982,NULL,0,0,1,0,'0','web','highflier','','0000-00-00 00:00:00'),(1480,'Gtalk dadeng.org@gmail.com',19,1299026023,NULL,7,0,1,0,'0','web','admin','','0000-00-00 00:00:00'),(1464,'',475,1298959744,NULL,0,0,1,0,'0','web','hlxxgkp','','0000-00-00 00:00:00'),(1437,'',81,1298206863,NULL,0,0,1,0,'0','web','sushehao','','0000-00-00 00:00:00'),(1444,'@  TS ',81,1298336020,NULL,0,0,1,0,'0','web','sushehao','','0000-00-00 00:00:00'),(1439,'',81,1298206960,NULL,0,0,1,0,'0','web','sushehao','','0000-00-00 00:00:00'),(1424,'',449,1297848646,NULL,0,0,1,0,'0','web','ingsee','','0000-00-00 00:00:00'),(1448,'Angry Bird',395,1298381318,NULL,0,0,1,0,'0','web','ookangzheng','','0000-00-00 00:00:00'),(1447,'@@http://www.dadeng.org//url/zqlJMQUvylOh5Sh@@',462,1298361123,NULL,0,0,1,0,'9','web','cnjoby','','0000-00-00 00:00:00'),(1453,'',19,1298448789,NULL,0,0,1,0,'0','web','admin','','0000-00-00 00:00:00'),(1429,'2011',449,1297849941,NULL,0,0,1,0,'0','web','ingsee','','0000-00-00 00:00:00'),(1430,'',449,1297850067,NULL,0,0,1,0,'0','web','ingsee','','0000-00-00 00:00:00'),(1450,'config',464,1298440993,NULL,0,0,1,0,'0','web','feia2009','','0000-00-00 00:00:00'),(1432,'',453,1297851921,NULL,0,0,1,0,'0','web','zh1235','','0000-00-00 00:00:00'),(1451,'thinkphp',464,1298441048,NULL,0,0,1,0,'0','web','feia2009','','0000-00-00 00:00:00'),(1452,'',464,1298441093,NULL,0,0,1,0,'0','web','feia2009','','0000-00-00 00:00:00'),(1456,'godaddy',19,1298647632,NULL,5,0,1,0,'0','web','admin','','0000-00-00 00:00:00'),(1460,'MSE DNS',19,1298820619,NULL,0,0,1,0,'0','web','admin','()ADSL','0000-00-00 00:00:00'),(1458,'',469,1298737018,NULL,0,0,1,0,'0','web','msj690','','0000-00-00 00:00:00'),(1459,'<div class=\'zhuanbo\'><a href=/123taoyan/>123taoyan</a>@asasasasasas</div>',469,1298737062,NULL,0,1457,1,0,'0','web','msj690','','0000-00-00 00:00:00'),(1461,'out',472,1298874761,NULL,0,0,1,0,'0','web','geolyf','','0000-00-00 00:00:00'),(1462,'',473,1298877466,NULL,0,0,1,0,'0','web','aikoushi','','0000-00-00 00:00:00'),(1481,' ',476,1299030041,NULL,0,0,1,0,'0','web','yijian','','0000-00-00 00:00:00'),(1482,'',478,1299129807,NULL,0,0,1,0,'0','web','forwenus','ADSL','0000-00-00 00:00:00'),(1483,'',478,1299129835,NULL,0,0,1,0,'0','web','forwenus','ADSL','0000-00-00 00:00:00'),(1484,'#<a href=\'/tag/90\' class=\'subtag\'></a>#<a href=\'/tag/90\' class=\'subtag\'></a>',479,1299182238,NULL,0,0,1,0,'0','web','heweimz','','0000-00-00 00:00:00'),(1489,' ghost ..',19,1299488501,NULL,0,0,1,0,'0','gtalk','admin','// ','0000-00-00 00:00:00'),(1490,' ',480,1299554302,NULL,0,0,1,0,'0','web','gartocat','','0000-00-00 00:00:00'),(1488,'    THINKSNS EASYTALKX',81,1299248244,NULL,0,0,1,0,'0','web','sushehao','','0000-00-00 00:00:00'),(1491,'',481,1299570092,NULL,0,0,1,0,'0','web','hewei123','','0000-00-00 00:00:00'),(1492,'  ',19,1299640731,NULL,0,0,1,0,'0','gtalk','admin','// ','2011-03-19 17:49:57'),(1493,'',177,1299666613,NULL,0,0,1,0,'0','web','getcww','','0000-00-00 00:00:00'),(1495,'',177,1299667068,NULL,0,0,1,0,'0','web','getcww','','0000-00-00 00:00:00'),(1496,'',485,1299827664,NULL,0,0,1,0,'0','web','kintyhong','ADSL','0000-00-00 00:00:00'),(1497,' ',271,1299850950,NULL,0,0,1,0,'0','web','okjoyel','','0000-00-00 00:00:00'),(1498,' ',271,1299852046,NULL,0,0,1,0,'0','web','okjoyel',' ','0000-00-00 00:00:00'),(1500,'',152,1300083676,NULL,0,0,1,0,'0','web','abc6366','ADSL','0000-00-00 00:00:00'),(1501,'',152,1300083700,NULL,0,0,1,0,'0','web','abc6366','ADSL','0000-00-00 00:00:00'),(1506,'@',196,1300220211,NULL,0,0,1,0,'0','web','yizhizaipao','','0000-00-00 00:00:00'),(1507,'12()345, 8080406',19,1300283140,NULL,0,0,1,0,'0','web','admin','()ADSL','0000-00-00 00:00:00'),(1503,'160  140 ',489,1300176189,NULL,0,0,1,0,'0','web','langing','','0000-00-00 00:00:00'),(1508,'\\&quot;\\&quot; 2016  70',494,1300450065,NULL,0,0,1,0,'0','web','pcbeta','','0000-00-00 00:00:00'),(1509,'#<a href=\'/tag/91\' class=\'subtag\'>cnpeta</a>#  2011-03-17 09:44:54',494,1300450603,NULL,0,0,1,0,'0','web','pcbeta','','0000-00-00 00:00:00'),(1514,'',19,1300545590,NULL,0,0,1,0,'0','WAP','admin','','0000-00-00 00:00:00'),(1511,' @',81,1300528105,NULL,0,0,1,0,'0','web','sushehao','','2011-03-19 19:39:49'),(1512,'<a href=\'/admin/\' target=\'_blank\' class=\'aboutme\'>@admin</a> @',81,1300528227,NULL,0,0,1,0,'0','web','sushehao','','0000-00-00 00:00:00'),(1513,' ',81,1300528539,NULL,14,0,1,0,'0','web','sushehao','','2011-03-19 22:47:57'),(1517,'http://www.dadeng.org/wap ',19,1300591493,NULL,7,0,1,0,'0','web','admin','()ADSL','2011-03-21 09:33:58'),(1516,'',497,1300587550,NULL,0,0,1,0,'0','web','seebysee','','0000-00-00 00:00:00'),(1518,'dadeng',124,1300593537,NULL,0,0,1,0,'0','web','hongbin','','2011-03-21 08:31:39'),(1521,'',46,1300644107,NULL,0,0,1,1,'0','web','winkey','','2011-03-22 21:50:24'),(1522,'UI',81,1300671257,NULL,0,0,1,0,'0','web','sushehao','','0000-00-00 00:00:00'),(1523,'',19,1300791471,NULL,0,0,1,0,'0','web','admin','','0000-00-00 00:00:00'),(1524,'(12.gif)',500,1300801778,NULL,0,0,1,0,'0','web','ccav2010','','0000-00-00 00:00:00'),(1525,'hehe8888<div class=\'zhuanbo\'><a href=/winkey/>winkey</a>@</div>',500,1300801824,NULL,0,1521,1,0,'0','web','ccav2010','','0000-00-00 00:00:00'),(1529,'10%http://finance.people.com.cn/GB/14210587.html',19,1300889922,NULL,0,0,1,0,'0','web','admin','','0000-00-00 00:00:00'),(1528,'weisha (4.gif)',81,1300849516,NULL,0,0,1,0,'0','web','sushehao','','0000-00-00 00:00:00'),(1530,'@@http://player.ku6.com/refer/gbneE_-9xdGiNFCI/v.swf@@6',155,1300971666,NULL,0,0,1,0,'5','web','ricky1991','','0000-00-00 00:00:00'),(1531,':',19,1301029333,NULL,0,0,1,0,'0','web','admin','','2011-03-25 13:02:13'),(1536,'',506,1301149178,NULL,0,0,1,0,'0','web','gggggg','','2011-03-26 22:19:38'),(1537,'123344',196,1301159332,NULL,0,0,1,0,'0','web','yizhizaipao',' ','2011-03-27 01:08:52'),(1538,'',140,1301208586,NULL,0,0,1,0,'0','web','woai2006','','2011-03-27 14:49:46'),(1539,' UIUI ',81,1301273771,NULL,0,0,1,0,'0','web','sushehao','','2011-03-28 23:00:52'),(1534,'',196,1301077745,NULL,0,0,1,0,'0','web','yizhizaipao',' ','2011-03-26 10:41:07'),(1543,'#<a href=\'/tag/92\' class=\'subtag\'>hello world</a>#(3.gif)(3.gif)(3.gif)',510,1301328886,NULL,13,0,1,0,'0','web','winjune','ADSL','2011-03-29 00:14:46'),(1568,'4X  ',19,1302063087,NULL,0,0,1,1,'0','web','admin','','2011-04-14 23:31:26'),(1557,'dadeng',124,1301634395,NULL,0,0,1,0,'0','web','hongbin','','2011-04-01 13:06:35'),(1549,' ',81,1301538023,NULL,0,0,1,2,'0','web','sushehao','','2011-04-26 23:27:14'),(1559,'@@http://player.youku.com/player.php/sid/XMTU2ODQ3ODAw/v.swf@@ddsdas',518,1301679003,NULL,0,0,1,0,'5','web','a111222','','2011-04-02 01:30:03'),(1551,' ',514,1301546312,NULL,0,0,1,0,'0','web','hostbrian','','2011-03-31 12:38:32'),(1579,'<div class=\'zhuanbo\'><a href=/admin/>admin</a>@4X  </div>',124,1302704580,NULL,0,1568,1,0,'0','web','hongbin','','0000-00-00 00:00:00'),(1573,'...',525,1302162250,NULL,0,0,1,0,'0','web','xieph','','2011-04-07 15:44:10'),(1555,'',516,1301557687,NULL,0,0,1,0,'0','web','test123','','2011-03-31 20:54:45'),(1569,'#<a href=\'/tag/93\' class=\'subtag\'>GOGO</a>#',259,1302140910,NULL,0,0,1,0,'0','web','123123e','','2011-04-07 09:48:30'),(1571,'#<a href=\'/tag/94\' class=\'subtag\'>myGOD</a>#(2.gif)',524,1302156950,NULL,0,0,1,0,'0','web','ghd8138','ADSL','2011-04-07 14:15:50'),(1564,'<div class=\'zhuanbo\'><a href=/sushehao/>sushehao</a>@ </div>',196,1301742597,NULL,0,1549,1,0,'0','web','yizhizaipao',' ','0000-00-00 00:00:00'),(1565,'',196,1301742736,NULL,0,0,1,0,'0','web','yizhizaipao',' ','2011-04-04 10:54:37'),(1578,'test the platform',534,1302691525,NULL,0,0,1,0,'0','web','calator',' ','2011-04-13 18:45:25'),(1577,'(2.gif)',490,1302596077,NULL,0,0,1,0,'0','web','thinkphper','ADSL','2011-04-12 16:14:37'),(1585,'#<a href=\'/tag/95\' class=\'subtag\'>ssss</a>#',539,1303018666,NULL,0,0,1,0,'0','web','zhensheng','','2011-04-17 13:37:46'),(1586,'',539,1303019097,NULL,0,0,1,0,'0','web','zhensheng','','2011-04-17 13:44:57'),(1587,'very nice ...  i whant the english version .....',534,1303070701,NULL,0,0,1,0,'0','web','calator',' ','2011-04-19 21:38:13'),(1584,'sdfasdfsadfsdf',538,1302969761,NULL,0,0,1,0,'0','web','xiaop1','','2011-04-17 00:02:41'),(1588,'@  ',271,1303124853,NULL,0,0,1,0,'0','web','okjoyel','','2011-04-19 21:39:52'),(1589,'@  ',271,1303124969,NULL,0,0,1,0,'0','web','okjoyel','','2011-04-19 21:38:59'),(1590,'asasasasaa',534,1303134907,NULL,0,0,1,0,'0','web','calator',' ','2011-04-18 21:55:07'),(1591,'ceshi',545,1303147886,NULL,0,0,1,1,'0','web','gghz123','()ADSL','2011-04-19 22:51:40'),(1592,'hahah<div class=\'zhuanbo\'><a href=/gghz123/>gghz123</a>@ceshi</div>',547,1303224700,NULL,0,1591,1,0,'0','web','judeabc','','0000-00-00 00:00:00'),(1593,'dadeng',124,1303377794,NULL,0,0,1,0,'0','web','hongbin','','2011-04-21 17:23:14'),(1594,'',553,1303628019,NULL,0,0,1,0,'0','web','ThinkPHP','','2011-04-26 23:16:33'),(1596,' http://www.weshuo.com',19,1303787167,NULL,0,0,1,0,'0','web','admin','','2011-05-06 09:58:37'),(1601,'qq',539,1304477400,NULL,0,0,1,0,'0','web','zhensheng','','2011-05-04 10:50:00'),(1598,'<div class=\'zhuanbo\'><a href=/sushehao/>sushehao</a>@ </div>',205,1303831634,NULL,0,1549,1,0,'0','web','','ATT','0000-00-00 00:00:00'),(1603,'',152,1304495130,NULL,1,0,1,0,'0','web','abc6366','ADSL','2011-05-04 15:45:30'),(1604,'weshuo  ',81,1304515909,NULL,0,0,1,0,'0','web','sushehao','','2011-05-05 08:45:06'),(1605,'  @',81,1304515990,NULL,0,0,1,0,'0','web','sushehao','','2011-05-04 21:33:10'),(1606,' <a href=\'/admin/\' target=\'_blank\' class=\'aboutme\'>@admin</a> @',81,1304516003,NULL,0,0,1,0,'0','web','sushehao','','2011-05-05 08:45:47'),(1607,'',152,1304530934,NULL,0,0,1,0,'0','web','abc6366','ADSL','2011-05-05 01:42:14');

/*Table structure for table `iw_user` */

DROP TABLE IF EXISTS `iw_user`;

CREATE TABLE `iw_user` (
  `userId` int(10) NOT NULL AUTO_INCREMENT,
  `userName` varchar(20) NOT NULL,
  `mail` varchar(50) NOT NULL,
  `password` varchar(32) NOT NULL,
  `homePage` varchar(30) NOT NULL,
  `icon` varchar(17) NOT NULL,
  `createTime` int(10) NOT NULL DEFAULT '0',
  `createIp` varchar(16) NOT NULL DEFAULT '127.0.0.1',
  `groupId` int(10) NOT NULL DEFAULT '1',
  `roleId` int(10) NOT NULL DEFAULT '1',
  `score` int(10) NOT NULL DEFAULT '0',
  `nickName` varchar(10) NOT NULL,
  `status` tinyint(1) NOT NULL DEFAULT '1',
  `tags` varchar(200) NOT NULL,
  `province` varchar(10) NOT NULL,
  `city` varchar(10) NOT NULL,
  `sex` tinyint(1) NOT NULL DEFAULT '0',
  `memo` varchar(100) DEFAULT NULL,
  PRIMARY KEY (`userId`)
) ENGINE=MyISAM AUTO_INCREMENT=577 DEFAULT CHARSET=utf8;

/*Data for the table `iw_user` */

insert  into `iw_user`(`userId`,`userName`,`mail`,`password`,`homePage`,`icon`,`createTime`,`createIp`,`groupId`,`roleId`,`score`,`nickName`,`status`,`tags`,`province`,`city`,`sex`,`memo`) values (39,'rainer','','ad9a797526e878d26f9b768a6bafa551','rainer','',1280126671,'59.44.110.2',0,0,200,'',1,'','','',0,NULL),(40,'mengzc','','e6c62467424b2bf61daaf30f13199f42','mengzc','',1280128805,'61.178.30.175',0,0,205,'',1,'','','',0,NULL),(38,'sunkille','','e180df8d67f0017ce76390ff173ebbc4','yy1234','',1280114329,'113.125.100.36',0,0,202,'',1,'','','',0,NULL),(19,'admin','admin@dadeng.info','39a4226cc512551a5f675934dafd7ed3','admin','1305359800978.jpg',1278156714,'127.0.0.1',9,9,2147483647,'admin',1,'php,','','',1,'fasdfasdf'),(31,'cntime','','8a8b1c58e11dcff355a2a569de6a4223','cntime','',1278689011,'125.39.35.191',0,0,202,'',1,'','','',0,NULL),(32,'rongfei','13581604546@139.com','0546963fd39568281e20fbb9f64e00de','rongfei','1278730205418.jpg',1278730038,'202.43.150.50',0,0,207,'',1,'','','',0,NULL),(33,'liusir','905434395@qq.com','e10adc3949ba59abbe56e057f20f883e','lanhuazhimneg','1279696791728.jpg',1279696677,'221.205.60.6',0,0,203,'',1,'','','',0,NULL),(34,'cnzyum','','958542694a7d6821171db51d79afb798','cnzyum','',1279736917,'114.243.42.146',0,0,198,'',1,'','','',0,NULL),(35,'jimiking','','b713724da9906ac568e336c6b68c8a0c','jimiking','1283007866174.jpg',1279816738,'61.138.207.156',0,0,201,'',1,'','','',0,NULL),(36,'adminadmin','','e10adc3949ba59abbe56e057f20f883e','amin22','',1280059387,'116.225.133.154',0,0,158,'32',1,'','','',0,NULL),(37,'lineboy','','7fef6171469e80d32c0559f88b377245','lineboy','',1280114257,'124.116.147.82',0,0,202,'',1,'','','',0,NULL),(41,'owcall','','e5dd8415d939903d71c92484acae3d3c','owcall','1280133108582.jpg',1280133024,'123.123.235.59',0,0,172,'RuiZi',1,'','','',0,NULL),(42,'whcp888','','c9eac585dae5e7e0ffb52429b3da590e','whcp888','',1280133060,'121.41.244.89',0,0,202,'',1,'','','',0,NULL),(43,'liuzhen','','bc7fcedcd8a69e5098ac50a37b31e672','liuzhen','',1280133447,'123.131.9.106',0,0,201,'',1,'','','',0,NULL),(44,'zhaiqiang','','96e79218965eb72c92a549dd5a330112','zhaiqiang','',1280133570,'124.132.15.153',0,0,200,'',1,'','','',0,NULL),(45,'0538sd','','e10adc3949ba59abbe56e057f20f883e','0538sd','1280136208451.jpg',1280136099,'123.135.123.154',0,0,-3,'',1,'','','',0,NULL),(46,'winkey','','ba2804976fea28bd633aca39edee10bf','winkey','1280157172998.jpg',1280138200,'120.32.155.3',0,0,12,'winkey',1,'','','',0,NULL),(47,'kunkun114','wrc0770@163.com','6ebe76c9fb411be97b3b0d48b791a7c9','kunkunboy','1280142485374.jpg',1280142370,'125.89.24.206',0,0,3,'',1,'','','',0,NULL),(48,'1111117','','55261c07ded75a49aae7f96b4cbb2958','1111117','',1280150542,'183.69.165.175',0,0,-5,'',1,'','','',0,NULL),(49,'arthuman','','87c656239d23142bd2a97ea2fd171d18','indounet','',1280201622,'125.95.100.33',0,0,35,'',1,'','','',0,NULL),(50,'habin1174','565665@qq.com','96e79218965eb72c92a549dd5a330112','111111','1281174889586.jpg',1280205223,'121.205.36.232',0,0,3,'fdfdfdf',1,'','','',0,NULL),(51,'fishman','','b452ee5218960dbcdc743ba4f18581a7','fishman','',1280220319,'58.61.213.58',0,0,3,'',1,'','','',0,NULL),(52,'qzsjzwj','','e11921eb94a5568280d7b696297e5422','zhaowenjun','',1280241895,'59.57.109.78',0,0,0,'',1,'','','',0,NULL),(53,'kyzora','','dfa1b63cbb7d09eb5902a05ceb5fb2f9','kyzora','',1280243483,'113.16.178.33',0,0,1,'',1,'','','',0,NULL),(54,'gjteamo','','83e80173c94bc583739d51d87c6e6f4b','teamo01','',1280253267,'117.86.109.10',0,0,18,'',1,'','','',0,NULL),(55,'faner58','','e10adc3949ba59abbe56e057f20f883e','123456','1280290283974.jpg',1280290162,'202.108.19.114',0,0,5,'',1,'','','',0,NULL),(56,'shenjun','','dd8018b1bede5c78d2db41ec584feb7a','suhotnet','',1280310761,'121.235.82.42',0,0,0,'',1,'','','',0,NULL),(61,'13zhang','','22f426f02c0344da280621808dfc268c','google','',1280395507,'222.35.116.249',0,0,-1,'google',1,'','','',0,NULL),(57,'gaoxiaozhong','','70dbca36e3b7a63b6f7eaa7d351a3594','gaoxiaozhong','',1280312522,'119.109.31.111',0,0,-2,'',1,'','','',0,NULL),(58,'xdhomes','','8958c12f19bf65276574bcba2816cba2','8400100','',1280367085,'125.90.170.50',0,0,0,'',1,'','','',0,NULL),(59,'menmeder','','6d71421d409f35074092771da5c483ed','wwwdadengorg','',1280375489,'124.90.129.83',0,0,0,'',1,'','','',0,NULL),(60,'zhinazhu','','648ceaa6447a6a2004ec51b797c78247','zhinazhu','',1280381981,'122.157.197.124',0,0,-4,'',1,'','','',0,NULL),(62,'dadengmsn','','39a4226cc512551a5f675934dafd7ed3','dadengmsn','',1280419391,'113.90.193.234',0,0,-8,'MSN',1,'','','',0,NULL),(63,'billgame','','abb144d1cb5c4aa4c869eea56bd5cd9d','billgame','1280475646780.jpg',1280475620,'121.9.251.154',0,0,2,'',1,'','','',0,NULL),(64,'jasonlee','','97992df786d8eaaac2d41895633de351','lixiangbin1027','',1280504182,'221.172.74.58',0,0,2,'jasonlee',1,'','','',0,NULL),(65,'Elsess','','96e79218965eb72c92a549dd5a330112','elsess','',1280507590,'58.38.119.107',0,0,0,'',1,'','','',0,NULL),(67,'zhang523abc','','c499a157f236220c2a63362ce0ee882a','huanlesg','',1280569270,'113.129.7.200',0,0,0,'',1,'','','',0,NULL),(66,'dxkdxk','dxkdx@163.com','e10adc3949ba59abbe56e057f20f883e','dxkdxk','1288959864379.jpg',1280537793,'59.41.254.238',0,0,143,'',1,'','','',0,NULL),(68,'nihao10157','','08fd71a60fbbe8210cd5853c56d1cd84','opentk','',1280576860,'222.246.105.94',0,0,3,'',1,'','','',0,NULL),(69,'xxf123','','e10adc3949ba59abbe56e057f20f883e','xxf123','1280577645237.jpg',1280577405,'221.182.46.19',0,0,1,'',1,'','','',0,NULL),(70,'cenyuhai','','cb1d99d12bec34553463536511b86786','seacom','',1280664751,'121.22.24.11',0,0,0,'',1,'','','',0,NULL),(71,'srom000','','073e6275a3d67e4b7b4f95da4801d753','srom000','',1280676734,'117.82.141.238',0,0,4,'',1,'','','',0,NULL),(72,'jywwlq','','b645ff3ba3eff1b0d74747cae618297b','yulequan','1280717754334.jpg',1280717574,'218.95.98.157',0,0,27,'',1,'','','',0,NULL),(73,'orange','','fe01d67a002dfa0f3ac084298142eccd','orange','',1280737212,'120.35.43.242',0,0,3,'',1,'','','',0,NULL),(77,'dadeng','newshawk@tom.com','e10adc3949ba59abbe56e057f20f883e','dadeng','',1280998919,'58.30.137.26',0,0,4,'',1,'','','',0,NULL),(74,'otherthink','','e10adc3949ba59abbe56e057f20f883e','1234561111111','',1280804572,'222.210.204.205',0,0,3,'',1,'','','',0,NULL),(75,'silicon','siphp@live.cn','e10adc3949ba59abbe56e057f20f883e','silicon','',1280816975,'61.145.159.78',0,0,5,'',1,'','','',0,NULL),(76,'','zm_zhuming@126.com','ce6b791478bd7b209cbbb6e0f07d1a56','yingkou','',1280822853,'60.22.24.218',0,0,2,'',1,'','','',0,NULL),(78,'meburn','159149169@qq.com','670b14728ad9902aecba32e22fa4f6bd','meburn','',1281024259,'122.158.224.191',0,0,10,'',1,'','','',0,NULL),(79,'swallow','wyy_0803@163.com','39a4226cc512551a5f675934dafd7ed3','249486659','',1281064282,'116.24.45.171',0,0,4,'',1,'','','',0,NULL),(80,'safasf','safasf@jala.com','9b9839999ef9465edb982e3892a284fa','safasf','',1281075413,'113.118.156.109',0,0,0,'',1,'','','',0,NULL),(82,'luckfish','uc23@sina.com','d64635a57f3a239f508f3ce4ecd2ed1a','luckfish','',1281076386,'112.114.230.174',0,0,9,'',1,'','','',0,NULL),(81,'sushehao','sushehao@qq.com','23739707d44f75c338e2fa74f967e6e3','sushehao','1281076043286.jpg',1281075991,'113.138.2.201',0,0,471,'',1,'','','',0,NULL),(83,'demodemo','demodemo@demo.com','c514c91e4ed341f263e458d44b3bb0a7','demodemo','1281081334793.jpg',1281080955,'220.191.33.36',0,0,2,'',1,'','','',0,NULL),(84,'lucifer','lucifer@lucifer.cs.vc','75ac4b89768008fc6b64b02b18835eff','lucifer','1281085756777.jpg',1281085676,'61.178.11.3',0,0,0,'',1,'','','',0,NULL),(85,'kuangxie','zhangbiao8@qq.com','41f8ead7e80bb7d20174db806ae77b0f','kuangzhang','',1281094324,'221.182.46.101',0,0,1,'',1,'','','',0,NULL),(86,'0577zz','28858555@qq.cin','5cd6f9f04dc8227b7d4099aef9c9506c','28858555','',1281101428,'123.158.162.97',0,0,0,'',1,'','','',0,NULL),(87,'aikato','dreamxs@live.hk','e9dff37958beb1a16c0ce82b20ceb18b','ayukokelly','',1281140866,'122.100.220.3',0,0,0,'',1,'','','',0,NULL),(88,'doufenger','doufe@yeah.net','3c55ac75df0428107167c284b9c58645','doufenger','',1281159333,'124.227.134.198',0,0,-5,'',1,'','','',0,NULL),(89,'Dalang','romancc@gmail.com','2c4c5d6342c92ef7f34191cc4b7b3cb2','dalang','',1281162080,'123.120.55.148',0,0,143,'',1,'','','',0,NULL),(90,'love233126','kljkl@yahoo.com','988ee2db0c37f7bd8970d23dbb59c69b','233126','',1281162666,'76.4.229.81',0,0,6,'',1,'','','',0,NULL),(91,'jackeyery','sdzk@qq.com','10502a7492b55c4c6aefc058a8959107','jackeyery','1281167778924.jpg',1281167399,'119.137.115.248',0,0,3,'',1,'','','',0,NULL),(92,'xec211','xec211@163.com','669a6ab06c1888e41b0c0d988a2f9c55','xec211','',1281178084,'222.51.245.105',0,0,5,'',1,'','','',0,NULL),(93,'cbi168','cbi168@wtd.com','9d3f3e2f80f986d50bf612f8b92810e0','halulu','',1281180182,'61.219.77.54',0,0,26,'',1,'','','',0,NULL),(94,'1234567','gxz@niaer.com','70dbca36e3b7a63b6f7eaa7d351a3594','1234567','',1281192535,'119.109.30.203',0,0,0,'',1,'','','',0,NULL),(95,'wflk123','wflk@163.com','c828723971d514c6101e9469f4d76082','likun123','',1281192783,'124.128.8.58',0,0,2,'',1,'','','',0,NULL),(96,'111111','6597615162@qq.com','476556b16b5188cb3a94e9491d554742','111111q','',1281197640,'123.150.232.142',0,0,0,'',1,'','','',0,NULL),(97,'zugeniang','22@fdfd.com','723d505516e0c197e42a6be3c0af910e','555554','',1281224459,'60.178.51.226',0,0,2,'',1,'','','',0,NULL),(98,'4312303','wolfou@126.com','0fb3d4282c6a077f573ebd385054b983','4312303','',1281239012,'123.68.84.107',0,0,0,'',1,'','','',0,NULL),(99,'testcccccc','easyone666@gmail.com','e10adc3949ba59abbe56e057f20f883e','tteeeeeeeeeee','',1281255230,'115.64.43.209',0,0,1,'',1,'','','',0,NULL),(100,'xuanjie109','xuanjie109@qq.com','9be9871e9c1784f8aac9e5dc2b2e33f2','xuanjie','',1281274164,'118.251.214.62',0,0,2,'',1,'','','',0,NULL),(101,'sunyihai','sunyihai@163.com','2c37827a964466d2a4cf493451ecb3ba','sunyihai','',1281275940,'119.62.1.74',0,0,0,'',1,'','','',0,NULL),(102,'mrshuai','mrshuai@qq.com','01c46940790b178d36d945d52dd19ab8','mrmrmr','',1281291560,'220.181.146.221',0,0,0,'',1,'','','',0,NULL),(103,'codechina','mv588@163.com','8735da170a9c33093d5dc7290cfb87f3','ouyang','',1281330682,'202.107.241.66',0,0,5,'',1,'','','',0,NULL),(104,'icebin','icebin@qq.com','a72d683ba5d02d21bab147edb64ee1aa','icebin','',1281340366,'180.152.102.72',0,0,7,'',1,'','','',0,NULL),(105,'playboy','55555@222.com','108591d0506ec0031f538d9d8a6f1bff','playboy','',1281401137,'61.138.175.67',0,0,0,'',1,'','','',0,NULL),(106,'au750zdj','375992709@qq.com','c8837b23ff8aaa8a2dde915473ce0991','au750zdj','',1281402484,'59.33.204.132',0,0,2,'',1,'','','',0,NULL),(107,'duangzz','duangzz@163.com','cb016f6c2f63383ed5eb113cb2b8c004','redlike','',1281409698,'125.113.215.22',0,0,3,'',1,'','','',0,NULL),(108,'maya1124','maya1124@126.com','3de65c5037a3b39147bf1ce0aaf08554','ghghgh','',1281431917,'113.68.215.170',0,0,0,'',1,'','','',0,NULL),(109,'mcarlos','mcalros@126.com','352af0029fc459c7f6b3521cad095a64','mcarlos','',1281514386,'110.125.241.227',0,0,5,'',1,'','','',0,NULL),(110,'hao122645651','893648167@qq.com','0cbd4dc74cd827f901bb297286923649','haoren','',1281519354,'61.163.165.188',0,0,0,'',1,'','','',0,NULL),(111,'','adminadmin@admin.cn','921725cb2ed7507bf7ab74780746f8dd','o553com','',1281579663,'60.166.125.103',0,0,5,'',1,'','','',0,NULL),(112,'177668','bbhoo@qq.com','76419c58730d9f35de7ac538c2fd6737','tiger1986','',1281612850,'120.83.132.177',0,0,2,'',1,'','','',0,NULL),(113,'zjs0803','zjs0803@163.com','d235a58bf6f0e91a60cce6def6690ebe','zjs0803','',1281668268,'115.60.121.69',0,0,5,'',1,'','','',0,NULL),(114,'my01bb','01-bb@163.com','65c965bc991a1968f03ae3541a816a74','my01bb','',1281678729,'124.91.73.127',0,0,10,'',1,'','','',0,NULL),(115,'nocruel','435928331@qq.com','b7ea22c5dd42accabd361ea0499439e6','nocruel','',1281716029,'112.94.240.171',0,0,11,'',1,'','','',0,NULL),(116,'yokids','yokids@163.com','d28efe9fcf4cddf6c78c8edec5c24422','yokids','',1281735521,'119.120.70.211',0,0,0,'',1,'','','',0,NULL),(117,'wlghtl','339224206@qq.com','9024f4176eb4d420385d8f4e447d7628','wlghtl','',1281747773,'114.228.29.117',0,0,2,'',1,'','','',0,NULL),(118,'lhzxb10','lhzxb10@163.com','e10adc3949ba59abbe56e057f20f883e','zishan','',1281855834,'60.162.56.177',0,0,1,'',1,'','','',0,NULL),(119,'lsilas','bestliang@189.cn','f3cda7dc82e4dda892d1f5f1f6eef684','lsilas','',1281855893,'180.124.212.179',0,0,4,'',1,'','','',0,NULL),(120,'saiw521','saiw521@126.com','e0a7e02adb36b0f68c0fea0cc2090c17','saiw521','',1282057028,'218.66.88.62',0,0,0,'',1,'','','',0,NULL),(121,'tietai','ecshang@gmail.com','5cf35d2b67eed72db5217f5dc6eaf38d','tietai','',1282061843,'116.25.0.206',0,0,4,'',1,'','','',0,NULL),(126,'wwoomm','squall@yeboz.com','9565d4d769a2e0e1bc1e1749ee3dc015','squall','',1282142980,'119.32.207.163',0,0,0,'',1,'','','',0,NULL),(122,'','sluhack@vip.qq.com','ce69a764821bcc1940847128c0fa1f04','sluhack','',1282106459,'123.88.203.202',0,0,2,'',1,'','','',0,NULL),(123,'torome','llbin@qq.com','3fa97a3b7aaf09236598376847984e88','torome','',1282122698,'122.90.128.78',0,0,4,'',1,'','','',0,NULL),(124,'123456','yun-ru@139.com','e10adc3949ba59abbe56e057f20f883e','hongbin','1293464151704.jpg',1282124345,'222.248.237.44',0,0,43,'e517',1,'lbs,sns,Open platform','','',0,NULL),(129,'ttbj117','ju_fei117@163.com','5dc7d87e8e82773e07e7bc991971d35c','ttbj117','',1282204697,'218.89.69.4',0,0,0,'',1,'','','',0,NULL),(125,'oklele','jinqiu@126.com','7e6d5635c69fc09f9f8252a4cae12506','jinqiu','',1282136305,'119.233.137.254',0,0,2,'',1,'','','',0,NULL),(127,'kltswhm','76996688@qq.com','aacf4cc811e3b20fdd23c8b5c7b05257','860101','',1282149318,'120.43.201.32',0,0,0,'',1,'','','',0,NULL),(128,'joun98','goodlle@126.com','ae5193a6d20a291cdff69260d870f48b','joun98','',1282150806,'122.51.194.91',0,0,2,'',1,'','','',0,NULL),(130,'yy517yy517','huanqiu3@163.com','bc7ec7c3c86fdee80df45a6c2b30df19','libibsdddffs','',1282271689,'59.56.217.160',0,0,3,'',1,'','','',0,NULL),(131,'ijkwen','837950618@qq.com','d3e3226192b4117417a30b922f55eb12','kmoddd','',1282274566,'58.59.202.252',0,0,6,'',1,'','','',0,NULL),(149,'gogogo','update363@hotmail.com','25d55ad283aa400af464c76d713c07ad','gogogo','',1282872755,'115.64.43.209',0,0,5,'',1,'','','',0,NULL),(170,'574138482','reedgu@sina.com','e10adc3949ba59abbe56e057f20f883e','123456789','',1283929347,'222.90.194.28',0,0,7,'',1,'','','',0,NULL),(132,'hwz888','hwzem@163.com','09952e3de31ad8ac1668c40095f8beca','hwz888','',1282315697,'60.210.128.238',0,0,4,'',1,'','','',0,NULL),(133,'123123','123@123.com','4297f44b13955235245b2497399d7a93','123123','',1282353450,'125.95.8.145',0,0,4,'',1,'','','',0,NULL),(134,'xikebbs','xikebbsad@gmail.com','2bd12a930c3012f9bb4e0ea9bec9a3fc','xikebbs','',1282380224,'119.5.60.59',0,0,18,'',1,'','','',0,NULL),(135,'qiulufei','qiulufei@163.com','15ef1805205ed30d7aecc507ab03a820','win7cc','',1282417354,'124.231.91.157',0,0,2,'',1,'','','',0,NULL),(136,'httply','27845609@qq.com','00b7691d86d96aebd21dd9e138f90840','httply','1282442499208.jpg',1282442345,'222.71.56.240',0,0,2,'',1,'','','',0,NULL),(137,'laowang','www@laowang.net','ba7db0335c9091b95fde78f0940e9ee4','laowang','',1282488454,'60.222.155.210',0,0,4,'',1,'','','',0,NULL),(138,'ginnysisichan','ginnysisichan@yahoo.com','dd4b21e9ef71e1291183a46b913ae6f2','ginnysisichan','',1282496905,'60.50.199.107',0,0,11,'',1,'','','',0,NULL),(139,'ouyww123','ouyww@qq.com','3666355c12549022e6769f6b2d3dfea2','5566ku','',1282537544,'113.97.162.18',0,0,4,'',1,'','','',0,NULL),(140,'woai2006','newtum2006@yahoo.com.cn','96e79218965eb72c92a549dd5a330112','woai2006','1282611428164.jpg',1282611336,'10.32.12.23',0,0,51,'',1,'','','',0,NULL),(141,'','gjrjk@163.com','a10b6332ab4c90e06516ecc55059be4a','feiniao','1282619577650.jpg',1282619347,'123.232.169.222',0,0,2,'',1,'','','',0,NULL),(142,'basecss','basecss@gmail.com','1d3449f88a4c7c90e50f166d48c7f604','basecss','',1282620906,'183.39.17.58',0,0,0,'',1,'','','',0,NULL),(144,'jasonlee1027','lxbjason@126.com','5fcf45f3ffd9d52e6a5dad15c7872c4a','jasonlee','',1282662024,'221.172.224.213',0,0,0,'',1,'','','',0,NULL),(143,'dadeng1','dadeng1@dadeng.org','0b4e7a0e5fe84ad35fb5f95b9ceeac79','aaaaaa','',1282633310,'58.34.186.59',0,0,4,'',1,'','','',0,NULL),(145,'xpxpxp','fgg@fwef.com','343b1c4a3ea721b2d640fc8700db0f36','xpxpxp','',1282666307,'60.212.169.228',0,0,0,'',1,'','','',0,NULL),(146,'joyfallc','joyfallc@126.com','fd2eb8f67aaf9e0a349f36d6d177de02','joyfallc','',1282715226,'125.71.28.241',0,0,5,'',1,'','','',0,NULL),(147,'jingmin618','hy580@vip.qq.com','f00d8fffbfafe83cc10d1ec3f9bb4a56','yjm618','',1282725278,'121.33.60.189',0,0,2,'',1,'','','',0,NULL),(148,'XadillaX','zukaidi@163.com','045f382f08038084d9ef8d74a8402363','XadillaX','',1282789040,'60.184.134.149',0,0,0,'',1,'','','',0,NULL),(150,'51chinese','51chinese@163.com','e10adc3949ba59abbe56e057f20f883e','51chinese','1282891292284.jpg',1282890904,'123.116.191.156',0,0,0,'',1,'','','',0,NULL),(151,'lscj521521','lzm521_ok@126.com','35fd19fbe470f0cb5581884fa700610f','dasdasdasd','',1282961830,'121.24.244.72',0,0,0,'',1,'','','',0,NULL),(153,'osacar','osacar@21cn.com','e10adc3949ba59abbe56e057f20f883e','osacar','',1283050197,'119.139.222.147',0,0,2,'',1,'','','',0,NULL),(152,'abc6366','qz580@qz580.com','d007f9bcc8d82f3340332f38994e79f7','abc6366','',1282973613,'61.170.218.204',0,0,17,'',1,'','','',0,NULL),(164,'xapples','sjx@fm1039e.com','96e79218965eb72c92a549dd5a330112','1111111','',1283408500,'203.86.43.198',0,0,2,'',1,'','','',0,NULL),(154,'nestlake','nestlake@qq.com','043f666b46413adf4ec7de4463e7edeb','nestlake','',1283060307,'58.243.166.209',0,0,2,'',1,'','','',0,NULL),(155,'ricky1991','631601268@qq.com','9ff39353bf920edad06b1490fd0b4c9c','ricky1991','',1283063450,'27.189.4.20',0,0,4,'',1,'','','',0,NULL),(156,'asoba2','asoba@126.com','8987a64de16b0164a8ef93690d8ab6fd','asoba2','',1283079285,'116.112.220.7',0,0,0,'',1,'','','',0,NULL),(157,'a1061200','j-star@magic1plus1.com','ca3582e7d5c656bc2017158fdd5c47a1','yahoocomtw','',1283091318,'175.180.249.187',0,0,0,'',1,'','','',0,NULL),(158,'taoyan','jdt26@163.com','3a8d95ce9e7c239da29b78b248fe99db','taoyan','',1283144561,'112.237.53.61',0,0,2,'',1,'','','',0,NULL),(159,'delancer','delancer@bk.ru','8604c25d660897ec16a5cb7b0d29a19d','delancer','',1283206318,'195.18.14.5',0,0,0,'',1,'','','',0,NULL),(160,'zrmoblog','zrmo@sina.com','57dd5a829a24cf3a06efe6effb2a8f63','zrmoblog','',1283225789,'222.92.29.185',0,0,6,'',1,'','','',0,NULL),(161,'duuluu','du@q.com','7403021336da5f8bbd461a7b96a2929b','duuljdklsk','',1283255532,'113.205.13.250',0,0,0,'',1,'','','',0,NULL),(162,'riching','tsaiyichu@gmail.com','b56bf4ebb688c63ff6826f61c6e6b5bc','sexsong','',1283260991,'123.205.7.26',0,0,0,'',1,'','','',0,NULL),(163,'reg0901','reg0901@163.com','e10adc3949ba59abbe56e057f20f883e','reg0901','',1283332040,'220.232.142.86',0,0,8,'',1,'','','',0,NULL),(165,'woonzit','zsolt@easy.hu','66f8876fd53b939af661a4cd1ba42e4c','woonzit','',1283449913,'93.92.56.146',0,0,3,'',1,'','','',0,NULL),(166,'waczlq1987','dsfsfd2@163.com','b71128711b0fa7047b40a23eb1f0bd4c','676778','',1283501248,'219.136.135.116',0,0,0,'',1,'','','',0,NULL),(167,'gucheng117','gucheng117@gmail.com','613e86dcdc72b2db1a1cc65e5d192f83','gucheng','',1283618250,'126.13.234.108',0,0,2,'',1,'','','',0,NULL),(168,'kimin86','admin@sgchinatown.com','0659c7992e268962384eb17fafe88364','kimin86','',1283629982,'58.182.241.91',0,0,2,'',1,'','','',0,NULL),(169,'zjfyyy','ccthebei@126.com','3fd830c7311f15ff3ec8cd58585b0936','zjfyyy','',1283842440,'61.233.30.98',0,0,0,'',1,'','','',0,NULL),(171,'freespace','merryfreespace@yahoo.com','e10adc3949ba59abbe56e057f20f883e','freespace','',1284519337,'58.212.131.35',0,0,-5,'',1,'','','',0,NULL),(173,'ccbase','cc@sanc.com','e10adc3949ba59abbe56e057f20f883e','ccbase','',1284612768,'218.249.23.82',0,0,0,'',1,'','','',0,NULL),(172,'','hlwqz168@sina.com','5bd6f881fc9c82ca3fd9a7fc19794688','hlwqz168','',1284537730,'27.189.196.19',0,0,2,'',1,'','','',0,NULL),(174,'icanican','1355583247@qq.com','c04e060c898ac5bc02440caf69998b6b','icanican','',1284626525,'202.99.203.66',0,0,2,'',1,'','','',0,NULL),(175,'MyRuse','253716433@qq.com','c3c249e098116239f993e0a3090b893f','521zjf','',1284642411,'113.4.135.237',0,0,0,'',1,'','','',0,NULL),(176,'89125178@qq.com','89125178@qq.com','0b72ecdd9021a55142f7ecc24498a3aa','12312355','',1284731354,'61.140.147.165',0,0,0,'',1,'','','',0,NULL),(177,'getcww','getcww@126.com','fd8dfc7344af0f490ff6124d73afdd41','getcww','',1284741284,'183.5.51.65',0,0,-4,'',1,'','','',0,NULL),(178,'azandt','rulogic@gmail.com','638a6f889821469d535ca9c74cee0117','azandt','',1285080244,'213.134.217.50',0,0,0,'',1,'','','',0,NULL),(179,'dchghjg','dchg@163.com','b206e95a4384298962649e58dc7b39d4','dchghjg','',1285133863,'58.254.172.194',0,0,0,'',1,'','','',0,NULL),(180,'ruger422','ruger@163.com','ffda502af57df42ccad52b51558cf6c5','422422','',1285316221,'123.65.245.143',0,0,3,'',1,'','','',0,NULL),(181,'Tosyer','858897115@qq.com','e10adc3949ba59abbe56e057f20f883e','Tosyer','',1285375640,'114.216.94.155',0,0,0,'',1,'','','',0,NULL),(182,'gl12342001','785669@qq.com','73d19975ba32ffc3bb353feb56833fc2','831231451','',1285389292,'59.174.30.101',0,0,0,'',1,'','','',0,NULL),(183,'comsent','test@qq.com','e20c2e96d1ed078e247251ff857901f6','comsent','',1285570692,'125.70.145.11',0,0,24,'',1,'','','',0,NULL),(184,'cfb888','79918753@qq.com','96e79218965eb72c92a549dd5a330112','cfb888','',1285590648,'125.68.1.133',0,0,0,'',1,'','','',0,NULL),(185,'','1025517728@qq.com','b275c3b20814e4973aa41cb0701758f1','arclub','',1285591112,'59.174.94.166',0,0,2,'',1,'','','',0,NULL),(186,'skyper','helloskype@gmail.com','e10adc3949ba59abbe56e057f20f883e','skyper','',1285599175,'114.84.205.177',0,0,4,'',1,'','','',0,NULL),(187,'shooter','fbcha@163.com','d3e9a99a09a8c6d7fb8c78cf4e5a9a2c','shooter','',1285610296,'123.161.154.187',0,0,0,'',1,'','','',0,NULL),(188,'comrenti','9740413@qq.com','f133756d518f4424820292294286e4b0','comrenti','',1285665900,'183.18.79.183',0,0,-2,'',1,'','','',0,NULL),(189,'lanmiz','lanmiz@qq.com','e10adc3949ba59abbe56e057f20f883e','lanmiz','',1285744969,'113.12.121.52',0,0,3,'',1,'','','',0,NULL),(190,'dandiao','dandiao@zhen.ta.ma.de.niu.bi','4297f44b13955235245b2497399d7a93','dandiao','',1285816906,'115.197.36.110',0,0,2,'',1,'','','',0,NULL),(191,'gong588','gong588@126.com','1a3448d7db965e9f91b75b517f0c1c3b','gong588','',1285840715,'219.134.20.59',0,0,0,'',1,'','','',0,NULL),(192,'laoshengtan','tjr9@163.com','a7d4087fd2384b9b35ac87de34d4ddc5','laoshengtan','1286003727453.jpg',1286003627,'124.167.23.62',0,0,0,'',1,'','','',0,NULL),(193,'342396562','342396562@qq.com','e10adc3949ba59abbe56e057f20f883e','342396562','',1286023432,'222.95.48.244',0,0,5,'',1,'','','',0,NULL),(194,'laikankan187','123456@163.com','e10adc3949ba59abbe56e057f20f883e','345563523','',1286170931,'123.128.24.39',0,0,0,'',1,'','','',0,NULL),(196,'yizhizaipao','slytf@163.com','bfd925fa86084bd0300fde7fd05ddd97','yizhizaipao','',1286292944,'123.125.1.177',0,0,130,'707',1,'','','',0,NULL),(195,'sheepchang','sheepchang@163.com','7110704b28c73c1abac285efffc0e53a','sheepchang','',1286194468,'111.175.87.203',0,0,0,'',1,'','','',0,NULL),(197,'liyongyong','liyongyongjsjx@yahoo.cn','601ab781456e0b1b44b8e539ce6fe810','liyongyong','',1286433672,'218.85.160.97',0,0,0,'',1,'','','',0,NULL),(198,'','zz@hencn.com','d2187141ca0fa28b059e6ce943c57528','maoxiaobing','1286497107281.jpg',1286460253,'119.5.60.226',0,0,30,'',1,'','','',0,NULL),(199,'bestlaoli','290615101@qq.com','4aeed125c60bc1a23b56399efdd40ef1','fsdoijsdoijfoisg','',1286467125,'115.60.157.224',0,0,-1,'',1,'','','',0,NULL),(200,'jhlsljj','jhlsljj@163.com','5cb17c577ce682cfe8f35e567d6c02e7','xiaoyaoling','',1286695432,'183.3.254.203',0,0,4,'',1,'','','',0,NULL),(201,'dragonaog','dragonaog@gmail.com','9d8011c0b07fa420c8631a918631e3e3','dragonaog','',1286717050,'180.172.171.249',0,0,9,'',1,'','','',0,NULL),(202,'attention25','attention25@gmail.com','b206e95a4384298962649e58dc7b39d4','rwerqrq','',1286950221,'222.177.21.25',0,0,2,'',1,'','','',0,NULL),(203,'fdcyf','fdcyf@126.com','61f9821c1711349da3b79c756c34e112','','',0,'',0,0,0,'',1,'','','',0,NULL),(204,'emoily','emoily@163.com','cdf61889b3b01862d4b001a5c30a4d8f','emoily','',1287055823,'119.85.13.99',0,0,18,'',1,'','','',0,NULL),(205,'ELLE','emoily@163.com','cdf61889b3b01862d4b001a5c30a4d8f','','',0,'',0,0,27,'',1,'','','',0,NULL),(206,'852369','963258@163.com','1d4bbcfed31c6e01e90d8e4099e39eb7','963258','',1287067299,'116.5.123.173',0,0,2,'',1,'','','',0,NULL),(207,'jieffer','jieffer@163.com','70f891d7df5966e34452357e69ee4854','jieffer','',1287068437,'121.33.249.248',0,0,0,'',1,'','','',0,NULL),(208,'whoiam','wswsss@126.com','ba2804976fea28bd633aca39edee10bf','whoiam','',1287068597,'120.32.158.114',0,0,2,'',1,'','','',0,NULL),(209,'chuangycl','chuangxin@cnet168.com.cn','a6083d789fc27d26c85cf15a8ba16268','chuangxin','',1287121443,'183.32.239.202',0,0,1,'',1,'','','',0,NULL),(210,'beesns','45498106@qq.com','dad3a37aa9d50688b5157698acfd7aee','beesns','',1287201988,'221.200.40.214',0,0,13,'',1,'','','',0,NULL),(211,'dxkdx','dxkdx@163.com','e10adc3949ba59abbe56e057f20f883e','','',1287311388,'59.41.254.238',0,0,-4,'',1,'','','',0,NULL),(212,'henjiuyiqian','chengshialngzi95@126.com','bae340a90b90116a4a4de8d8df70dd1e','henjiuyiqian','',1287363758,'117.36.9.117',0,0,0,'',1,'','','',0,NULL),(213,'1564901137','1564901137@qq.com','f379eaf3c831b04de153469d1bec345e','666666','',1287369113,'117.36.9.117',0,0,8,'',1,'','','',0,NULL),(214,'yifanxin','yifanxin@sina.com','b8906c73ea0f62c120e60b6333bf46da','yifanxin','',1287385245,'124.133.52.190',0,0,7,'',1,'','','',0,NULL),(215,'111222','1111222@212.com','96e79218965eb72c92a549dd5a330112','111222','',1287409740,'122.4.35.128',0,0,0,'',1,'','','',0,NULL),(216,'moster0','moster0@126.com','8883a48a548a9dd197fd268d736c5e27','moster0','',1287471109,'58.248.124.232',0,0,0,'',1,'','','',0,NULL),(217,'jijumin','no-a@163.com','9d6d6dd1dfe202b60d3f36beeacf8262','jijumin','',1287474605,'116.232.1.193',0,0,0,'',1,'','','',0,NULL),(218,'xiongbajian','azcj@163.com','d19d3c9a151ad8568d55112e3abb4471','wwwwwww','',1287481007,'58.56.158.148',0,0,32,'',1,'','','',0,NULL),(219,'vivian_tq','vivian_tq@qq.com','97cc28d7a9bf23d2638b87a676321955','vivian','',1287491237,'61.185.242.29',0,0,6,'',1,'','','',0,NULL),(220,'szsx1688','630114254@qq.com','e10adc3949ba59abbe56e057f20f883e','szsx1688','',1287548465,'183.13.17.225',0,0,0,'',1,'','','',0,NULL),(221,'sundoing','sundoing@1216.com','949ce3236daeb9051da2cb5740497e52','sundoing','',1287591621,'58.33.61.103',0,0,0,'',1,'','','',0,NULL),(222,'bjzhoufei','bjzhoufei@126.com','36216b630c5c7f8a6ce064c95c9983a7','bjzhoufei','',1287642714,'117.79.232.204',0,0,4,'',1,'','','',0,NULL),(223,'881203','woai10@vip.qq.com','ac6a66b8348ae1c05a5b7526b2eeb547','leemin','1287647345179.jpg',1287647225,'111.193.208.185',0,0,4,'',1,'','','',0,NULL),(224,'boogunote','boogunote@gmail.com','435a605868a16e60edb277742291913a','','',1287651549,'61.135.165.180',0,0,4,'',1,'','','',0,NULL),(228,'kissgbi123','kissgbi123@qq.com','6d0753fcfe6bd9c3d39f5d1a731fb760','kissgbi123','',1287910531,'117.66.234.166',0,0,1,'',1,'','','',0,NULL),(225,'xfteacher','54hzcxf@163.com','e10adc3949ba59abbe56e057f20f883e','asdfasdf','',1287730845,'220.188.75.181',0,0,0,'',1,'','','',0,NULL),(226,'philip','mail@civicit.com.cn','5d4ae10802198a810441e7f2cf388baf','civicit','',1287740829,'183.33.105.71',0,0,19,'PHILIP',1,'','','',0,NULL),(227,'xing811','shiweixing811@yahoo.com.cn','a86833883f863f92f0ef0cbfed1e2dbf','weixing','',1287828112,'110.252.203.122',0,0,2,'',1,'','','',0,NULL),(229,'cjcshadow','support@cjcshadow.com','4bbb4d437ba2a8cc5b68e0d7cbbbe992','cjcshadow','',1287925087,'120.33.236.237',0,0,2,'',1,'','','',0,NULL),(230,'tayuewuhe','150537791@qq.com','b877ddbee4318977d6094866695ebaee','tayuewuhe','',1287927263,'114.92.140.59',0,0,0,'',1,'','','',0,NULL),(231,'wanily','lzwanily@126.com','efff89cfebcfc0e784c6007cfaead5ba','lzwanily','',1287935172,'220.171.175.148',0,0,2,'',1,'','','',0,NULL),(232,'virtuala','virtuala@vir.com','fcea920f7412b5da7be0cf42b8c93759','virtuala','',1287937749,'59.172.151.118',0,0,5,'',1,'','','',0,NULL),(233,'ironhot','izyue@sina.com','f379eaf3c831b04de153469d1bec345e','ironhot','',1287942453,'222.49.254.84',0,0,0,'',1,'','','',0,NULL),(234,'dangligedang','sushehaosd@qq.com','c009de724f2c519bb845c42280819d51','sushehaocom','',1288059662,'222.91.125.142',0,0,0,'',1,'','','',0,NULL),(235,'yieryi','ssfjla@qq.com','c009de724f2c519bb845c42280819d51','yieryi','',1288059700,'222.91.125.142',0,0,0,'',1,'','','',0,NULL),(236,'bageya','bageya@qq.com','c009de724f2c519bb845c42280819d51','bageya','',1288059906,'222.91.125.142',0,0,0,'',1,'','','',0,NULL),(237,'yahooyahoo','aslkjdasklf@qq.com','c009de724f2c519bb845c42280819d51','afjdsfads','',1288060011,'222.91.125.142',0,0,0,'',1,'','','',0,NULL),(238,'baidubaidu','baidu@qq.com','c009de724f2c519bb845c42280819d51','huasflfdsa','',1288060054,'222.91.125.142',0,0,0,'',1,'','','',0,NULL),(239,'googlegoogle','fasalfskdj@qq.com','c009de724f2c519bb845c42280819d51','sjalsjdflk','',1288060084,'222.91.125.142',0,0,0,'',1,'','','',0,NULL),(240,'baiseji','83324033@qq.com','af6d45258f7eedb850654c7d9fe66384','baiseji','',1288099714,'113.116.95.190',0,0,0,'',1,'','','',0,NULL),(241,'','qibinemail@163.com','21232f297a57a5a743894a0e4a801fc3','','',1288144507,'119.123.30.26',0,0,15,'',1,'','','',0,NULL),(242,'ioom66','ioom@sina.com','96e79218965eb72c92a549dd5a330112','ioom66','',1288146016,'60.186.220.135',0,0,0,'',1,'','','',0,NULL),(243,'imofei','m@jilu.in','4570fdd3da286150aa9b351ffc0f4339','imofei','',1288165734,'61.142.33.210',0,0,2,'',1,'','','',0,NULL),(244,'daviddongwei','fick1977@hotmail.com','7fde7432aa3064d75a24dede4333af27','daviddongwei','',1288250283,'116.226.141.148',0,0,0,'',1,'','','',0,NULL),(245,'100112700','vip@oycx.me','4dd6bcda1cdb3c725e8412b6ead1f947','','',1288418846,'116.52.146.110',0,0,14,'',1,'','','',0,NULL),(246,'gagaga','123123@sdf.com','4297f44b13955235245b2497399d7a93','gagaga','',1288451413,'124.118.170.130',0,0,0,'',1,'','','',0,NULL),(247,'zmczx2008','245845@qq.com','9fe1c53f6b60037ace11c0ca1e852802','zmczx2008','',1288517007,'112.109.197.183',0,0,4,'',1,'','','',0,NULL),(248,'yaomengfa','yaomengfa@qq.com','5e9b69ecd553430302db0ab600ce9bec','1234567890','',1288602724,'192.168.193.52',0,0,1,'',1,'','','',0,NULL),(249,'ec-online','ec-online@163.com','bbcc524b5ee9e8738e76bfdd2c7ae0d6','econline','',1288606843,'119.130.155.1',0,0,4,'',1,'','','',0,NULL),(250,'xijiaotong','478531215@Qq.com','90c769da722213fc83fbb1ff9a6cb49e','591xmcom','1289481641747.jpg',1288616606,'113.143.227.153',0,0,10,'',1,'','','',0,NULL),(251,'toptop','top@cc.net','e10adc3949ba59abbe56e057f20f883e','toptop','',1288685440,'221.221.209.194',0,0,4,'',1,'','','',0,NULL),(252,'wzy345388829','345388829@126.com','d163021a27c5828737b0c2892b3572a1','345388829','',1288686541,'60.20.20.240',0,0,0,'',1,'','','',0,NULL),(253,'leijuly','leijuly@gmail.com','1aa9cb2a252439d0965c72293d92ff80','leijuly','',1288748572,'122.224.162.212',0,0,7,'',1,'','','',0,NULL),(254,'hmylcx','lcx5126@163.com','6e030a262fbfd5d42ad1cd232bf7d417','hmylcx','',1288887242,'59.56.213.137',0,0,0,'',1,'','','',0,NULL),(255,'niewenfei','nwf@123.com','96e79218965eb72c92a549dd5a330112','niewenfei','',1288974005,'125.74.173.62',0,0,0,'',1,'','','',0,NULL),(256,'tinghai','ohyeah2008@126.com','fcea920f7412b5da7be0cf42b8c93759','tengxun','',1289066213,'112.94.190.44',0,0,3,'',1,'','','',0,NULL),(257,'103091443','103091443@qq.com','d50b18f17fe27ad0ca86ffef03f89c0a','sikasnow','',1289157066,'113.83.106.249',0,0,2,'',1,'','','',0,NULL),(258,'laokang','dev@lampstudy.net','2ea18a94a45f7df3fbf182f1e8bdf1a7','laokang','',1289227651,'222.212.204.28',0,0,2,'',1,'','','',0,NULL),(259,'shellcn','12312@123.com','4297f44b13955235245b2497399d7a93','123123e','1302140671837.jpg',1289326367,'118.116.12.147',0,0,11,'',1,'','','',0,NULL),(260,'omegabomb','omegabomb@126.com','6060e1374370b752caeb33fc6f1ea39d','omegabomb','',1289352786,'114.216.125.155',0,0,2,'',1,'','','',0,NULL),(261,'pzzsns','pzzsns@163.com','d95d09f42e10f84be66acea0c447a90e','pzzsns','',1289376664,'218.240.16.98',0,0,4,'',1,'','','',0,NULL),(262,'100streams','gbc2008@126.com','0f4137ed1502b5045d6083aa258b5c42','100streams','',1289391596,'123.103.66.136',0,0,6,'',1,'','','',0,NULL),(263,'7goo8.com','shop@7goo8.com','31e2e72ea9e87e8f7580065c8570aac0','','',1289405278,'123.156.14.141',0,0,2,'',1,'','','',0,NULL),(264,'LakshmiMittal','LakshmiMittal@163.com','723d505516e0c197e42a6be3c0af910e','LakshmiMittal','',1289454140,'118.113.166.233',0,0,0,'',1,'','','',0,NULL),(265,'123321','123@hotmail.com','4297f44b13955235245b2497399d7a93','123321','',1289466885,'116.228.153.126',0,0,4,'',1,'','','',0,NULL),(266,'kuveshaw','kuve@qq.com','79f58c22b3d4d4d3a4f9b446c7f0021b','896321','',1289531687,'125.78.125.9',0,0,0,'',1,'','','',0,NULL),(267,'555323','87340747@QQ.COM','817c41bcb38f2395b0f0c175889e4dc0','ocvooo','1289576431338.jpg',1289576393,'202.101.164.214',0,0,2,'',1,'','','',0,NULL),(268,'coeeco','coeeco@tom.com','f6acaf2363cbe033810ce383064337af','coeeco','',1289615412,'115.171.211.43',0,0,4,'',1,'','','',0,NULL),(269,'vivilonger','vivilonger@vip.qq.com','0c0ecd1eac58e3e8847b6f0c2c175c7d','zhizhu001','',1289728771,'58.246.77.138',0,0,0,'',1,'','','',0,NULL),(270,'tonywang20000','tonywang20000@gmail.com','6c31fc0f69bbf07cba275ff861d99123','tonywang','',1289866977,'86.132.251.129',0,0,2,'',1,'','','',0,NULL),(271,'okjoyel','okjoyel@126.com','f4a6b8bb45a30020f69cb1cfb8b3bc2a','okjoyel','1293198408501.jpg',1289919799,'123.128.94.26',0,0,46,'',1,'','','',0,NULL),(272,'abbccc','abbcc@fd.com','5cfa96e54e553df758fbf8c07172b26b','abbccc','',1289954781,'218.3.163.190',0,0,6,'',1,'','','',0,NULL),(273,'shunzi','shunzi@163.com','e10adc3949ba59abbe56e057f20f883e','shunzi','',1289957320,'113.97.74.247',0,0,2,'',1,'','','',0,NULL),(274,'eysoho','eysoho@123.com','e10adc3949ba59abbe56e057f20f883e','eysoho','',1289996063,'58.19.205.69',0,0,4,'',1,'','','',0,NULL),(340,'jianson2006','jianson2006@163.com','727d19f7acef5575c3d897ab09bb6271','jianson2006','',1292844132,'119.145.71.82',0,0,0,'',1,'','','',0,NULL),(275,'8090de','1meter@21cn.com','25d55ad283aa400af464c76d713c07ad','8090de','',1290138591,'59.41.226.52',0,0,6,'',1,'','','',0,NULL),(276,'supper','exiuba@qq.com','3f5a9fc3f04ee99610e02b666bbc656d','supper','',1290158460,'113.17.67.39',0,0,0,'',1,'','','',0,NULL),(277,'c77205','313230000@qq.com','0c36b4a15878dfc6518a2a70cb87e693','c77205','',1290220477,'112.225.168.4',0,0,2,'',1,'','','',0,NULL),(278,'landland','ijoyju@163.com','96e79218965eb72c92a549dd5a330112','liuyiping','',1290276708,'222.130.223.136',0,0,16,'',1,'','','',0,NULL),(279,'iStyleSoft','iStyleSoft@163.com','5912d7bfd10f631f1715bf85bbb72d97','iStyleSoft','',1290317473,'183.37.19.25',0,0,7,'',1,'','','',0,NULL),(280,'testelva','testelva@sina.com','e10adc3949ba59abbe56e057f20f883e','tesetevla','',1290324678,'116.227.135.105',0,0,2,'',1,'','','',0,NULL),(281,'wwwwww','wwwwww@126.com','a8f5f167f44f4964e6c998dee827110c','wwwwww','',1290369023,'113.16.8.237',0,0,3,'',1,'','','',0,NULL),(282,'xiedongchuan','xiedong0314@163.com','8565cb8f3b88b62c38cedee690567019','','',1290397971,'220.249.190.131',0,0,0,'',1,'','','',0,NULL),(283,'huyuch4403','huyuch4403@sina.com','6f275cbe2b9ab6b92406525b2e739eb6','huyuch4403','',1290413608,'115.174.66.55',0,0,2,'',1,'','','',0,NULL),(284,'huangyujiang','huangyujiang@gmail.com','0008fd078f01907461309d4f19eb41b8','heysoswind','',1290416694,'58.42.36.220',0,0,2,'',1,'','','',0,NULL),(285,'www59incn','138988316@qq.com','577856ec663a687467525407796431ba','www59incn','',1290431599,'124.114.50.174',0,0,5,'',0,'','','',0,NULL),(286,'poorich','winkb@126.com','fca1234912dfcefaee255f65cdad1b6f','poorich','',1290561235,'120.85.202.6',0,0,6,'',1,'','','',0,NULL),(287,'ecityz','ecityz@163.com','4119240cffb0a98f3689b4eee928bf76','ecityz','',1290562284,'119.124.104.223',0,0,0,'',1,'','','',0,NULL),(288,'dcccx@yeah.net','dcccx@yeah.net','6ce81139baee2c9a0a273c7d6cb9af69','bluesunny','',1290577467,'114.243.99.163',0,0,2,'',1,'','','',0,NULL),(289,'12','aezg12@gmail.com','e10adc3949ba59abbe56e057f20f883e','aezg12','',1290603374,'123.191.204.39',0,0,2,'',1,'','','',0,NULL),(290,'000001','anbetter@163.com','d94bc911fcbd26685acf3d62cfc7c2a2','000001','',1290649589,'123.246.32.104',0,0,7,'',1,'','','',0,NULL),(291,'qqqqqq','ljpxxm@126.com','d11ea63b09705dcbd514df916da793ad','qqqqqqq','',1290655361,'124.238.173.213',0,0,4,'',1,'','','',0,NULL),(292,'1061926816','1061926816@qq.com','e8e5c665a855f2a3a9eff46ba3459339','1061926816','1290692574166.jpg',1290692491,'115.46.194.191',0,0,2,'',1,'','','',0,NULL),(293,'teeo36','teeo@qq.com','5b6b558b503b63ab3178e9234a59bd9f','teeo36','',1290694850,'60.166.65.212',0,0,0,'',1,'','','',0,NULL),(294,'360915437','360915437@qq.com','577856ec663a687467525407796431ba','59incn','',1290696172,'124.114.233.166',0,0,0,'',1,'','','',0,NULL),(295,'zhaoying10','404725551@qq.com','839cf2f19e70b83b7d039a9c4dc20ad2','zhaoying10','',1290697149,'125.78.92.251',0,0,2,'',1,'','','',0,NULL),(296,'ssing2','yangzhang@live.cn','77066443345987b2f149d17f1a757b0f','klipcn','',1290753110,'114.80.140.218',0,0,4,'',1,'','','',0,NULL),(297,'pougin','poug@sdf.cm','96e79218965eb72c92a549dd5a330112','wwwasfa','',1290754268,'202.43.148.139',0,0,2,'',1,'','','',0,NULL),(298,'faniky','kevinilife@gmail.com','08521fcf162055ea38c5dfb88eff0889','faniky','',1290995306,'222.18.14.20',0,0,3,'',1,'','','',0,NULL),(299,'timeless','onclick@vip.qq.com','e29be37c2febc43a0d21a1f8efa351af','timeless','',1291008312,'114.249.219.197',0,0,4,'',1,'','','',0,NULL),(300,'wwb5667798','65202985@qq.com','df055b77fbee0c538d52c42d4d1eb34f','webb2010','',1291166512,'113.234.102.76',0,0,7,'',1,'','','',0,NULL),(301,'hcqchn','hcqcn@qq.com','40df85d411fe880ac6900954d080bb78','naniucom','',1291213992,'210.13.218.20',0,0,2,'',0,'','','',0,NULL),(302,'girlfr','374993192@qq.com','65e0887a1c75f9fe1643927a9aeef749','girlfr','',1291250328,'118.251.53.43',0,0,0,'',1,'','','',0,NULL),(303,'asdfasdfasd','123456@as.com','e10adc3949ba59abbe56e057f20f883e','123456a','',1291252458,'60.191.235.210',0,0,-2,'',1,'','','',0,NULL),(304,'world2001','world2001@sohu.com','7fa8282ad93047a4d6fe6111c93b308a','world2001','',1291261937,'219.141.190.116',0,0,4,'',1,'','','',0,NULL),(305,'jfiujhj','usacbh@126.com','369c4c0f0efdff4263924306b9fd7f45','jfiujhj','',1291278684,'111.77.101.76',0,0,2,'',1,'','','',0,NULL),(306,'gcdown','1180@114.com','e10adc3949ba59abbe56e057f20f883e','gcdown','',1291285951,'183.16.209.252',0,0,4,'',1,'','','',0,NULL),(307,'Anyway','773427@163.com','a8f5f167f44f4964e6c998dee827110c','anyway','',1291343258,'60.217.160.201',0,0,0,'',1,'','','',0,NULL),(308,'jmt360','jmt360@163.com','a6c437a3f9e6064b3948345ff2ad9627','jmt360','1291350828926.jpg',1291349490,'189.141.160.15',0,0,17,'',1,'','','',0,NULL),(309,'wiosfihh','xjfishfisifh@163.com','e99a18c428cb38d5f260853678922e03','wiosfihh','',1291359931,'111.77.102.173',0,0,17,'',0,'','','',0,NULL),(310,'ttkj120','ttkj120@163.com','8bf7ad111482c9aca67b0aca8324c47a','ttkj120','',1291360126,'111.77.101.32',0,0,7,'',0,'','','',0,NULL),(311,'fengxue','ali@sina.com','6a758910e3d213b675a36bdfdd8a3e87','fengxue','',1291466031,'119.146.131.195',0,0,2,'',1,'','','',0,NULL),(312,'abbccc8','abbccc8@qq.com','17bcde3ea881d1f150bc1a192f16fc18','abbccc8','',1291523467,'180.123.5.216',0,0,0,'',1,'','','',0,NULL),(313,'cookies','wujingke@live.com','96e79218965eb72c92a549dd5a330112','wujingke','',1291528219,'221.217.244.180',0,0,0,'',1,'','','',0,NULL),(314,'uideas','uideas@163.com','26c7eb933709d80f130161ff70b8a225','uideas','',1291606139,'222.209.220.114',0,0,1,'',1,'','','',0,NULL),(315,'ouyu','t@iouyu.com','8be904fd364ba4e81353aefd4714c7b2','','1293554661958.jpg',1291653486,'183.28.27.180',0,0,7,'',1,'','','',0,NULL),(316,'8080174','111111@1111.1231','96e79218965eb72c92a549dd5a330112','111111111','',1291664263,'117.57.159.64',0,0,0,'',1,'','','',0,NULL),(317,'honglin0137','honglin0137@126.com','cd5e7159575f60dbe9692cbb0979fa3c','hapjoy','',1291685965,'125.39.134.158',0,0,8,'',1,'','','',0,NULL),(318,'oneyujin','dadaohang@qq.com','d402888f6bff5c6173d85b4446eeaeb2','oneyujin','',1291713769,'113.106.194.253',0,0,2,'',1,'','','',0,NULL),(319,'suntan','isuntan@sohu.com','723d505516e0c197e42a6be3c0af910e','suntan','',1291723520,'222.136.168.210',0,0,13,'',1,'','','',0,NULL),(320,'654321','admin@iiban.com','16ced0978c7f0d579bf1b1e6d9f369cf','654321','',1291727271,'221.225.246.183',0,0,3,'',1,'','','',0,NULL),(321,'sige1314','1224503530@qq.com','c9d4ce2c48743a2488b45a1ae09632a8','sige1314','',1291779246,'111.175.159.93',0,0,1,'',1,'','','',0,NULL),(322,'dongfang','df@126.com','d50a67cb38fae00bcfc4be3beb23c9f2','dongfang','',1291793808,'119.161.155.23',0,0,1,'',1,'','','',0,NULL),(323,'dongfang77','dong@126.com','d50a67cb38fae00bcfc4be3beb23c9f2','dongfang77','',1291795470,'119.161.155.23',0,0,3,'',1,'','','',0,NULL),(324,'enaiwang','renll@cmarry.com','e839a9a09ed8a98d5db76c54b38bc5db','enaiwang','1291888042522.jpg',1291887857,'124.205.28.102',0,0,5,'',0,'','','',0,NULL),(325,'dwdw17173','dwdw17173@126.com','65172d949541d46f6cf5d9f46668cd73','dwdw17173','',1291970333,'124.205.28.105',0,0,4,'',1,'','','',0,NULL),(326,'fenhong2101','baosel@126.com','58c35e8cf383442865d2d9d6e2f234e1','','',1291979323,'221.131.4.192',0,0,9,'',0,'','','',0,NULL),(327,'766405467','136764@163.COM','fd1ffe7db2306e4012863462ca251a62','l766405467','',1291986415,'218.73.187.249',0,0,16,'',0,'','','',0,NULL),(328,'tabushi110','tbvyut@126.com','58c35e8cf383442865d2d9d6e2f234e1','frrefvfdvf','',1291999819,'221.131.4.192',0,0,2,'',1,'','','',0,NULL),(329,'faner588','sogoie@126.com','de2e7668340d2e8ce5146f714d291da0','010166','1292056421397.jpg',1292056389,'124.73.31.158',0,0,3,'',1,'','','',0,NULL),(330,'ihensy','nevery@yeah.net','289dff6447afa81a70b299411a4ba074','ihensy','',1292159054,'175.106.166.62',0,0,5,'',1,'','','',0,NULL),(331,'lemon','bananason@she.com','259e2890f79ae9381bd8bc46de0729cd','','',1292180919,'221.127.31.197',0,0,0,'',1,'','','',0,NULL),(332,'diyker2','diyker@126.com','013f9d5c1c29e457488163c1f858d803','19880602','',1292209459,'122.232.9.215',0,0,2,'',1,'','','',0,NULL),(333,'faner58','51faner@163.com','de2e7668340d2e8ce5146f714d291da0','','',1292246675,'114.96.4.28',0,0,0,'',1,'','','',0,NULL),(334,'chanzi','sn2c@hotmail.com','4b43c24ffcc1bf95269a7a794f538d82','chanzi','',1292256612,'124.160.127.108',0,0,6,'',1,'','','',0,NULL),(335,'jrzp2010','jrzp2010@163.com','a8ad67e08fee6176531ce8c1a6377a02','jrzp2010','',1292314079,'123.122.101.34',0,0,5,'',1,'','','',0,NULL),(336,'zhband','zhaohaibo3373@qq.com','7bb28c08f5907a9808a2ac8740c42907','zhband','',1292330260,'117.136.2.46',0,0,0,'',1,'','','',0,NULL),(337,'xianfeng3','765201775@qq.com','e10adc3949ba59abbe56e057f20f883e','xianfeng','1292464419292.jpg',1292464385,'123.121.222.61',0,0,1,'',1,'','','',0,NULL),(338,'yutian123','623247130@qq.com','c4e75e3102759734197db0d546b30349','yutian123','',1292510203,'125.67.149.248',0,0,0,'',1,'','','',0,NULL),(339,'gw5070','gw@gw269.com','b0b3e594420357e78eb8554aebc77231','gw5070','',1292738637,'60.220.115.4',0,0,1,'',1,'','','',0,NULL),(341,'testxy','xuanyan1983@gmail.com','25f9e794323b453885f5181f1b624d0b','testxy','',1292850379,'125.39.67.175',0,0,4,'',1,'','','',0,NULL),(342,'realjons','realjons@gmail.com','672cf3299ec1aa09189e7652b03dc0ad','realjons','',1292853074,'125.39.35.212',0,0,13,'',1,'','','',0,NULL),(343,'wgx444','mtvwgx@163.com','82e83745159f3bd206e612ca4f2e4811','','',1292858239,'218.94.58.50',0,0,1,'',1,'','','',0,NULL),(344,'fengran','fenranzxr@qq.com','ada608080355514ce54df3c57f689ca9','fengran','',1292867847,'119.137.179.83',0,0,23,'',1,'','','',0,NULL),(345,'testtest2','testtest2@testtest2.com','3b46afa69314bf5a2f885a532cfab7c4','testtest2','',1292900268,'120.42.36.246',0,0,-1,'',1,'','','',0,NULL),(346,'kapppp','kepon@sins.com','d11ea63b09705dcbd514df916da793ad','wwwwwwww','',1292912747,'27.189.32.210',0,0,2,'',1,'','','',0,NULL),(347,'wubowen','www@126.com','a8f5f167f44f4964e6c998dee827110c','wubowen','',1292919132,'113.14.242.174',0,0,2,'wubowen',1,'','','',0,NULL),(348,'markmx','markmx@163.com','5ce43cf4885e06593ee9ab5276a7b33e','markmx','',1292924071,'117.36.30.10',0,0,2,'',1,'','','',0,NULL),(349,'benjamin','info@apple.pro','703cb7d404dfa92b12c316552a472fe1','macbook','',1292958495,'123.192.147.165',0,0,1,'',1,'','','',0,NULL),(350,'sanpir','551758@163.com','7558ff403e517cb74d9e8e66660aa5b4','maiyou','1293025976237.jpg',1293025868,'112.95.1.161',0,0,6,'',1,'','','',0,NULL),(351,'simplify123','dai_tao_li@126.com','96e79218965eb72c92a549dd5a330112','simplify123','',1293177635,'110.156.143.187',0,0,2,'',1,'','','',0,NULL),(352,'test110','admin@xddao.com','c930a6b825aa6b91297a174726762263','test110','1293194532361.jpg',1293194376,'27.128.155.136',0,0,2,'',1,'','','',0,NULL),(353,'13677659150','13677659150@qq.com','0978cabdd4ff1332f5273e398afcf71b','wwwhccm','',1293238267,'123.147.201.106',0,0,2,'',1,'','','',0,NULL),(354,'danielxss','danielxss@126.com','df6f58808ebfd3e609c234cf2283a989','ewrwerwerwerewrewrw','1293587744624.jpg',1293419767,'58.38.214.63',0,0,8,'',1,'','','',0,NULL),(390,'ta05.com','lvbei05@foxmail.com','abd3292c3c3c31dec94441168e47a647','ta05com','',1294469676,'117.28.138.190',0,0,2,'',1,'','','',0,NULL),(355,'108988','108988@qq.com','5667cbeec6e0bea00b69814f2e068dcc','108988','',1293497595,'119.48.73.14',0,0,2,'',1,'','','',0,NULL),(356,'abcedf','abcedf@abc.com','e10adc3949ba59abbe56e057f20f883e','asdasdasd','',1293500500,'60.52.152.61',0,0,2,'',1,'','','',0,NULL),(357,'diyker','diyker@126.com','013f9d5c1c29e457488163c1f858d803','diyker','',1293511706,'122.231.71.70',0,0,0,'',1,'','','',0,NULL),(358,'lw76p','44672388@qq.com','0f9f660cec80e96b38a37ce18e07ddef','lw76p','',1293543754,'111.120.200.129',0,0,2,'',1,'','','',0,NULL),(359,'365have','346275249@qq.com','e5fa6d81cf65f05d0d5e823219f2ddf5','365have','',1293585777,'221.5.234.211',0,0,2,'',1,'','','',0,NULL),(360,'richard','cmirt@163.com','d6073391c43593441a3e972927afed62','richard','',1293586002,'122.94.25.178',0,0,0,'',1,'','','',0,NULL),(361,'kitemishi','11@qq.com','83479dd7f7fa3b21b42ca482d44a8cd6','qwqwqwqw','',1293590545,'123.121.0.12',0,0,0,'',1,'','','',0,NULL),(362,'jar008','xt2300@qq.com','d21c66b81b175cf7dcb44a4d22931785','jar007','',1293596377,'121.235.132.79',0,0,6,'',1,'','','',0,NULL),(363,'nidewo','hallowking@qq.com','44842a84d00e86628623f23ab06498f1','nidewo','',1293596450,'116.115.105.105',0,0,0,'',1,'','','',0,NULL),(375,'asdasd','asdasd@qq.com','e10adc3949ba59abbe56e057f20f883e','5454545','',1293870265,'61.184.160.42',0,0,2,'',1,'','','',0,NULL),(364,'feng134736','feng134736@qq.com','61a4150f5dece2fd3a20d5476064ca84','zlwfpp','',1293603326,'120.7.153.176',0,0,0,'',1,'','','',0,NULL),(365,'','meiyin998@126.com','e10adc3949ba59abbe56e057f20f883e','289163550','',1293618389,'61.175.222.98',0,0,0,'',1,'','','',0,NULL),(366,'Abishai','997510980@qq.com','7f6242de49c62cad107360c9e696cf35','Abishai','',1293624498,'202.192.80.4',0,0,0,'',1,'','','',0,NULL),(367,'kaskin','yalghuz0997@qq.com','9d42c5b4cf2cfed2e9194a625245eee4','dilmurat','',1293691111,'118.254.8.69',0,0,0,'',1,'','','',0,NULL),(368,'ocvooo','ocvo@vip.qq.com','817c41bcb38f2395b0f0c175889e4dc0','555323','1293706295379.jpg',1293706261,'202.101.164.214',0,0,-1,'',1,'','','',0,NULL),(369,'loganwang','13911015261@139.com','9c9c3a03bd502a3b8955a09ae38f30b7','loganwang','',1293709143,'123.127.131.143',0,0,0,'',1,'','','',0,NULL),(370,'zhouxuan','zhouxuan886@163.com','cf00b9d87a99435a269eece1af00095c','zhouxuan','',1293709386,'122.234.60.70',0,0,-3,'',1,'','','',0,NULL),(371,'m1324350899','lanxiangjiaoyu@foxmail.com','1711cced19e5fbb0504d54c3c2e08159','lxjiaoyu','',1293720785,'113.112.157.150',0,0,4,'',1,'','','',0,NULL),(379,'82884019','82884019@qq.com','9ec64ce5ce44002e9bf18dcba878955b','82884019','',1294059937,'222.133.112.71',0,0,2,'',1,'','','',0,NULL),(372,'livebsd','lnycm@msn.com','add462c915df826b432c98d4f81b99f5','livebsd','',1293777957,'210.22.155.2',0,0,0,'',1,'','','',0,NULL),(373,'kevinxiong','xying_1@163.com','235f6121208819be09871d1cc25d7b68','kevinxiong','',1293778709,'113.105.8.170',0,0,2,'',1,'','','',0,NULL),(374,'meiyin','123456@qq.com','e10adc3949ba59abbe56e057f20f883e','meiyin','',1293788829,'61.175.222.98',0,0,8,'',1,'','','',0,NULL),(376,'vegeburger','kwa8@qq.com','95061af953c98d5c12f3500ac3eebd6e','vegeburger','',1293884547,'118.122.252.10',0,0,0,'',1,'','','',0,NULL),(377,'shc009','shc009@qq.com','3888c86f31b5913aece86a1ff9cafb40','shc009','',1293958286,'124.236.120.244',0,0,0,'',1,'','','',0,NULL),(378,'xiaoji','xiaoji@163.com','ea1ca124237b60aa6e0347eba854b2e8','xiaoji','',1294002040,'124.133.36.2',0,0,2,'',1,'','','',0,NULL),(380,'jar007','xt2300@qq.com','d21c66b81b175cf7dcb44a4d22931785','jar007','',1294074718,'121.235.143.201',0,0,2,'',1,'','','',0,NULL),(381,'liuyimin','liuyimin735@163.com','6b98077cbcfc2f1d3017b230e64f7a7c','liuyimin','',1294125097,'114.98.36.148',0,0,1,'',1,'','','',0,NULL),(382,'test007','a@b.com','e10adc3949ba59abbe56e057f20f883e','test007','',1294146721,'222.76.49.210',0,0,2,'',1,'','','',0,NULL),(383,'','feiee721@163.com','06a5ac9504e3a3c83574cf7a6479be2d','hemaweibo','',1294202128,'121.28.41.52',0,0,0,'',1,'','','',0,NULL),(384,'shitou028','st028@163.com','390931775cbaa3a998bfa8d70c07b9d1','shitou028','1294283853758.jpg',1294283531,'182.150.77.56',0,0,3,'',1,'','','',0,NULL),(385,'61562692','61562692@163.com','a918df7029ff6d11e78a5326c8ea984d','61562692','',1294302039,'125.110.234.94',0,0,0,'',1,'','','',0,NULL),(386,'zhangshichuan','413121994@qq.com','faa2fdee9a16fe3d6fb1407fba286c8c','zhangshichuan','',1294374895,'115.238.105.82',0,0,0,'',1,'','','',0,NULL),(387,'kingOU','kingOU0727@hotmail.com','32096fcc45b0cbf02fcd06035ccf424f','leobrilliant','',1294391846,'183.26.225.117',0,0,2,'',1,'','','',0,NULL),(388,'marfoxs','hello@hell.com','1b19ef1f6393455208544c8c5b12dba7','marfoxs','',1294402120,'126.36.228.175',0,0,0,'',1,'','','',0,NULL),(389,'leyteris','liyichao6@sina.com','8019634edea7b585700e5d086ab9f44c','leyteris','',1294405866,'60.163.97.196',0,0,0,'',1,'','','',0,NULL),(391,'myblogs','myblogs@uy51.com','a240a22540fb660ee4acf518677cdf7f','myblogs','',1294485656,'120.68.178.222',0,0,0,'',1,'','','',0,NULL),(392,'','yqlyang2003@yahoo.com.cn','d5ee2eedfcf7adc285db4967bd86910d','xiaole','',1294558423,'218.241.222.66',0,0,0,'',1,'','','',0,NULL),(393,'sdfsdfsdf','sdfsd@126.com','d58e3582afa99040e27b92b13c8f2280','sdfsdfsd','',1294627197,'61.185.224.66',0,0,0,'',1,'','','',0,NULL),(394,'qyh000','qyh1088@126.com','61c73fca04c04fc07a9bb5f8c9ee50b5','qyh000','',1294637084,'222.244.65.131',0,0,2,'',1,'','','',0,NULL),(395,'ookangzheng','okz5289@gmail.com','c6d7a19683e5d6e15da98afe8fa752d8','ookangzheng','',1294655755,'115.134.131.160',0,0,2,'',1,'','','',0,NULL),(396,'gdwest','m@gdwest.com','4570fdd3da286150aa9b351ffc0f4339','gdwest','',1294662066,'61.142.33.209',0,0,0,'',1,'','','',0,NULL),(397,'ok123456','132132@qq.com','e10adc3949ba59abbe56e057f20f883e','ok123456','',1294663507,'58.23.9.10',0,0,0,'',1,'','','',0,NULL),(398,'keapom','linetra@163.com','d11ea63b09705dcbd514df916da793ad','keapom','',1294668754,'27.189.46.24',0,0,2,'',1,'','','',0,NULL),(399,'nicoljiang','nicoljiang@qq.com','d74682ee47c3fffd5dcd749f840fcdd4','nicoljiang','',1294685487,'125.95.30.23',0,0,0,'',1,'','','',0,NULL),(400,'footballren','wanghw321@gmail.com','0b4e7a0e5fe84ad35fb5f95b9ceeac79','footballren','',1294722933,'58.48.215.70',0,0,2,'',1,'','','',0,NULL),(401,'txjdz-sho','txjdz@163.com','6ecf3896bdfe35bfea7262fb3e2e261e','jdztkcom','',1294727424,'115.152.196.47',0,0,2,'',1,'','','',0,NULL),(402,'carigold','carigold@cari.com.my','e10adc3949ba59abbe56e057f20f883e','carigold','',1294757369,'60.48.73.116',0,0,2,'',1,'','','',0,NULL),(403,'yyc529','529655328@qq.com','d6f3ec0914b6bafeb4509c53f6921515','yyc529','',1294771459,'124.235.246.85',0,0,2,'',1,'','','',0,NULL),(404,'xvxcvc','xvxcvc@df.ll','b4c3f6e8a91aaa6f57865d74fe475dd0','xvxcvc','',1294842552,'123.152.74.203',0,0,0,'',1,'','','',0,NULL),(405,'binghe','lk@ll.com','4c6307c3146e7a320a10feb6e0299801','binghe','',1294922898,'117.28.80.141',0,0,6,'',1,'','','',0,NULL),(406,'Jetlin','jetlin_yuan@qq.com','983f812a5e2ab2e61935b572dc4c858f','Jetlin','',1294993791,'113.84.184.13',0,0,0,'',1,'','','',0,NULL),(407,'junzexi','89539921@qq.com','e10adc3949ba59abbe56e057f20f883e','junzexi','',1294997083,'222.81.173.188',0,0,0,'',1,'','','',0,NULL),(408,'dnfy163','itnet163@126.com','3422fc3592aee41376894d8e6456f03f','dnfy001','',1295023876,'113.195.74.24',0,0,0,'',1,'','','',0,NULL),(409,'baoliang','sggsg@SGS.com','1c76f4d7ab39ba3c9d5c04db4add1645','baoliang','',1295062892,'117.79.235.255',0,0,0,'',1,'','','',0,NULL),(410,'shishi','402817493@qq.com','e10adc3949ba59abbe56e057f20f883e','19910416','',1295145344,'218.106.181.127',0,0,4,'',1,'','','',0,NULL),(414,'yolims','yolims@126.com','b016cadc2f7cfadf58bd5da6add1b858','yolims','',1295408104,'203.123.20.83',0,0,2,'',1,'','','',0,NULL),(411,'cmonday','dick_monday_chen@163.com','0eeb080f7cafc8c1cbfb035e7f48e3ad','cmonday','',1295163049,'115.201.227.249',0,0,0,'',1,'','','',0,NULL),(412,'254888977','254888977@qq.com','df0ead9eec564e0b2263de9a49463da1','254888977','',1295193634,'124.127.75.69',0,0,0,'',1,'','','',0,NULL),(413,'hibari1987','477977081@qq.com','d7c836c995039e703339f3583dad5744','hibari','',1295255225,'218.82.212.194',0,0,2,'',1,'','','',0,NULL),(415,'simplify','dai_tao_li@126.com','ff7b38ee270317e168f19e0d4cda4177','simplify','',1295417715,'110.156.143.187',0,0,-13,'',1,'','','',0,NULL),(416,'songqiulin','150446160@qq.com','f3be051cb23a3bac29fe424c28891107','mybx521','1295428642227.jpg',1295428544,'125.211.172.106',0,0,1,'',1,'','','',0,NULL),(417,'fslong','fslong@126.com','a4c4b58cdc9ec023957244264fbb5607','fslong','',1295504102,'14.208.106.206',0,0,0,'',1,'','','',0,NULL),(418,'hairhan','bold@dul.cc','7983e28f9443008489a2b71fb1d4d68d','hairhan','',1295516051,'116.113.69.57',0,0,0,'',1,'','','',0,NULL),(419,'catmao','tskyboy@msn.com','0a32919f2f867fd7b8c436b5efbe9592','catmao','',1295577829,'221.7.129.168',0,0,0,'',1,'','','',0,NULL),(420,'jdqbb5','jdqbb5@yahoo.com','52dcb810931e20f7aa2f49b3510d3805','jdqbb5','',1295597276,'218.82.212.38',0,0,2,'',1,'','','',0,NULL),(421,'jujumao','coco@gg.pro','96e79218965eb72c92a549dd5a330112','jujumao','',1295598255,'110.156.143.187',0,0,0,'',1,'','','',0,NULL),(422,'xiehailing','lianlingxi@126.com','468d093971b32b6481ca6d0492fbbd0d','noseting','',1295673848,'125.37.21.159',0,0,2,'',1,'','','',0,NULL),(423,'111qqq','111@wewe.com','96e79218965eb72c92a549dd5a330112','111qqq','',1295687154,'113.227.56.205',0,0,4,'',1,'','','',0,NULL),(424,'aplisin','rooz@vip.qq.com','893fb7ac39b26ccc803f3b2b720f2898','aplisin','',1295723479,'124.118.169.158',0,0,4,'',1,'','','',0,NULL),(425,'rfbxyyb','rf@qq.com','1a100d2c0dab19c4430e7d73762b3423','rfbxyyb','',1295747173,'125.78.152.68',0,0,1,'',1,'','','',0,NULL),(426,'AJMstr','AJMstr@126.com','b7eef8bf649a69f0e5be4b5b7f4f6a87','AJMstr','',1295796234,'220.250.40.62',0,0,4,'',1,'','','',0,NULL),(427,'test0000','test0000@163.com','670b14728ad9902aecba32e22fa4f6bd','test0000','',1295855475,'27.128.6.174',0,0,0,'',1,'','','',0,NULL),(428,'mongbei4','dsfgfg@qq.com','e10adc3949ba59abbe56e057f20f883e','mongbei','',1295880844,'183.0.109.54',0,0,0,'',1,'','','',0,NULL),(429,'highflier','276811859@qq.com','2c307583faba306d0a3472d3e0ebcd43','highflier','',1296017944,'122.73.88.224',0,0,2,'',1,'','','',0,NULL),(430,'abubu360','abubu360@126.com','5208bc2efbfd3c982ffbeacf78ebfcb3','akb48o','',1296028449,'218.82.210.170',0,0,2,'',1,'','','',0,NULL),(431,'','13677659150@qq.com','0978cabdd4ff1332f5273e398afcf71b','','',1296233829,'222.55.43.195',0,0,0,'',1,'','','',0,NULL),(432,'87340747','dfrt6555323@163.com','817c41bcb38f2395b0f0c175889e4dc0','87340747','',1296380474,'202.101.164.214',0,0,2,'',1,'','','',0,NULL),(433,'jianzi','jianzi2008@gmail.com','a9b6d819de80c0341a95ec3c86aa2102','jianzi','',1296407041,'219.136.87.240',0,0,1,'',1,'','','',0,NULL),(434,'su28906087','28906087@qq.com','58236bef0cebdf15f389181d09fa4092','su28906087','',1296460986,'221.206.183.105',0,0,0,'',1,'','','',0,NULL),(435,'noiile','l_jp@163.com','e10adc3949ba59abbe56e057f20f883e','noiile','',1296565447,'119.32.73.209',0,0,0,'',1,'','','',0,NULL),(436,'loserem','loserem@163.com','71efb2d8894ad1c25c6deb95189c22a0','loserem','',1296666520,'123.117.120.48',0,0,0,'',1,'','','',0,NULL),(437,'wenhao','403665586@qq.com','0fb584b9e8d3f17383a8df65ff8e4254','wenhao','',1296803220,'222.179.136.36',0,0,4,'',1,'','','',0,NULL),(438,'darkest','darkgui@126.com','6122387924f61e2f44bc627c576762f9','darkest','1296879801841.jpg',1296879754,'125.127.218.55',0,0,0,'',1,'','','',0,NULL),(439,'','hq8850@163.com','77463bef8ba225d91c5b53227c90a67c','dlyqwb','',1297154395,'125.84.105.178',0,0,0,'',1,'','','',0,NULL),(440,'sbwxfai','sbwxfai@163.com','cb5aed1d47222ecc8ae3fe61ec20ff49','sbwxfai','',1297173472,'124.162.33.50',0,0,0,'',1,'','','',0,NULL),(441,'kubing','kubing@126.com','6cf5ff709c5b51b4dd711dcbb8de0a96','kubing','',1297187704,'113.4.72.52',0,0,2,'',1,'','','',0,NULL),(442,'tryando','tryanddo@qq.com','c530504478b1f217c487c7eeeb38fa46','tryanddo','',1297261105,'110.184.32.10',0,0,0,'',1,'','','',0,NULL),(443,'bin81818','bin81818@gmail.com','53fac778de881e83cba04c85f982e072','bin81818','',1297348172,'112.117.109.105',0,0,0,'',1,'','','',0,NULL),(444,'lxdidai','578025515@qq.com','3c2099916d7b66fe8f5896ac017aef26','aiaiaiai','',1297397941,'111.122.199.79',0,0,4,'',1,'','','',0,NULL),(445,'avcin123','avcin@foxmail.com','e10adc3949ba59abbe56e057f20f883e','avcin123','',1297421953,'219.132.182.218',0,0,0,'',1,'','','',0,NULL),(446,'xiaolong','165466630@qq.com','448861fb996aac8013fb5c0238ab7468','xiaolong','',1297514121,'117.24.51.206',0,0,0,'',1,'','','',0,NULL),(447,'nagool','nagool@qq.com','96e79218965eb72c92a549dd5a330112','nagool','',1297692864,'116.30.142.199',0,0,0,'',1,'','','',0,NULL),(448,'cystudio','cystudio@sina.com','9b99097bfee4292b8c10b36b46990de0','cystudio','',1297732882,'122.224.68.171',0,0,2,'',1,'','','',0,NULL),(449,'ingsee','fsmap@126.com','b4c0efca62b48850ad85b2f639d855f3','ingsee','',1297781647,'221.4.149.234',0,0,85,'',1,'','','',0,NULL),(450,'kongkong','kong@21cn.com','f10343d1dc8d44c8935b356aa3f8aae2','kongkong','',1297783556,'113.69.60.58',0,0,14,'',1,'','','',0,NULL),(451,'meeeg-com','841036880@qq.com','8a1148a74ba479fcaca5e34f5de73d45','meeegcom','',1297785525,'121.34.178.27',0,0,0,'',1,'','','',0,NULL),(452,'iswhat','iswhat@gmail.com','e59853fcd866dd0619ed1382e25b21f8','iswhat','',1297847557,'124.205.32.10',0,0,3,'',1,'','','',0,NULL),(453,'zh1235','630642411@qq.com','30726cc476fac88dbb1b2b0f6cca06c1','zh1235','',1297851878,'121.34.172.3',0,0,4,'',1,'','','',0,NULL),(454,'senzom','senzom@163.com','4554a7434bc0c1fca18d425e3669a81c','senzom','',1297912907,'58.23.233.217',0,0,1,'',1,'','','',0,NULL),(455,'xinsaifei','xinsaifei@sohu.com','666aab536e1f6c79139db9a4b8d7043d','xinsaifei','',1298021351,'222.89.206.122',0,0,0,'',1,'','','',0,NULL),(456,'freelok','79625463@qq.com','c65a2065c06da0afb679a7f7afbcc36f','123222','',1298092743,'218.206.216.98',0,0,0,'',1,'','','',0,NULL),(457,'dnfy1024','454284382@qq.com','3422fc3592aee41376894d8e6456f03f','fy1024','',1298121716,'58.17.115.97',0,0,0,'',1,'','','',0,NULL),(458,'sadamu1101','yang@163.com','6ecda6849eb84c553fb646f987f6f7db','sadamu','',1298164727,'123.121.195.17',0,0,2,'',1,'','','',0,NULL),(459,'test1970','19703721@163.com','e1cf8d057a00e16d53d8d0faa594952e','test1970','',1298269052,'58.62.81.94',0,0,2,'',1,'','','',0,NULL),(460,'kyyouy','5124@qq.com','467b617fec4d9fcb63505734ee224851','512424','',1298286875,'117.59.149.95',0,0,0,'',1,'','','',0,NULL),(461,'hohocun','zhouzhou8888@gmail.com','b35efc97aad6a6ed8e61059dc15e1903','hohocun','',1298346539,'210.82.113.234',0,0,0,'',1,'','','',0,NULL),(462,'cnjoby','555840@qq.com','cd456170005c52a8b32eb43c8784cc3f','cnjoby','',1298360379,'218.242.193.51',0,0,8,'',1,'','','',0,NULL),(465,'muroachanf','muroachanf@163.com','9a1ccb9c29bba4a345c93ef523a5254b','muroachanf','',1298550469,'221.182.46.14',0,0,0,'',1,'','','',0,NULL),(463,'stone848288080','bianyanan123@qq.com','b2d17cd0c7bcdddbbb2c83aad8871a30','stone848288080','',1298438438,'60.190.131.100',0,0,2,'',1,'','','',0,NULL),(464,'feia2009','hutufeia2009@sina.com','80a411d95f287f081e604b9bfed0e0db','feia2009','',1298440852,'202.104.175.242',0,0,6,'',1,'','','',0,NULL),(466,'xiphoid','xiphoid@126.com','402b49c41237d3aedccc3e51067aa2ea','xiphoid','1298644674749.jpg',1298644582,'120.82.169.46',0,0,0,'',1,'','','',0,NULL),(467,'xiaohei','1286656366@qq.com','bf9f8d1f05dc08cc3b02e8fcf2c2ba57','xiaohei','',1298660664,'61.144.78.138',0,0,0,'',1,'','','',0,NULL),(468,'taoyan123','jdt126@163.com','e10adc3949ba59abbe56e057f20f883e','123taoyan','',1298710990,'119.179.118.176',0,0,2,'',1,'','','',0,NULL),(469,'msj690','msj690@126.com','d35ea2ada659ce60a3dc681ffbc6b167','msj690','',1298736936,'180.111.182.178',0,0,3,'',1,'','','',0,NULL),(470,'hailang','hailang@126.com','0b6b05bb0cf1a140cd06dff951ba72a1','hailang','',1298783706,'180.111.103.112',0,0,2,'',1,'','','',0,NULL),(471,'asdfgg','fbbphp@gmail.com','0b4e7a0e5fe84ad35fb5f95b9ceeac79','asdfasd','',1298872145,'115.193.190.94',0,0,0,'',1,'','','',0,NULL),(472,'geolyf','geolyf@126.com','e10adc3949ba59abbe56e057f20f883e','geolyf','',1298874473,'111.163.15.34',0,0,2,'',1,'','','',0,NULL),(473,'aikoushi','aikoushi@qq.com','d53f0b21ecd8ce6de1a5d20048985ce3','aikoushi','',1298877436,'114.97.228.57',0,0,2,'',1,'','','',0,NULL),(474,'xxlqcx','wanerf3@gmail.com','039b113967e6c538a38528fe5a64b5a2','xxlqcx','',1298958138,'115.222.35.207',0,0,6,'',1,'','','',0,NULL),(475,'hlxxgkp','asdf@asdf.com','e10adc3949ba59abbe56e057f20f883e','hlxxgkp','',1298959692,'122.227.146.197',0,0,2,'hlxxgkp',1,'','','',0,NULL),(476,'yijian','13698242326@126.com','04859d32903b227735033dd9fbb2051f','yijian','',1299029942,'119.5.84.224',0,0,2,'',1,'','','',0,NULL),(477,'open123','jkjy_2003@163.com','e10adc3949ba59abbe56e057f20f883e','open123','',1299044260,'123.180.75.144',0,0,0,'',1,'','','',0,NULL),(478,'forwenus','forwenus@tom.com','08aaf7b5d3bf1979c1fd183517cecb23','forwenus','',1299129719,'218.24.181.241',0,0,4,'',1,'','','',0,NULL),(479,'heweimz','heweimz@qq.com','d7d37dc7dd71fb3e927063f637c3a12e','heweimz','',1299182066,'119.4.138.14',0,0,8,'',1,'','','',0,NULL),(480,'gartocat','gartocat@qq.com','37a52fa6d1de7f67ebed8c1c8aac7e7f','gartocat','',1299554264,'121.15.166.189',0,0,2,'',1,'','','',0,NULL),(481,'hewei123','heweimz@msn.com','f37f1db1e4fcbbe07b92ebc0c330144a','hewei123','',1299568090,'119.4.138.37',0,0,4,'',1,'','','',0,NULL),(482,'owebo@live.cn','owebo@live.cn','cd4c27c353fdfd0c3992c8d0382d7902','owebo2011','',1299591803,'211.165.132.204',0,0,0,'',1,'','','',0,NULL),(483,'test456','admin@xxx.com','4297f44b13955235245b2497399d7a93','test456','',1299595216,'218.85.115.76',0,0,0,'',1,'','','',0,NULL),(484,'quanke','609319858@qq.com','4c0c6ba33c5d0f40492cf38ad91e0851','quanke','',1299773063,'222.240.165.89',0,0,0,'',1,'','','',0,NULL),(485,'kintyhong','kinty@126.com','f2f073dc1501d8c6f28679f1045a0e1d','kintyhong','',1299827624,'219.140.171.130',0,0,2,'',1,'','','',0,NULL),(486,'','bolm@qq.com','425f359b8da5bd8c3fc54b094468c981','','',1299995218,'58.22.151.115',0,0,3,'',1,'','','',0,NULL),(487,'redstone8','bianyanan007@163.com','b2d17cd0c7bcdddbbb2c83aad8871a30','redstone8','',1300022665,'122.231.1.11',0,0,0,'',1,'','','',0,NULL),(565,'gzuute','gzff@qq.com','e10adc3949ba59abbe56e057f20f883e','gzuute','',1304498638,'61.144.23.110',0,0,0,'',1,'','','',0,NULL),(488,'jizhuyangsheng','it555888@sina.com','77140cd0e411de7bc14f113c7f6e49dc','jizhuyangsheng','1300175234495.jpg',1300175095,'61.149.41.191',0,0,10,'',1,'','','',0,NULL),(489,'langing','langing@163.com','1104959d53dc3b60f2d40cd4a47d79e7','langing','',1300176120,'113.111.213.190',0,0,7,'',1,'','','',0,NULL),(490,'thinkphper','thinkphper@gmail.com','96e79218965eb72c92a549dd5a330112','thinkphper','1302596198487.jpg',1300183466,'123.120.15.34',0,0,2,'',1,'','','',0,NULL),(499,'xiaotaoyan','jiangtao26@163.com','4297f44b13955235245b2497399d7a93','xiaotaoyan','',1300799401,'112.237.59.180',0,0,0,'',1,'','','',0,NULL),(491,'babalive','babalive@qq.com','96ef501ce16fe1fd0a4dccc422d396be','babalive','',1300424949,'123.147.251.123',0,0,0,'',1,'','','',0,NULL),(492,'babalive1','babalive@qq.com','96ef501ce16fe1fd0a4dccc422d396be','babalive1','',1300424963,'123.147.251.123',0,0,0,'',1,'','','',0,NULL),(493,'kopalam','1113288996@qq.com','73c46a549062e24eb6739dd027972069','kopalam','',1300442854,'116.27.162.192',0,0,0,'',1,'','','',0,NULL),(494,'pcbeta','pcbeta@pcbeta.com','39a4226cc512551a5f675934dafd7ed3','pcbeta','',1300449984,'110.86.38.228',0,0,4,'',1,'','','',0,NULL),(495,'','120944776@qq.com','5998495ebcfaf5d6e05baef3f4c3c0c5','','',1300498868,'58.218.149.238',0,0,0,'',1,'','','',0,NULL),(496,'','972136248@qq.com','217e12eb880c9cac1b0fd526a6a32a96','','',1300507307,'218.87.237.29',0,0,2,'',1,'','','',0,NULL),(497,'seebysee','danirkl@163.com','e80711db6f97bf2277d7570f3d9e4f37','seebysee','',1300587539,'119.108.112.232',0,0,2,'',1,'','','',0,NULL),(498,'yingsunwl','xingrongcheng@hotmail.com','e51e69e9d7fc7846567e98e00ace6005','yingsunwl','',1300756604,'125.77.254.122',0,0,0,'',1,'','','',0,NULL),(500,'ccav2010','av@163.com','e10adc3949ba59abbe56e057f20f883e','ccav2010','',1300801709,'59.50.132.202',0,0,3,'',1,'','','',0,NULL),(501,'fengzren','fengzren@tom.com','f3863e8c34ca298ab7fcbed064db31c8','fengzren','',1300807141,'116.252.227.66',0,0,0,'',1,'','','',0,NULL),(502,'leoyone','leoyone@126.com','efa7d99da73629d5a54f251ad068e479','leoyone','',1300815742,'111.3.200.16',0,0,0,'',1,'','','',0,NULL),(503,'diyker@126.com','diyker@163.com','013f9d5c1c29e457488163c1f858d803','diyker@126.com','',1300864859,'122.225.52.198',0,0,0,'',1,'','','',0,NULL),(504,'xiaoxiaotaoyan','dfldk@112.com','4297f44b13955235245b2497399d7a93','xiaoxiaotaoyan','',1301028651,'119.179.66.206',0,0,0,'',1,'','','',0,NULL),(505,'hensy','nevery@yeah.net','289dff6447afa81a70b299411a4ba074','hensy','',1301040187,'124.240.181.85',0,0,2,'',1,'','','',0,NULL),(506,'gggggg','hh@yy.com','9cafeef08db2dd477098a0293e71f90a','gggggg','',1301149048,'58.25.123.225',0,0,2,'',1,'','','',0,NULL),(507,'povl01','lisam@126.com','bb82cbeac8740029ed452d906782dbc4','povl01','',1301284522,'222.210.71.16',0,0,0,'',1,'','','',0,NULL),(508,'rainjan','benetzheng@163.com','583940b39689485f58b4b6af98c4cb76','rainjan','1301305188653.jpg',1301300575,'221.221.14.137',0,0,1,'',1,'','','',0,NULL),(509,'gxsboy','236128871@qq.com','23d0de2b05afdaadcc8beca32df66117','gxsboy','',1301301224,'125.33.92.209',0,0,4,'',1,'','','',0,NULL),(510,'winjune','admin@3gcm.net','51391d3c759a83c4d9a4b4131a93a85f','winjune','',1301328738,'122.236.63.189',0,0,2,'',1,'','','',0,NULL),(511,'zhaoyulee','zhaoyulee@126.com','c3d4857b6542a1639e76c59b51acd5b4','zhaoyulee','',1301409425,'211.101.37.110',0,0,0,'',1,'','','',0,NULL),(512,'hackers2011','hackers2011@163.com','1b472e3659ab67a09ee286c386732a33','hackers2011','',1301484203,'120.41.34.195',0,0,4,'',1,'','','',0,NULL),(513,'cirlll','1104154129@qq.com','d0dd9db8ecb269be35926e0887a2e403','cirlll','',1301495635,'218.87.237.29',0,0,0,'',1,'','','',0,NULL),(514,'hostbrian','hostbrian@hotmail.com','9562316f867bca0c677e70c6ec32e66f','hostbrian','',1301545854,'116.227.227.203',0,0,5,'',1,'','','',0,NULL),(515,'hnmazda','hnmaz@sina.com','e10adc3949ba59abbe56e057f20f883e','hnmazda','',1301553278,'61.135.172.68',0,0,-2,'',1,'','','',0,NULL),(516,'test123','123es@gddd.com','5416d7cd6ef195a0f7622a9c56b55e84','test123','',1301557279,'114.245.255.235',0,0,-9,'',1,'','','',0,NULL),(517,'','877864138@qq.com','19bd5f972ee2a9203708b8b1c3eed7de','','',1301628705,'110.189.72.6',0,0,2,'',1,'','','',0,NULL),(518,'a111222','sdf@fasd.com','4297f44b13955235245b2497399d7a93','a111222','',1301678976,'124.234.162.178',0,0,4,'',1,'','','',0,NULL),(519,'11','youxi@126.com','e10adc3949ba59abbe56e057f20f883e','11','',1301714954,'211.151.188.19',0,0,8,'',1,'','','',0,NULL),(531,'wxz52155','dsf@df.com','c5b9e8a78ddcd34d849966fc1adaff9c','wxz52155','',1302526740,'120.12.227.210',0,0,0,'',1,'','','',0,NULL),(520,'gdyezi','80556130@qq.com','5379884c5ec4e06879f7400fd40be0d9','gdyezi','',1301835854,'116.30.245.243',0,0,0,'',1,'','','',0,NULL),(521,'qiny123as','qblll@126.com','e10adc3949ba59abbe56e057f20f883e','qiny123as','',1301850973,'123.145.116.147',0,0,2,'',1,'','','',0,NULL),(522,'5570598qq','845995331@qq.com','ec67c6bf5b8b859ff8b8400bc3de0e97','5570598qq','',1301889767,'221.194.183.53',0,0,0,'',1,'','','',0,NULL),(523,'','j_d@foxmail.com','4f47299a585f8c44cdc3c93ddef4543b','','',1301919731,'183.62.62.254',0,0,0,'',1,'','','',0,NULL),(556,'dzwx321','dsafdsf@asdfa.com','7ab6684faaf74beeccb73263c7030935','dzwx321','',1303977550,'122.235.143.241',0,0,0,'',1,'','','',0,NULL),(524,'ghd8138','gh8138@163.com','306539010bd282f6c02d8b5b36b121a5','ghd8138','',1302156824,'221.224.208.115',0,0,4,'',1,'','','',0,NULL),(525,'xieph','755513457@qq.com','1f77f8b9689dad4db084112fa2eb5fdd','xieph','',1302162222,'58.248.107.136',0,0,4,'',1,'','','',0,NULL),(526,'578art','825805619@qq.com','e10adc3949ba59abbe56e057f20f883e','578art','',1302167953,'110.184.95.49',0,0,0,'',1,'','','',0,NULL),(527,'apsdir','295797@qq.com','6927a3a7218a3195858411433ec20a21','apsdir','',1302333186,'110.84.208.24',0,0,0,'',1,'','','',0,NULL),(528,'cloolc','mailpro@qq.com','4ccd56a9cd9060ce7008ea09c72c9d8c','cloolc','',1302343664,'119.139.141.162',0,0,0,'',1,'','','',0,NULL),(529,'slava2','antichatkz@gmail.com','845bbc960acfc8c068b015ff6e99e832','slava2','',1302353589,'121.98.227.7',0,0,2,'',1,'','','',0,NULL),(530,'djwang','djwang@manze.com','0420a206ae8b77b60f314a33b38c875a','djwang','',1302513837,'124.126.141.218',0,0,0,'',1,'','','',0,NULL),(536,'star555','1281610040@qq.com','e10adc3949ba59abbe56e057f20f883e','star555','',1302902048,'58.61.119.221',0,0,8,'',1,'','','',0,NULL),(532,'xiangfz','xiangfz@126.com','ebcf0908a0cea4d1fa5d2a6de7b43b0c','xiangfz','',1302617505,'114.250.31.132',0,0,0,'',1,'','','',0,NULL),(533,'34039000','34039000@qq.com','6d0753fcfe6bd9c3d39f5d1a731fb760','34039000','',1302685640,'117.66.252.66',0,0,0,'',1,'','','',0,NULL),(534,'calator','atest@test.com','346cb4aa4634cf2525c8f2d18b1a05ad','calator','',1302691382,'79.115.8.123',0,0,-2,'',1,'','','',0,NULL),(535,'Xiphin','Xiphin@qq.com','3157686ff020d4688082d1b049efa375','Xiphin','',1302780944,'122.234.41.252',0,0,0,'',1,'','','',0,NULL),(537,'zhouhuaqun','huaqun.zhou@haozhai.com','0717df61a44a998cd50f94b205b4352f','zhouhuaqun','',1302934521,'180.158.164.214',0,0,0,'',1,'','','',0,NULL),(538,'xiaop1','lp_234291053@163.com','e10adc3949ba59abbe56e057f20f883e','xiaop1','',1302969631,'183.191.45.15',0,0,2,'',1,'','','',0,NULL),(539,'zhensheng','665656@qq.com','43f00e2b6ad2692d6ffd3af24633a4bf','zhensheng','',1303018644,'222.83.251.155',0,0,6,'',1,'','','',0,NULL),(540,'blojack2008','blojack2008@gmail.com','a813c3467390a650500cda9368b8ac79','blojack2008','',1303022880,'183.16.223.122',0,0,0,'',1,'','','',0,NULL),(541,'kdlang','kdlang@163.com','1145cf6a860af84ec746d5bc3822ab44','kdlang','',1303091124,'117.84.45.248',0,0,0,'',1,'','','',0,NULL),(542,'gengsilong','gengsilong@126.com','34eba4fad95c6d9c4f766a54b52ead04','gengsilong','',1303110652,'115.199.105.206',0,0,0,'',1,'','','',0,NULL),(543,'unite123','uu@gmail.com','e10adc3949ba59abbe56e057f20f883e','unite123','',1303110752,'125.34.0.112',0,0,0,'',1,'','','',0,NULL),(544,'Rminger','R.ming@QQ.com','0cc3e941a0a5445a5a010f0ec68e6a56','Rminger','',1303126345,'202.110.209.165',0,0,0,'',1,'','','',0,NULL),(545,'gghz123','tmdab123@gmail.com','9cac0d26130ff293696041dbb1f454b2','gghz123','',1303147869,'218.5.129.238',0,0,2,'',1,'','','',0,NULL),(546,'demoneyes','cangmimi@gmail.com','bb6569e25e3186354bc7cd3e4bc67ae6','demoneyes','',1303186368,'112.117.10.18',0,0,0,'',1,'','','',0,NULL),(547,'judeabc','jiehan@126.com','c2517306496025df0d58b56d6b834b28','judeabc','',1303224668,'125.80.107.113',0,0,2,'',1,'','','',0,NULL),(548,'shufaq','cniptv8@qq.com','42ed0d72329aae687ac4abf183e5f34f','shufaq','',1303274902,'120.36.223.113',0,0,0,'',1,'','','',0,NULL),(549,'231231','835432245@qq.com','5775f3eaccbaa66732e805cb621bbf3d','231231','',1303289891,'58.221.216.3',0,0,0,'',1,'','','',0,NULL),(550,'kuwhy02','kuwhy@kuwhy.com','8072213f522aadb44b6791a2e3e6b147','kuwhy02','',1303307401,'59.61.21.83',0,0,0,'',1,'','','',0,NULL),(551,'rolloo','rolloxa@qq.com','dcc62e31c8030d9488969c5da73d2f16','rolloo','',1303314642,'115.174.166.73',0,0,0,'',1,'','','',0,NULL),(552,'cosamli','38821596@qq.com','5b17bffe9054a4dc1688dec457a05010','cosamli','',1303466069,'113.64.167.147',0,0,0,'',1,'','','',0,NULL),(553,'ThinkPHP','hgh0720@126.com','210f0a539e9fcf2284508c871b8cc492','ThinkPHP','',1303627990,'222.162.229.98',0,0,4,'',1,'','','',0,NULL),(554,'kakashilw','foxlw@126.com','d99147e3cf5b083f8ac4436ba316e802','kakashilw','',1303667272,'117.79.73.78',0,0,1,'',1,'','','',0,NULL),(555,'wqy8630972','wqy8630972@126.com','25d55ad283aa400af464c76d713c07ad','wqy8630972','',1303692749,'221.175.101.192',0,0,0,'',1,'','','',0,NULL),(557,'serterew123','asd@dsf.com','3407023e8ec374336b3ef0b21201f7b5','serterew123','',1304042882,'60.186.210.7',0,0,1,'',1,'','','',0,NULL),(558,'hexuanying','649205730@qq.com','b3cff23f5c284b146330fc31ef3d552e','hexuanying','',1304067396,'113.73.247.125',0,0,2,'',1,'','','',0,NULL),(559,'mir26266','admin@qn77.com','d2949817f294a2e7c99e90259ceec808','mir26266','',1304076929,'180.121.200.83',0,0,0,'',1,'','','',0,NULL),(560,'itopidea','itopidea@gmail.com','fbe0ad78b59acb3528f93e1d01b2f4c8','itopidea','',1304298034,'113.126.181.223',0,0,0,'',1,'','','',0,NULL),(561,'myisocn','myisocn@qq.com','f95d9d5ea4acb99a9d51cb4b9369a096','myisocn','',1304304138,'113.244.27.201',0,0,0,'',1,'','','',0,NULL),(562,'888888','545452421@qq.com','0b2952b0d93576dd24b49dcb66a9c7d8','888888','',1304308238,'59.46.174.159',0,0,0,'',1,'','','',0,NULL),(563,'weijt','weijtzn@gmail.com','e10adc3949ba59abbe56e057f20f883e','weijt','',1304403155,'113.64.186.211',0,0,0,'',1,'','','',0,NULL),(564,'jizhuiyangsheng','jizhuiyangsheng@sina.com','77140cd0e411de7bc14f113c7f6e49dc','jizhuiyangsheng','1304492112501.jpg',1304472827,'123.119.237.221',0,0,2,'',1,'','','',0,NULL),(566,'qq1066731386','1066731386@qq.com','ef09908f6554db65d3abca15fda27b2a','','',1304523333,'222.35.169.33',0,0,0,'',0,'','','',0,NULL),(567,'lovefuwei','fuweiqs163@163.com','d959117644ce911c7249ebf2b9c10b8d','lovefuwei','',1304526323,'113.111.196.178',0,0,0,'',1,'','','',0,NULL),(568,'winfly','winfly.luo@hrdb.net','103ae1646229b7f1133ddac1fc632c14','winfly','',1304582825,'211.136.253.228',0,0,0,'',1,'','','',0,NULL),(569,'jimmie','jimmiexu@foxmail.com','2f868dc426845cc12c8d206f4ec3161f','jimmie','',1304653130,'122.80.156.101',0,0,0,'',1,'','','',0,NULL),(570,'924956352','924956352@qq.com','9c3e5c872e84b75b637972ced26148e5','924956352','',1304735422,'220.188.1.75',0,0,0,'',1,'','','',0,NULL),(571,'hemustudio','hemu@hemustudio.com','0b4e7a0e5fe84ad35fb5f95b9ceeac79','hemustudio','',1304743069,'221.198.56.180',0,0,0,'',1,'','','',0,NULL),(572,'recool000','286370694@qq.com','58f991f7b6709c1d347d636839b64dba','recool000','',1304779362,'58.251.92.218',0,0,0,'',1,'','','',0,NULL),(573,'793314728','793314728@qq.com','a8ef7bba54ee37a8beab56f5091c552f','793314728','',1304823496,'111.224.43.16',0,0,0,'',1,'','','',0,NULL),(576,'admin5','xxx@xxx.com','4297f44b13955235245b2497399d7a93','','',1304853112,'127.0.0.1',0,0,0,'admin5',1,'','','',0,NULL);

/*Table structure for table `iw_userext` */

DROP TABLE IF EXISTS `iw_userext`;

CREATE TABLE `iw_userext` (
  `userId` int(10) unsigned NOT NULL DEFAULT '0',
  `wbCount` int(10) unsigned NOT NULL DEFAULT '0',
  `gzCount` int(10) unsigned NOT NULL DEFAULT '0',
  `fsCount` int(10) unsigned NOT NULL DEFAULT '0',
  `loginTime` datetime NOT NULL DEFAULT '1000-01-01 00:00:00',
  `LoginIp` varchar(15) NOT NULL DEFAULT '127.0.0.1',
  `sinaId` varchar(25) NOT NULL DEFAULT '0',
  `gmailId` varchar(35) NOT NULL DEFAULT '0',
  `oicqId` varchar(11) NOT NULL DEFAULT '0',
  `medal` varchar(200) DEFAULT NULL,
  PRIMARY KEY (`userId`)
) ENGINE=InnoDB DEFAULT CHARSET=utf8 CHECKSUM=1 DELAY_KEY_WRITE=1 ROW_FORMAT=DYNAMIC;

/*Data for the table `iw_userext` */

insert  into `iw_userext`(`userId`,`wbCount`,`gzCount`,`fsCount`,`loginTime`,`LoginIp`,`sinaId`,`gmailId`,`oicqId`,`medal`) values (19,111,22,33,'1000-01-01 00:00:00','127.0.0.1','0','0','0',NULL);

/*Table structure for table `iw_usergroup` */

DROP TABLE IF EXISTS `iw_usergroup`;

CREATE TABLE `iw_usergroup` (
  `groupId` int(10) unsigned NOT NULL AUTO_INCREMENT,
  `userId` int(10) NOT NULL,
  `groupType` int(10) NOT NULL,
  `status` tinyint(1) NOT NULL DEFAULT '0',
  PRIMARY KEY (`groupId`)
) ENGINE=MyISAM AUTO_INCREMENT=44 DEFAULT CHARSET=utf8;

/*Data for the table `iw_usergroup` */

insert  into `iw_usergroup`(`groupId`,`userId`,`groupType`,`status`) values (32,496,13,1),(14,354,10,1),(15,362,10,1),(31,496,14,1),(18,383,13,1),(19,50,13,1),(20,403,13,1),(21,414,13,1),(30,468,13,1),(23,425,11,1),(24,114,11,1),(29,468,14,1),(26,429,14,1),(27,380,14,1),(28,433,14,1),(33,211,12,0),(34,510,13,1),(35,510,7,0),(36,521,15,1),(37,140,13,1),(38,88,11,1),(39,542,7,0),(40,542,4,0),(41,271,15,1),(42,535,7,0),(43,560,14,1);

/*Table structure for table `iw_visit` */

DROP TABLE IF EXISTS `iw_visit`;

CREATE TABLE `iw_visit` (
  `id` int(10) unsigned NOT NULL AUTO_INCREMENT,
  `name` int(10) unsigned NOT NULL,
  `ip` varchar(16) NOT NULL,
  `time` int(10) NOT NULL,
  `userid` int(10) NOT NULL,
  `info` varchar(20) DEFAULT NULL,
  PRIMARY KEY (`id`)
) ENGINE=MyISAM AUTO_INCREMENT=4946 DEFAULT CHARSET=utf8;

/*Data for the table `iw_visit` */

insert  into `iw_visit`(`id`,`name`,`ip`,`time`,`userid`,`info`) values (3,0,'183.15.18.119',1281698125,111,NULL),(4774,303,'60.191.235.210',1291252589,196,''),(5,0,'124.115.0.108',1281703795,110,NULL),(6,0,'202.160.179.93',1281705308,108,NULL),(7,0,'202.160.180.76',1281706189,114,NULL),(9,0,'67.195.115.47',1281706695,107,NULL),(10,0,'67.195.115.47',1281706863,113,NULL),(11,0,'77.88.27.26',1281707999,31,NULL),(12,0,'202.160.178.251',1281709181,63,NULL),(14,0,'66.249.67.147',1281712742,110,NULL),(15,0,'66.249.67.147',1281712770,108,NULL),(16,0,'66.249.67.147',1281712799,106,NULL),(19,0,'124.115.0.169',1281714694,108,NULL),(21,0,'112.94.240.171',1281715949,108,NULL),(22,0,'67.195.115.47',1281716395,110,NULL),(23,0,'67.195.115.47',1281716977,114,NULL),(25,0,'61.135.249.207',1281718570,110,NULL),(26,0,'124.115.4.193',1281718689,106,NULL),(27,0,'61.135.249.207',1281719296,109,NULL),(28,0,'118.182.216.231',1281720221,111,NULL),(31,0,'124.115.0.171',1281722689,113,NULL),(32,0,'67.195.115.47',1281723487,108,NULL),(33,0,'124.115.0.159',1281723692,115,NULL),(34,0,'202.160.180.165',1281729565,47,NULL),(35,0,'207.46.204.230',1281737230,31,NULL),(37,0,'67.195.115.47',1281738785,116,NULL),(38,0,'115.150.251.192',1281738820,112,NULL),(39,0,'220.181.94.230',1281739640,114,NULL),(41,0,'124.115.0.16',1281740810,116,NULL),(43,0,'67.195.115.47',1281743612,115,NULL),(44,0,'220.181.94.230',1281745641,110,NULL),(46,0,'121.204.182.78',1281749917,116,NULL),(47,0,'121.204.182.78',1281749921,111,NULL),(48,0,'220.181.94.230',1281753500,115,NULL),(49,0,'220.181.94.230',1281753898,111,NULL),(50,0,'66.249.67.147',1281754808,116,NULL),(51,0,'66.249.67.147',1281754809,117,NULL),(52,0,'66.249.67.147',1281754812,115,NULL),(53,0,'124.229.135.59',1281758182,115,NULL),(54,0,'220.181.94.230',1281758186,116,NULL),(55,0,'202.160.178.101',1281760839,82,NULL),(56,0,'220.181.94.230',1281764617,113,NULL),(57,0,'202.160.180.189',1281765200,80,NULL),(58,0,'220.181.94.230',1281771336,117,NULL),(59,0,'124.229.135.59',1281772914,117,NULL),(61,0,'66.249.67.147',1281777306,75,NULL),(64,0,'61.135.249.207',1281783422,112,NULL),(65,0,'61.135.249.6',1281783732,88,NULL),(67,0,'61.135.249.207',1281783776,111,NULL),(68,0,'61.135.249.207',1281784130,115,NULL),(69,0,'61.135.249.207',1281784838,114,NULL),(70,0,'61.135.249.207',1281785192,113,NULL),(71,0,'66.249.67.147',1281789307,100,NULL),(72,0,'123.120.77.102',1281793533,109,NULL),(73,0,'202.160.180.54',1281794016,117,NULL),(74,0,'202.160.180.170',1281794021,116,NULL),(75,0,'202.160.180.67',1281794054,113,NULL),(77,0,'67.195.115.47',1281796749,117,NULL),(78,0,'66.249.67.147',1281801435,101,NULL),(80,0,'67.195.115.47',1281806087,61,NULL),(81,0,'67.195.115.47',1281806179,109,NULL),(82,0,'67.195.115.47',1281807249,101,NULL),(83,0,'124.115.4.203',1281808982,56,NULL),(84,0,'66.249.67.147',1281812098,76,NULL),(86,0,'202.160.178.114',1281815881,111,NULL),(87,0,'67.195.115.47',1281817134,51,NULL),(89,0,'202.160.178.101',1281820164,69,NULL),(91,0,'114.33.14.202',1281826583,109,NULL),(92,0,'202.160.180.154',1281833575,115,NULL),(99,0,'202.160.178.205',1281848951,95,NULL),(100,0,'220.181.7.65',1281849721,110,NULL),(101,0,'220.181.7.78',1281849732,115,NULL),(102,0,'220.181.7.132',1281849756,114,NULL),(103,0,'220.181.7.79',1281849762,117,NULL),(104,0,'220.181.7.127',1281849768,116,NULL),(105,0,'220.181.7.86',1281849776,113,NULL),(111,0,'207.46.195.229',1281859353,34,NULL),(114,0,'202.160.180.109',1281862050,90,NULL),(118,0,'123.120.77.115',1281865872,119,NULL),(119,0,'123.120.77.115',1281865876,118,NULL),(120,0,'70.36.101.58',1281865881,119,NULL),(122,0,'70.36.101.58',1281865882,118,NULL),(123,0,'202.160.179.127',1281871192,65,NULL),(125,0,'119.146.220.171',1281878974,119,NULL),(128,0,'124.115.0.159',1281884016,73,NULL),(130,0,'66.249.67.147',1281886195,110,NULL),(131,0,'66.249.67.147',1281886195,116,NULL),(132,0,'66.249.67.147',1281886197,111,NULL),(133,0,'66.249.67.147',1281886199,114,NULL),(134,0,'66.249.67.147',1281886200,112,NULL),(135,0,'66.249.67.147',1281886201,115,NULL),(136,0,'66.249.67.147',1281886202,117,NULL),(137,0,'66.249.67.147',1281886328,109,NULL),(138,0,'66.249.67.147',1281886508,113,NULL),(139,0,'66.249.67.147',1281887077,118,NULL),(140,0,'66.249.67.147',1281887274,119,NULL),(141,0,'124.115.0.18',1281889384,69,NULL),(142,0,'61.135.249.207',1281890006,117,NULL),(143,0,'61.135.249.207',1281890426,116,NULL),(144,0,'61.135.249.207',1281890846,82,NULL),(146,0,'124.115.0.103',1281892845,37,NULL),(147,0,'220.181.7.79',1281893194,114,NULL),(148,0,'220.181.7.80',1281893768,118,NULL),(149,0,'220.181.7.90',1281893776,119,NULL),(150,0,'124.115.0.104',1281894370,98,NULL),(151,0,'66.249.67.147',1281896212,73,NULL),(154,0,'220.181.94.230',1281902388,90,NULL),(155,0,'220.181.94.230',1281904033,118,NULL),(156,0,'124.115.4.192',1281913631,119,NULL),(157,0,'220.181.94.230',1281915144,64,NULL),(160,0,'220.181.94.230',1281915438,33,NULL),(161,0,'220.181.94.230',1281915450,52,NULL),(162,0,'220.181.94.230',1281915480,47,NULL),(163,0,'124.115.4.200',1281916268,118,NULL),(164,0,'220.181.94.230',1281917536,79,NULL),(165,0,'220.181.94.230',1281919077,119,NULL),(167,0,'124.115.4.193',1281924504,99,NULL),(168,0,'67.195.115.47',1281924798,82,NULL),(169,0,'202.160.180.119',1281926278,58,NULL),(172,0,'67.195.115.47',1281927277,118,NULL),(173,0,'220.181.94.230',1281928873,82,NULL),(174,0,'220.181.94.230',1281928915,80,NULL),(175,0,'220.181.94.230',1281929076,92,NULL),(176,0,'220.181.94.230',1281929088,85,NULL),(178,0,'220.181.94.230',1281929613,95,NULL),(179,0,'67.195.115.47',1281929839,90,NULL),(181,0,'202.160.178.141',1281936733,101,NULL),(182,0,'202.160.180.18',1281936892,98,NULL),(183,0,'66.249.67.147',1281937424,47,NULL),(184,0,'202.160.178.23',1281937702,118,NULL),(185,0,'124.115.4.194',1281938557,63,NULL),(188,0,'202.160.180.102',1281940333,97,NULL),(190,0,'124.115.0.109',1281942339,64,NULL),(191,0,'61.51.57.253',1281943309,112,NULL),(192,0,'66.249.67.147',1281943810,51,NULL),(193,0,'220.181.94.230',1281944594,83,NULL),(194,0,'220.181.94.230',1281944637,88,NULL),(195,0,'220.181.94.230',1281944705,96,NULL),(196,0,'220.181.94.230',1281944796,53,NULL),(197,0,'220.181.94.230',1281944870,62,NULL),(198,0,'220.181.94.230',1281944893,63,NULL),(199,0,'66.249.67.147',1281950183,40,NULL),(200,0,'202.160.179.144',1281951050,100,NULL),(201,0,'202.160.178.131',1281953931,78,NULL),(204,0,'202.160.180.20',1281959618,83,NULL),(205,0,'220.181.94.230',1281959755,51,NULL),(207,0,'220.181.94.230',1281959849,78,NULL),(208,0,'124.115.0.161',1281960993,39,NULL),(215,0,'66.249.67.147',1281968687,57,NULL),(217,0,'66.249.67.147',1281968793,107,NULL),(219,0,'220.181.94.230',1281974850,48,NULL),(221,0,'220.181.94.230',1281975144,94,NULL),(222,0,'220.181.94.230',1281975186,86,NULL),(223,0,'61.135.249.207',1281975532,47,NULL),(224,0,'61.135.249.207',1281976031,75,NULL),(225,0,'66.249.67.147',1281976368,62,NULL),(228,0,'61.135.249.207',1281977529,63,NULL),(229,0,'124.115.0.170',1281980392,103,NULL),(230,0,'61.135.249.207',1281983251,118,NULL),(231,0,'61.135.249.207',1281988962,90,NULL),(232,0,'61.135.249.207',1281989343,88,NULL),(233,0,'61.135.249.207',1281989723,101,NULL),(234,0,'61.135.249.207',1281990104,80,NULL),(235,0,'61.135.249.207',1281990484,69,NULL),(236,0,'220.181.94.230',1281990491,84,NULL),(237,0,'220.181.94.230',1281990521,87,NULL),(238,0,'220.181.94.230',1281990653,65,NULL),(239,0,'220.181.94.230',1281990674,57,NULL),(240,0,'220.181.94.230',1281990856,73,NULL),(241,0,'61.135.249.207',1281990864,107,NULL),(242,0,'220.181.94.230',1281990917,97,NULL),(243,0,'61.135.249.207',1281991244,51,NULL),(244,0,'67.195.115.47',1281991617,119,NULL),(245,0,'61.135.249.207',1281991624,100,NULL),(246,0,'61.135.249.207',1281992004,92,NULL),(247,0,'123.125.68.124',1281992136,97,NULL),(249,0,'61.135.249.207',1281992764,99,NULL),(250,0,'61.135.249.207',1281993144,40,NULL),(251,0,'61.135.249.207',1281993524,106,NULL),(252,0,'61.135.249.207',1281993904,102,NULL),(253,0,'61.135.249.207',1281994284,108,NULL),(254,0,'61.135.249.207',1281994664,96,NULL),(255,0,'61.135.249.207',1281995044,94,NULL),(256,0,'61.135.249.207',1281995424,105,NULL),(257,0,'61.135.249.207',1281995804,104,NULL),(258,0,'61.135.249.207',1281996184,103,NULL),(259,0,'61.135.249.207',1281996564,98,NULL),(261,0,'61.135.249.207',1281997963,119,NULL),(262,0,'124.115.0.102',1282000753,117,NULL),(264,0,'212.13.189.103',1282001069,117,NULL),(265,0,'212.13.189.103',1282001109,61,NULL),(4860,394,'222.240.0.42',1294673890,140,'()ADSL'),(267,0,'220.181.94.230',1282006593,61,NULL),(268,0,'220.181.94.230',1282006615,101,NULL),(269,0,'220.181.94.230',1282006630,100,NULL),(270,0,'220.181.94.230',1282006707,37,NULL),(271,0,'220.181.94.230',1282006817,59,NULL),(272,0,'218.207.242.13',1282007233,53,NULL),(273,0,'218.207.242.13',1282007461,51,NULL),(274,0,'58.68.143.82',1282008495,116,NULL),(277,0,'66.249.67.237',1282015644,63,NULL),(279,0,'202.160.178.137',1282018180,110,NULL),(282,0,'123.103.68.212',1282020049,111,NULL),(283,0,'123.103.68.212',1282020063,118,NULL),(284,0,'123.103.68.212',1282020065,119,NULL),(285,0,'123.103.68.212',1282020067,116,NULL),(286,0,'123.103.68.212',1282020069,115,NULL),(287,0,'123.103.68.212',1282020073,114,NULL),(290,0,'123.125.68.126',1282026979,116,NULL),(291,0,'220.181.94.230',1282028819,41,NULL),(292,0,'220.181.94.230',1282028854,56,NULL),(293,0,'220.181.94.230',1282028886,60,NULL),(294,0,'220.181.94.230',1282028971,58,NULL),(296,0,'220.181.94.230',1282029057,40,NULL),(298,0,'220.181.94.230',1282029178,104,NULL),(299,0,'220.181.94.230',1282029219,55,NULL),(300,0,'119.137.96.43',1282030946,116,NULL),(303,0,'66.249.67.237',1282038377,52,NULL),(305,0,'202.160.179.91',1282041620,68,NULL),(310,0,'125.230.67.200',1282064131,104,NULL),(311,0,'220.181.7.132',1282065042,121,NULL),(312,0,'220.181.7.67',1282065046,120,NULL),(313,0,'207.46.195.233',1282065280,33,NULL),(314,0,'124.115.0.27',1282066417,33,NULL),(315,0,'66.249.67.237',1282067690,120,NULL),(317,0,'66.249.67.237',1282070882,42,NULL),(318,0,'66.249.67.237',1282072071,121,NULL),(321,0,'202.160.179.58',1282079464,107,NULL),(322,0,'220.181.7.121',1282084064,47,NULL),(323,0,'61.145.159.78',1282094921,115,NULL),(324,0,'123.125.68.122',1282096584,112,NULL),(326,0,'124.115.4.196',1282101412,33,NULL),(327,0,'218.207.242.13',1282101647,119,NULL),(329,0,'124.115.0.108',1282103728,110,NULL),(330,0,'220.181.7.77',1282106545,122,NULL),(332,0,'59.39.207.25',1282110674,122,NULL),(333,0,'59.174.145.192',1282111620,122,NULL),(334,0,'58.51.14.52',1282114285,119,NULL),(337,0,'121.14.96.153',1282117160,119,NULL),(338,0,'58.60.14.231',1282117162,118,NULL),(340,0,'58.60.14.231',1282117166,101,NULL),(341,0,'121.14.96.153',1282117168,33,NULL),(343,0,'66.249.67.237',1282119239,122,NULL),(346,0,'220.181.94.230',1282122160,121,NULL),(347,0,'113.111.101.255',1282124695,121,NULL),(349,0,'220.181.7.90',1282126194,123,NULL),(351,0,'222.178.77.137',1282126562,123,NULL),(352,0,'202.160.179.93',1282127478,120,NULL),(353,0,'222.141.115.198',1282129107,122,NULL),(354,0,'60.31.39.196',1282129781,122,NULL),(355,0,'66.249.67.237',1282130788,123,NULL),(358,0,'202.160.180.65',1282134706,109,NULL),(360,0,'60.30.82.107',1282136882,117,NULL),(363,0,'202.160.178.82',1282137626,121,NULL),(365,0,'124.115.0.168',1282138450,111,NULL),(366,0,'121.40.19.114',1282138465,121,NULL),(367,0,'202.160.180.101',1282138599,122,NULL),(368,0,'202.160.179.58',1282140117,75,NULL),(369,0,'218.207.242.13',1282141124,61,NULL),(370,0,'122.235.235.102',1282142304,121,NULL),(371,0,'202.160.178.132',1282143598,99,NULL),(373,0,'66.249.67.237',1282144099,125,NULL),(375,0,'123.114.37.15',1282144830,126,NULL),(378,0,'61.135.249.207',1282146330,33,NULL),(379,0,'66.249.67.237',1282146377,69,NULL),(382,0,'202.160.179.41',1282147819,123,NULL),(383,0,'61.135.249.207',1282147930,68,NULL),(384,0,'64.56.66.178',1282148028,126,NULL),(385,0,'66.249.67.237',1282150688,126,NULL),(387,0,'202.160.178.101',1282152429,125,NULL),(388,0,'220.181.94.230',1282152661,123,NULL),(389,0,'220.181.94.230',1282152671,122,NULL),(390,0,'220.181.7.127',1282152948,47,NULL),(392,0,'124.115.0.26',1282157988,33,NULL),(394,0,'38.105.83.13',1282158580,113,NULL),(395,0,'38.105.83.13',1282158580,121,NULL),(396,0,'38.105.83.13',1282158580,126,NULL),(397,0,'38.105.83.13',1282158580,127,NULL),(398,0,'38.105.83.13',1282158580,125,NULL),(399,0,'38.105.83.13',1282158586,128,NULL),(400,0,'38.105.83.13',1282158586,120,NULL),(402,0,'38.105.83.13',1282158590,122,NULL),(403,0,'38.105.83.13',1282158591,123,NULL),(405,0,'220.181.94.230',1282158677,125,NULL),(406,0,'66.249.67.237',1282159902,127,NULL),(408,0,'202.160.180.59',1282160105,126,NULL),(409,0,'66.249.67.237',1282161432,97,NULL),(410,0,'220.181.94.230',1282162532,42,NULL),(411,0,'202.160.178.227',1282163065,128,NULL),(412,0,'202.160.178.145',1282163782,61,NULL),(413,0,'220.181.94.230',1282164470,127,NULL),(414,0,'123.125.68.124',1282165536,120,NULL),(415,0,'220.181.94.230',1282165837,126,NULL),(416,0,'66.249.67.237',1282167082,104,NULL),(418,0,'66.249.67.237',1282168059,128,NULL),(420,0,'61.135.249.207',1282170468,109,NULL),(421,0,'58.60.14.241',1282171174,126,NULL),(422,0,'58.60.14.231',1282171174,127,NULL),(423,0,'124.115.0.164',1282171322,33,NULL),(424,0,'220.181.94.230',1282171356,128,NULL),(425,0,'58.60.14.236',1282171728,33,NULL),(426,0,'58.60.14.236',1282171868,101,NULL),(429,0,'61.135.249.207',1282181482,110,NULL),(431,0,'220.181.7.59',1282182948,127,NULL),(432,0,'220.181.7.57',1282182950,128,NULL),(433,0,'220.181.7.82',1282182954,126,NULL),(434,0,'220.181.7.117',1282182960,125,NULL),(435,0,'221.238.108.90',1282184198,128,NULL),(436,0,'124.227.137.97',1282185558,128,NULL),(437,0,'110.204.167.239',1282185631,128,NULL),(439,0,'59.41.254.238',1282186143,128,NULL),(442,0,'218.242.251.148',1282186302,128,NULL),(445,0,'220.181.7.85',1282190766,57,NULL),(447,0,'125.66.119.112',1282192038,128,NULL),(448,0,'125.66.119.112',1282192042,127,NULL),(451,0,'124.227.137.97',1282193328,121,NULL),(452,0,'124.227.137.97',1282193331,122,NULL),(457,0,'113.107.163.199',1282195215,125,NULL),(459,0,'220.181.94.230',1282199444,38,NULL),(461,0,'220.181.94.230',1282199505,34,NULL),(462,0,'220.181.94.230',1282199527,31,NULL),(464,0,'60.190.160.202',1282202040,120,NULL),(466,0,'116.204.113.27',1282202927,123,NULL),(467,129,'218.89.69.4',1282204763,103,NULL),(469,0,'66.249.67.237',1282205443,107,NULL),(472,0,'119.100.151.15',1282207700,103,NULL),(473,0,'202.160.178.164',1282209213,33,NULL),(474,0,'59.58.208.206',1282209265,127,NULL),(476,0,'125.85.183.124',1282212138,103,NULL),(477,0,'66.249.67.237',1282212261,129,NULL),(478,0,'123.186.249.113',1282212651,33,NULL),(480,0,'220.181.7.73',1282214449,125,NULL),(482,0,'220.181.94.230',1282217528,68,NULL),(483,0,'220.181.94.230',1282217564,69,NULL),(484,0,'220.181.94.230',1282217575,71,NULL),(485,0,'220.181.7.117',1282217671,128,NULL),(486,0,'202.160.180.43',1282218184,129,NULL),(489,0,'121.14.96.153',1282225814,127,NULL),(490,0,'121.14.96.153',1282226375,118,NULL),(491,0,'58.60.14.231',1282226375,33,NULL),(492,0,'121.14.96.153',1282226514,101,NULL),(493,0,'121.14.96.153',1282226516,59,NULL),(494,0,'60.175.249.195',1282227555,103,NULL),(495,0,'202.160.179.1',1282227655,112,NULL),(497,0,'111.76.72.21',1282227967,103,NULL),(499,0,'220.181.7.62',1282230309,57,NULL),(500,0,'220.181.94.230',1282235201,129,NULL),(502,0,'220.181.7.63',1282240981,127,NULL),(504,0,'67.195.115.47',1282245782,112,NULL),(505,0,'67.195.115.47',1282245891,121,NULL),(506,0,'67.195.115.47',1282245919,126,NULL),(508,0,'67.195.115.47',1282245938,125,NULL),(509,0,'67.195.115.47',1282246036,127,NULL),(511,0,'220.181.7.90',1282249016,129,NULL),(512,0,'220.181.7.92',1282249028,103,NULL),(513,0,'202.160.179.107',1282249762,103,NULL),(514,0,'202.160.180.101',1282250603,122,NULL),(515,0,'202.160.178.227',1282252356,128,NULL),(516,0,'220.181.7.71',1282253370,59,NULL),(519,0,'67.195.115.47',1282253780,123,NULL),(520,0,'202.160.179.41',1282259058,123,NULL),(521,0,'124.115.4.196',1282259728,33,NULL),(522,0,'67.195.115.47',1282259805,128,NULL),(523,0,'66.249.67.237',1282259853,114,NULL),(525,0,'218.207.242.13',1282261804,125,NULL),(526,0,'218.207.242.13',1282261909,74,NULL),(527,0,'218.207.242.13',1282261925,73,NULL),(531,0,'61.135.249.207',1282266292,111,NULL),(535,0,'67.195.115.47',1282268046,122,NULL),(536,0,'61.135.249.207',1282268706,114,NULL),(537,0,'220.181.7.75',1282268878,126,NULL),(539,0,'61.135.249.207',1282270155,115,NULL),(540,0,'61.135.249.207',1282270638,112,NULL),(541,0,'61.135.249.207',1282271121,113,NULL),(542,0,'220.181.7.126',1282272046,130,NULL),(4729,66,'59.41.254.238',1288960745,226,''),(544,0,'220.181.94.230',1282272805,70,NULL),(545,0,'220.181.7.115',1282272807,55,NULL),(547,0,'220.181.94.230',1282272827,67,NULL),(549,0,'117.36.1.33',1282272995,130,NULL),(550,0,'117.36.1.33',1282272998,128,NULL),(551,0,'220.181.94.230',1282273277,102,NULL),(552,0,'202.160.179.45',1282274771,127,NULL),(554,0,'220.181.94.230',1282275255,105,NULL),(555,0,'220.181.94.230',1282275315,107,NULL),(556,0,'220.181.94.230',1282276605,106,NULL),(557,0,'220.181.94.230',1282276641,108,NULL),(558,0,'111.165.222.112',1282276693,129,NULL),(561,0,'202.160.178.209',1282284616,131,NULL),(562,0,'59.108.115.96',1282285837,127,NULL),(564,0,'221.182.46.21',1282287488,129,NULL),(565,0,'61.135.249.207',1282287588,125,NULL),(566,0,'66.249.67.237',1282287702,131,NULL),(567,0,'61.135.249.207',1282287943,120,NULL),(568,0,'66.249.67.237',1282288099,130,NULL),(569,0,'61.135.249.207',1282288298,122,NULL),(570,0,'61.135.249.207',1282288652,126,NULL),(571,0,'220.181.94.230',1282288721,75,NULL),(572,0,'61.135.249.207',1282289007,121,NULL),(573,0,'61.135.249.207',1282289361,123,NULL),(574,0,'61.135.249.207',1282289718,127,NULL),(575,0,'61.135.249.207',1282290072,128,NULL),(576,0,'220.181.94.230',1282291443,98,NULL),(577,0,'220.181.94.230',1282291603,103,NULL),(578,0,'67.195.115.47',1282292572,129,NULL),(581,0,'59.49.236.100',1282292689,130,NULL),(584,0,'220.181.94.230',1282293980,99,NULL),(589,0,'220.181.7.66',1282297585,103,NULL),(590,0,'220.181.7.78',1282297593,131,NULL),(591,0,'220.181.7.118',1282299936,59,NULL),(592,0,'220.181.94.230',1282303650,130,NULL),(593,0,'222.84.88.210',1282304043,130,NULL),(595,0,'220.181.94.230',1282307333,76,NULL),(597,0,'220.181.94.230',1282308159,74,NULL),(598,0,'220.181.7.130',1282309426,61,NULL),(600,0,'66.249.71.168',1282311980,73,NULL),(601,0,'202.160.180.76',1282312324,114,NULL),(602,0,'124.115.0.27',1282313253,33,NULL),(605,0,'112.94.179.9',1282316510,131,NULL),(606,0,'220.181.7.91',1282316602,129,NULL),(607,0,'67.195.115.47',1282321432,110,NULL),(608,0,'67.195.115.47',1282321942,114,NULL),(609,0,'67.195.115.47',1282323708,113,NULL),(610,0,'220.181.94.230',1282325380,109,NULL),(611,0,'202.160.179.50',1282325633,130,NULL),(613,0,'66.249.71.168',1282327640,132,NULL),(615,0,'220.181.94.230',1282335386,132,NULL),(616,0,'202.160.178.145',1282338493,61,NULL),(617,0,'67.195.115.47',1282339122,131,NULL),(618,0,'202.160.180.43',1282339296,129,NULL),(619,0,'202.160.178.227',1282340158,128,NULL),(620,0,'202.160.180.59',1282340332,126,NULL),(621,0,'67.195.115.47',1282341486,132,NULL),(622,0,'218.207.242.13',1282341855,121,NULL),(624,0,'218.207.242.13',1282342067,120,NULL),(625,0,'67.195.115.47',1282343680,116,NULL),(626,0,'220.181.94.230',1282344556,131,NULL),(629,0,'202.160.178.101',1282347402,125,NULL),(635,0,'122.226.235.154',1282355372,133,NULL),(636,0,'122.226.235.154',1282355373,132,NULL),(638,0,'122.226.235.154',1282355485,128,NULL),(639,0,'124.115.0.27',1282356245,33,NULL),(640,0,'220.181.7.90',1282358111,41,NULL),(641,0,'220.181.7.121',1282358131,133,NULL),(642,0,'220.181.7.121',1282358139,132,NULL),(643,0,'220.181.94.230',1282363423,77,NULL),(646,0,'202.160.179.104',1282371834,132,NULL),(647,0,'202.160.178.209',1282374763,131,NULL),(648,0,'67.195.115.47',1282374885,130,NULL),(649,0,'125.39.67.171',1282375168,133,NULL),(650,0,'202.160.179.39',1282376851,133,NULL),(655,0,'220.181.7.66',1282383145,134,NULL),(657,0,'123.125.68.115',1282384332,103,NULL),(658,0,'202.160.178.101',1282386481,82,NULL),(659,0,'124.115.0.18',1282387171,69,NULL),(660,0,'123.125.68.115',1282389121,125,NULL),(663,0,'67.195.115.47',1282391981,115,NULL),(664,0,'77.88.27.26',1282392254,63,NULL),(668,0,'220.181.94.230',1282396561,112,NULL),(670,0,'124.115.0.26',1282397905,33,NULL),(672,0,'61.135.249.207',1282398481,129,NULL),(673,0,'61.135.249.207',1282398781,131,NULL),(675,0,'61.135.249.207',1282399082,130,NULL),(679,0,'202.160.180.170',1282399687,116,NULL),(680,0,'220.181.94.230',1282399756,133,NULL),(681,0,'202.160.180.67',1282399984,113,NULL),(683,0,'202.160.180.54',1282400194,117,NULL),(686,0,'123.114.41.108',1282402476,132,NULL),(689,0,'67.195.115.47',1282402829,133,NULL),(690,0,'66.249.67.237',1282403537,133,NULL),(691,0,'66.249.67.237',1282403879,134,NULL),(695,0,'67.195.115.47',1282406794,31,NULL),(696,0,'65.55.3.138',1282407404,134,NULL),(697,0,'65.55.3.138',1282407405,133,NULL),(698,0,'65.55.3.138',1282407406,132,NULL),(699,0,'65.55.3.138',1282407407,131,NULL),(700,0,'65.55.3.138',1282407409,130,NULL),(701,0,'65.55.3.138',1282407410,129,NULL),(702,0,'65.55.3.138',1282407411,128,NULL),(703,0,'65.55.3.138',1282407412,127,NULL),(704,0,'65.55.3.138',1282407413,126,NULL),(712,0,'65.55.3.138',1282407453,61,NULL),(717,0,'124.115.0.19',1282411523,69,NULL),(4849,386,'115.238.105.82',1294374949,370,''),(721,0,'77.88.27.26',1282414663,75,NULL),(724,0,'202.160.179.50',1282415302,130,NULL),(727,0,'77.88.27.26',1282417048,128,NULL),(730,0,'67.195.115.47',1282419376,78,NULL),(731,0,'67.195.115.47',1282420732,61,NULL),(732,0,'77.88.27.26',1282423095,121,NULL),(733,0,'67.195.115.47',1282423261,135,NULL),(734,0,'202.160.178.114',1282423763,111,NULL),(736,0,'218.207.242.13',1282424208,133,NULL),(737,0,'220.181.94.230',1282424383,114,NULL),(738,0,'220.181.94.230',1282424515,110,NULL),(739,0,'202.160.178.27',1282425143,135,NULL),(742,0,'66.249.67.237',1282426620,135,NULL),(744,0,'77.88.27.26',1282427913,126,NULL),(745,0,'220.181.94.230',1282428504,115,NULL),(746,0,'220.181.94.230',1282428528,111,NULL),(747,0,'124.115.0.162',1282428716,33,NULL),(748,0,'202.160.178.227',1282429155,128,NULL),(749,0,'220.181.94.230',1282429863,116,NULL),(751,0,'220.181.94.230',1282431798,134,NULL),(754,0,'202.160.180.43',1282434029,129,NULL),(755,0,'77.88.27.26',1282434440,62,NULL),(756,0,'67.195.115.47',1282435125,134,NULL),(757,0,'77.88.27.26',1282435527,77,NULL),(758,0,'110.184.223.151',1282435558,135,NULL),(760,0,'220.181.7.70',1282436546,59,NULL),(761,0,'124.115.0.18',1282436686,69,NULL),(762,0,'202.160.178.251',1282437270,63,NULL),(763,0,'123.125.68.114',1282443537,103,NULL),(764,0,'202.160.180.154',1282443824,115,NULL),(765,0,'77.88.27.26',1282444210,71,NULL),(766,0,'77.88.27.26',1282445287,76,NULL),(767,0,'222.246.111.172',1282445669,68,NULL),(768,0,'220.181.94.230',1282445802,113,NULL),(770,0,'220.181.94.230',1282446856,117,NULL),(771,0,'119.5.61.145',1282449657,134,NULL),(772,0,'77.88.27.26',1282450020,61,NULL),(773,0,'221.175.127.97',1282451608,128,NULL),(774,0,'221.175.127.97',1282451621,129,NULL),(775,0,'77.88.27.26',1282452409,101,NULL),(778,0,'124.227.217.247',1282457167,133,NULL),(779,0,'124.227.217.247',1282457169,135,NULL),(780,0,'124.227.217.247',1282457172,134,NULL),(781,0,'67.195.115.47',1282457695,117,NULL),(782,0,'60.14.195.83',1282457732,78,NULL),(784,0,'77.88.27.26',1282464947,122,NULL),(786,0,'202.160.179.39',1282465505,133,NULL),(788,0,'123.65.215.73',1282466441,128,NULL),(789,0,'220.181.7.58',1282468071,136,NULL),(790,0,'220.181.7.56',1282468093,135,NULL),(791,0,'202.160.179.211',1282468498,136,NULL),(792,0,'220.181.7.64',1282469062,62,NULL),(793,0,'66.249.67.237',1282472280,136,NULL),(794,0,'77.88.27.26',1282473901,47,NULL),(797,0,'115.151.83.225',1282475415,134,NULL),(799,0,'115.151.83.225',1282475448,136,NULL),(800,0,'124.114.0.73',1282475956,134,NULL),(801,0,'220.181.7.77',1282477597,51,NULL),(803,0,'202.160.180.165',1282479640,47,NULL),(804,0,'188.157.206.38',1282482033,134,NULL),(806,0,'220.181.7.128',1282482478,67,NULL),(807,0,'77.88.27.26',1282482611,125,NULL),(808,0,'202.160.179.104',1282484412,132,NULL),(811,0,'220.181.94.230',1282488210,136,NULL),(812,0,'83.169.47.121',1282490454,129,NULL),(813,0,'77.88.27.26',1282492620,103,NULL),(814,0,'115.64.43.209',1282493718,131,NULL),(815,0,'115.64.43.209',1282493746,130,NULL),(817,0,'220.181.7.116',1282494271,137,NULL),(818,0,'115.64.43.209',1282494321,137,NULL),(819,0,'77.88.27.26',1282495119,129,NULL),(820,0,'65.55.3.138',1282495835,137,NULL),(821,0,'65.55.3.138',1282495836,136,NULL),(822,0,'65.55.3.138',1282495837,135,NULL),(823,0,'65.55.3.138',1282495838,134,NULL),(824,0,'65.55.3.138',1282495839,133,NULL),(825,0,'65.55.3.138',1282495841,132,NULL),(826,0,'65.55.3.138',1282495842,131,NULL),(827,0,'65.55.3.138',1282495843,130,NULL),(828,0,'65.55.3.138',1282495844,129,NULL),(837,0,'65.55.3.138',1282495889,61,NULL),(839,0,'77.88.27.26',1282496369,127,NULL),(840,0,'77.88.27.26',1282501255,109,NULL),(841,0,'220.181.94.230',1282501487,138,NULL),(842,0,'66.249.67.237',1282502153,137,NULL),(843,0,'77.88.27.26',1282502798,69,NULL),(844,0,'77.88.27.26',1282505882,33,NULL),(845,0,'218.207.242.13',1282508385,111,NULL),(846,0,'66.249.67.237',1282508955,138,NULL),(850,0,'77.88.27.26',1282515138,123,NULL),(851,0,'202.160.179.114',1282517813,138,NULL),(852,0,'202.160.178.205',1282522000,95,NULL),(854,0,'95.108.151.244',1282522841,111,NULL),(855,0,'95.108.151.244',1282522843,117,NULL),(856,0,'95.108.151.244',1282522851,113,NULL),(857,0,'222.216.153.94',1282526598,138,NULL),(858,0,'222.216.153.94',1282526608,136,NULL),(859,0,'222.216.153.94',1282526620,134,NULL),(860,0,'222.216.153.94',1282526629,130,NULL),(862,0,'220.181.7.61',1282529379,31,NULL),(863,0,'220.181.7.116',1282529393,138,NULL),(864,0,'222.216.89.20',1282530143,130,NULL),(865,0,'119.246.136.27',1282531901,136,NULL),(866,0,'119.246.136.27',1282531914,138,NULL),(867,0,'119.246.136.27',1282531916,137,NULL),(868,0,'119.246.136.27',1282531918,135,NULL),(869,0,'119.246.136.27',1282531919,130,NULL),(870,0,'119.246.136.27',1282531921,131,NULL),(876,0,'77.88.27.26',1282539221,64,NULL),(878,0,'202.160.178.23',1282546525,118,NULL),(882,0,'220.181.94.230',1282549114,90,NULL),(883,0,'123.125.66.100',1282549498,78,NULL),(884,0,'64.56.64.57',1282549560,78,NULL),(885,0,'66.249.67.237',1282549568,56,NULL),(886,0,'220.181.94.230',1282549577,118,NULL),(887,0,'66.249.67.237',1282549875,139,NULL),(890,0,'66.249.67.237',1282553226,55,NULL),(891,0,'77.88.27.26',1282553854,68,NULL),(892,0,'125.86.19.231',1282554398,137,NULL),(893,0,'60.181.157.54',1282554431,139,NULL),(895,0,'66.249.67.237',1282556969,58,NULL),(896,0,'220.181.94.230',1282558872,64,NULL),(899,0,'220.181.94.230',1282559207,33,NULL),(900,0,'220.181.94.230',1282559217,52,NULL),(901,0,'220.181.94.230',1282559227,47,NULL),(902,0,'202.160.178.131',1282561152,78,NULL),(903,0,'220.181.94.230',1282561457,79,NULL),(905,0,'220.181.94.230',1282561659,119,NULL),(908,0,'77.88.27.26',1282568469,107,NULL),(909,0,'77.88.27.26',1282569928,100,NULL),(910,0,'61.135.249.207',1282572336,133,NULL),(911,0,'61.135.249.207',1282573479,132,NULL),(912,0,'58.59.162.222',1282573689,136,NULL),(913,0,'58.59.162.222',1282573696,133,NULL),(914,0,'58.59.162.222',1282573702,139,NULL),(915,0,'58.59.162.222',1282573705,131,NULL),(916,0,'58.59.162.222',1282573717,132,NULL),(917,0,'220.181.94.230',1282574551,82,NULL),(918,0,'220.181.94.230',1282574592,80,NULL),(919,0,'220.181.94.230',1282574656,92,NULL),(920,0,'220.181.94.230',1282574666,85,NULL),(922,0,'220.181.94.230',1282574812,95,NULL),(924,0,'207.189.121.44',1282575086,137,NULL),(927,0,'220.181.94.230',1282587193,83,NULL),(928,0,'220.181.94.230',1282587237,88,NULL),(929,0,'220.181.94.230',1282587306,96,NULL),(930,0,'220.181.94.230',1282587395,53,NULL),(931,0,'220.181.94.230',1282587474,62,NULL),(932,0,'220.181.94.230',1282587496,63,NULL),(933,0,'220.181.7.90',1282588095,139,NULL),(934,0,'61.135.249.207',1282596477,134,NULL),(935,0,'220.181.94.230',1282599501,135,NULL),(936,0,'213.162.68.115',1282600934,139,NULL),(937,0,'213.162.68.115',1282600938,137,NULL),(938,0,'220.181.94.230',1282601637,139,NULL),(939,0,'202.160.178.219',1282602215,139,NULL),(940,0,'220.181.94.230',1282602903,137,NULL),(941,0,'66.249.67.237',1282603270,59,NULL),(942,0,'220.181.94.230',1282603633,78,NULL),(944,0,'66.249.67.237',1282606433,34,NULL),(952,0,'123.232.169.222',1282618932,138,NULL),(953,0,'123.232.169.222',1282618935,136,NULL),(954,0,'123.232.169.222',1282618936,135,NULL),(955,0,'123.232.169.222',1282618937,139,NULL),(957,0,'220.181.94.230',1282624310,51,NULL),(960,0,'220.181.94.230',1282625018,48,NULL),(961,0,'220.181.7.80',1282625558,141,NULL),(962,0,'220.181.7.83',1282625564,142,NULL),(963,0,'66.249.67.237',1282628476,141,NULL),(964,0,'66.249.67.237',1282628477,142,NULL),(966,0,'220.181.7.65',1282630431,71,NULL),(967,0,'220.181.7.124',1282632735,68,NULL),(968,0,'180.99.23.13',1282633720,138,NULL),(971,0,'220.181.7.85',1282642210,57,NULL),(972,0,'220.181.94.230',1282642448,94,NULL),(973,0,'220.181.94.230',1282642520,86,NULL),(975,0,'66.249.67.237',1282644752,143,NULL),(978,0,'220.181.7.120',1282648314,60,NULL),(979,0,'220.181.7.81',1282648326,143,NULL),(980,0,'218.207.242.13',1282653227,95,NULL),(983,0,'124.115.0.19',1282653952,69,NULL),(984,0,'61.135.249.207',1282655600,136,NULL),(985,0,'61.135.249.207',1282656599,139,NULL),(986,0,'61.135.249.207',1282657598,138,NULL),(987,0,'61.135.249.207',1282658597,137,NULL),(990,0,'61.135.249.207',1282659596,135,NULL),(992,0,'202.160.178.141',1282666462,101,NULL),(994,0,'124.115.0.26',1282668960,33,NULL),(995,0,'220.181.94.230',1282669114,141,NULL),(996,0,'220.181.94.230',1282670026,84,NULL),(997,0,'220.181.94.230',1282670064,87,NULL),(998,0,'220.181.94.230',1282670206,73,NULL),(999,0,'220.181.94.230',1282670268,97,NULL),(1000,0,'220.181.94.230',1282670369,65,NULL),(1001,0,'220.181.94.230',1282670400,57,NULL),(1002,0,'65.55.3.138',1282670606,145,NULL),(1003,0,'65.55.3.138',1282670607,144,NULL),(1004,0,'65.55.3.138',1282670608,143,NULL),(1005,0,'65.55.3.138',1282670609,142,NULL),(1006,0,'65.55.3.138',1282670610,141,NULL),(1008,0,'65.55.3.138',1282670612,139,NULL),(1009,0,'65.55.3.138',1282670614,138,NULL),(1010,0,'65.55.3.138',1282670615,137,NULL),(1011,0,'65.55.3.138',1282670616,40,NULL),(1019,0,'65.55.3.138',1282670660,61,NULL),(1022,0,'207.189.121.44',1282675105,145,NULL),(1024,0,'220.181.108.121',1282676218,145,NULL),(1025,0,'220.181.108.101',1282676220,144,NULL),(1027,0,'220.181.108.99',1282677771,33,NULL),(1028,0,'124.115.0.19',1282678043,69,NULL),(1029,0,'218.207.242.13',1282678872,118,NULL),(1030,0,'218.207.242.13',1282679012,112,NULL),(1034,0,'220.181.94.230',1282687022,101,NULL),(1035,0,'220.181.94.230',1282687035,100,NULL),(4788,325,'124.205.28.105',1291970353,324,''),(1037,0,'202.160.178.109',1282690774,142,NULL),(1039,0,'202.160.178.96',1282692099,144,NULL),(1040,0,'202.160.179.53',1282692340,40,NULL),(1041,0,'124.115.4.196',1282692840,33,NULL),(1042,0,'202.160.179.108',1282692984,141,NULL),(1044,0,'218.207.242.13',1282694430,125,NULL),(1045,0,'218.207.242.13',1282694630,74,NULL),(1047,0,'66.249.65.252',1282695528,145,NULL),(1048,0,'66.249.65.252',1282695529,144,NULL),(1055,0,'61.135.249.207',1282699836,110,NULL),(1057,0,'220.181.94.230',1282701589,143,NULL),(1058,0,'220.181.94.230',1282701598,144,NULL),(1059,0,'124.115.0.19',1282702177,69,NULL),(1060,0,'220.181.94.230',1282703959,61,NULL),(1061,0,'220.181.94.230',1282703999,37,NULL),(1062,0,'220.181.94.230',1282704059,59,NULL),(1063,0,'66.249.65.252',1282707260,48,NULL),(1064,0,'66.249.65.202',1282709935,44,NULL),(1065,0,'202.160.178.210',1282709989,143,NULL),(1066,0,'123.125.68.115',1282712410,61,NULL),(1071,0,'113.109.176.159',1282716857,146,NULL),(1072,0,'113.109.176.159',1282716866,145,NULL),(1073,0,'220.181.108.104',1282719151,144,NULL),(1075,0,'220.181.108.105',1282723171,145,NULL),(1076,0,'66.249.65.214',1282723253,53,NULL),(1077,0,'218.247.168.168',1282724265,40,NULL),(1078,0,'61.154.12.114',1282726355,143,NULL),(1081,0,'66.249.65.252',1282731303,146,NULL),(1084,0,'220.181.94.230',1282733571,142,NULL),(1086,0,'115.64.43.209',1282734812,141,NULL),(1087,0,'115.64.43.209',1282734930,61,NULL),(1089,0,'115.64.43.209',1282735039,142,NULL),(1090,0,'115.64.43.209',1282735041,143,NULL),(1091,0,'115.64.43.209',1282735043,144,NULL),(1092,0,'115.64.43.209',1282735050,139,NULL),(1093,0,'202.160.179.93',1282735265,120,NULL),(1094,0,'220.181.94.230',1282736678,41,NULL),(1095,0,'220.181.94.230',1282736709,56,NULL),(1096,0,'220.181.94.230',1282736740,60,NULL),(1097,0,'220.181.94.230',1282736751,104,NULL),(1098,0,'220.181.94.230',1282736805,58,NULL),(4739,81,'222.91.125.142',1289547728,89,''),(1100,0,'220.181.94.230',1282736879,40,NULL),(1102,0,'220.181.94.230',1282737011,55,NULL),(1104,0,'66.249.65.214',1282737660,147,NULL),(1105,0,'220.181.147.175',1282741221,143,NULL),(1107,0,'222.93.183.225',1282742200,144,NULL),(1109,0,'202.160.178.82',1282743292,121,NULL),(1113,0,'220.181.108.104',1282746844,69,NULL),(1114,0,'220.181.94.230',1282748042,146,NULL),(1115,0,'124.115.0.19',1282748267,69,NULL),(1117,0,'202.160.179.105',1282752170,145,NULL),(1118,0,'220.181.108.107',1282752471,62,NULL),(1119,0,'202.160.179.91',1282753605,68,NULL),(1120,0,'202.160.178.47',1282754002,147,NULL),(1121,0,'220.181.94.230',1282754438,121,NULL),(1123,0,'220.181.94.230',1282754559,123,NULL),(1124,0,'220.181.94.230',1282754572,122,NULL),(1125,0,'220.181.94.230',1282754606,125,NULL),(1127,0,'220.181.94.230',1282764402,145,NULL),(1129,0,'220.181.108.106',1282768219,144,NULL),(1130,0,'220.181.108.98',1282768221,147,NULL),(1131,0,'220.181.108.121',1282768227,146,NULL),(1132,0,'220.181.94.230',1282768542,147,NULL),(1133,0,'61.135.249.207',1282769274,143,NULL),(1134,0,'61.135.249.207',1282769654,142,NULL),(1135,0,'61.135.249.207',1282770034,141,NULL),(1136,0,'61.135.249.207',1282770414,144,NULL),(1139,0,'220.181.94.230',1282770982,42,NULL),(1140,0,'220.181.94.230',1282771023,127,NULL),(1141,0,'220.181.94.230',1282771045,126,NULL),(1142,0,'220.181.94.230',1282771066,128,NULL),(1143,0,'220.181.108.108',1282771147,145,NULL),(1144,0,'61.135.249.207',1282771174,145,NULL),(1145,0,'220.181.94.230',1282771258,38,NULL),(1146,0,'220.181.94.230',1282771330,34,NULL),(1147,0,'220.181.94.230',1282771351,31,NULL),(1148,0,'220.181.94.230',1282771567,71,NULL),(1149,0,'220.181.94.230',1282771595,68,NULL),(1151,0,'124.115.4.192',1282772918,69,NULL),(1153,0,'174.129.228.67',1282782824,139,NULL),(1154,0,'174.129.228.67',1282782877,137,NULL),(1156,0,'174.129.228.67',1282783915,133,NULL),(1157,0,'174.129.228.67',1282783958,131,NULL),(1158,0,'174.129.228.67',1282784353,136,NULL),(1159,0,'174.129.228.67',1282784366,134,NULL),(1160,0,'174.129.228.67',1282784410,138,NULL),(1161,0,'210.82.107.212',1282786899,145,NULL),(1163,0,'124.115.0.27',1282787754,33,NULL),(1164,0,'220.181.108.107',1282791833,148,NULL),(1165,0,'220.181.108.104',1282793069,53,NULL),(1166,0,'220.181.94.230',1282793097,69,NULL),(1167,0,'220.181.94.230',1282793260,129,NULL),(1169,0,'220.181.94.230',1282794152,70,NULL),(1171,0,'220.181.94.230',1282794175,67,NULL),(1172,0,'220.181.94.230',1282794185,102,NULL),(1173,0,'220.181.94.230',1282794316,105,NULL),(1174,0,'220.181.94.230',1282794328,107,NULL),(1175,0,'220.181.94.230',1282794526,106,NULL),(1176,0,'220.181.94.230',1282794550,108,NULL),(1177,0,'220.181.108.111',1282795382,146,NULL),(1178,0,'220.181.108.105',1282796533,70,NULL),(1179,0,'220.181.94.230',1282796797,75,NULL),(1180,0,'66.249.67.237',1282796876,32,NULL),(1181,0,'66.249.67.237',1282797002,148,NULL),(1182,0,'220.181.94.230',1282798838,98,NULL),(1183,0,'220.181.94.230',1282799225,103,NULL),(1184,0,'220.181.108.118',1282800270,69,NULL),(1185,0,'66.249.67.237',1282800311,64,NULL),(1186,0,'220.181.108.100',1282801420,147,NULL),(1188,0,'221.213.52.177',1282803948,147,NULL),(1194,0,'220.181.94.230',1282810890,99,NULL),(4897,477,'123.180.75.144',1299044268,271,''),(1197,0,'220.181.94.230',1282812893,130,NULL),(1199,0,'59.61.19.248',1282813910,144,NULL),(1200,0,'59.61.19.248',1282813919,141,NULL),(1202,0,'59.61.19.248',1282814714,143,NULL),(1203,0,'220.181.94.230',1282816373,76,NULL),(1204,0,'220.181.94.230',1282816827,74,NULL),(1207,0,'124.115.0.19',1282822069,69,NULL),(1211,0,'220.181.94.230',1282830152,109,NULL),(1212,0,'66.249.67.237',1282831826,67,NULL),(1213,0,'202.160.180.109',1282831992,90,NULL),(1216,0,'220.181.94.230',1282833762,132,NULL),(1219,0,'66.249.67.237',1282833907,31,NULL),(1221,0,'115.64.43.209',1282835476,142,NULL),(1223,0,'220.181.108.104',1282836000,73,NULL),(1226,0,'115.64.43.209',1282841015,61,NULL),(1228,0,'202.160.180.65',1282841744,109,NULL),(1230,0,'220.181.94.230',1282844009,131,NULL),(1232,0,'66.249.67.237',1282847777,37,NULL),(1233,0,'61.135.249.207',1282849520,146,NULL),(1234,0,'61.135.249.207',1282849754,147,NULL),(1236,0,'67.195.115.47',1282850720,146,NULL),(1237,0,'67.195.115.47',1282850730,40,NULL),(1240,0,'67.195.115.47',1282850830,145,NULL),(1241,0,'67.195.115.47',1282850868,143,NULL),(1242,0,'67.195.115.47',1282850964,127,NULL),(1243,0,'67.195.115.47',1282850985,147,NULL),(1244,0,'67.195.115.47',1282851057,142,NULL),(1245,0,'67.195.115.47',1282851112,125,NULL),(1246,0,'67.195.115.47',1282851287,141,NULL),(1247,0,'66.249.67.237',1282856099,41,NULL),(1248,0,'220.181.94.230',1282856456,77,NULL),(1250,0,'67.195.115.47',1282857455,126,NULL),(1251,0,'67.195.115.47',1282858110,144,NULL),(1252,0,'67.195.115.47',1282864963,128,NULL),(1253,0,'220.181.94.230',1282866017,148,NULL),(1254,0,'66.249.67.237',1282866504,38,NULL),(1256,0,'124.115.4.192',1282867348,69,NULL),(1257,0,'207.46.13.45',1282869278,97,NULL),(1262,0,'202.160.180.101',1282874799,122,NULL),(1263,0,'220.181.108.103',1282875882,149,NULL),(1265,0,'202.160.179.93',1282876542,148,NULL),(1271,0,'61.178.30.175',1282880891,149,NULL),(1272,0,'220.181.94.230',1282882263,112,NULL),(1273,0,'115.64.43.209',1282882438,142,NULL),(1274,0,'115.64.43.209',1282882472,149,NULL),(1275,0,'115.64.43.209',1282882487,148,NULL),(1276,0,'115.64.43.209',1282882489,147,NULL),(1277,0,'115.64.43.209',1282882491,146,NULL),(1278,0,'115.64.43.209',1282882492,145,NULL),(1279,0,'115.64.43.209',1282882493,144,NULL),(1280,0,'115.64.43.209',1282882495,142,NULL),(1281,0,'115.64.43.209',1282882496,141,NULL),(1282,0,'66.249.67.237',1282882500,149,NULL),(1284,0,'220.181.94.230',1282883904,133,NULL),(1285,0,'123.125.68.123',1282884234,136,NULL),(1287,0,'202.160.179.45',1282884367,127,NULL),(1288,0,'58.42.242.40',1282886101,40,NULL),(1290,0,'123.116.191.156',1282890322,141,NULL),(1292,0,'220.181.94.230',1282892038,149,NULL),(1294,0,'115.64.43.209',1282893509,150,NULL),(1295,0,'115.64.43.209',1282893520,142,NULL),(1296,0,'64.56.66.178',1282896713,150,NULL),(1297,0,'66.249.67.237',1282897003,88,NULL),(1299,0,'220.181.108.120',1282898902,150,NULL),(1301,0,'123.171.135.174',1282899788,149,NULL),(1304,0,'123.125.68.114',1282900874,141,NULL),(1306,0,'220.181.94.230',1282902080,114,NULL),(1307,0,'220.181.94.230',1282902250,110,NULL),(1308,0,'220.181.108.101',1282903126,52,NULL),(1310,0,'220.181.94.230',1282903851,115,NULL),(1311,0,'220.181.94.230',1282903871,111,NULL),(1312,0,'66.249.67.237',1282903950,90,NULL),(1313,0,'66.249.67.237',1282904016,150,NULL),(1314,0,'220.181.94.230',1282904859,116,NULL),(1316,0,'220.181.94.230',1282907380,150,NULL),(1317,0,'220.181.108.109',1282908020,37,NULL),(1318,0,'202.160.180.179',1282908241,149,NULL),(1320,0,'124.115.0.19',1282911521,69,NULL),(1321,0,'67.195.115.47',1282915292,129,NULL),(1322,0,'220.181.94.230',1282916152,134,NULL),(1325,0,'66.249.67.237',1282917761,33,NULL),(1326,0,'220.181.94.230',1282917906,113,NULL),(1327,0,'220.181.94.230',1282918008,117,NULL),(1329,0,'67.195.115.47',1282920511,148,NULL),(1330,0,'202.160.180.76',1282921122,114,NULL),(1331,0,'67.195.115.47',1282923865,150,NULL),(1332,0,'220.181.108.119',1282928708,48,NULL),(1333,0,'122.87.71.3',1282929253,149,NULL),(1334,0,'202.160.180.121',1282930827,150,NULL),(1338,0,'124.115.0.18',1282935592,69,NULL),(1339,0,'67.195.115.47',1282936253,114,NULL),(1340,0,'65.55.3.138',1282937447,150,NULL),(1341,0,'65.55.3.138',1282937448,149,NULL),(1342,0,'65.55.3.138',1282937450,148,NULL),(1343,0,'65.55.3.138',1282937451,147,NULL),(1344,0,'65.55.3.138',1282937452,146,NULL),(1345,0,'65.55.3.138',1282937453,145,NULL),(1346,0,'65.55.3.138',1282937454,144,NULL),(1347,0,'65.55.3.138',1282937455,143,NULL),(1348,0,'65.55.3.138',1282937457,142,NULL),(1349,0,'65.55.3.138',1282937458,134,NULL),(1353,0,'65.55.3.138',1282937470,114,NULL),(1354,0,'65.55.3.138',1282937472,40,NULL),(1355,0,'65.55.3.138',1282937477,141,NULL),(1360,0,'65.55.3.138',1282937507,61,NULL),(1363,0,'202.160.179.107',1282939050,103,NULL),(1365,0,'202.160.178.145',1282944649,61,NULL),(1366,0,'220.181.94.230',1282946333,136,NULL),(1367,0,'67.195.115.47',1282946360,132,NULL),(1369,0,'220.181.94.230',1282951427,138,NULL),(1370,0,'67.195.115.47',1282954152,149,NULL),(1372,0,'220.181.108.102',1282958493,77,NULL),(1373,0,'202.160.179.41',1282960987,123,NULL),(1379,0,'220.181.108.99',1282963612,151,NULL),(1380,0,'202.160.178.101',1282963863,125,NULL),(1381,0,'211.143.114.86',1282968416,151,NULL),(1382,0,'124.115.4.198',1282969705,33,NULL),(1383,0,'202.160.180.59',1282971934,126,NULL),(1386,0,'67.195.115.47',1282979778,130,NULL),(1387,0,'220.181.94.230',1282980725,151,NULL),(1388,0,'124.115.0.19',1282980917,69,NULL),(1390,0,'202.160.178.209',1282982370,131,NULL),(1391,0,'67.195.115.47',1282985368,51,NULL),(1394,0,'66.249.67.237',1282987782,151,NULL),(1395,0,'61.135.249.207',1282988091,148,NULL),(1397,0,'61.135.249.207',1282988403,79,NULL),(1398,0,'61.135.249.207',1282988715,31,NULL),(1399,0,'61.135.249.207',1282989027,34,NULL),(1400,0,'61.135.249.207',1282989339,77,NULL),(1401,0,'61.135.249.207',1282989651,59,NULL),(1404,0,'220.181.108.117',1282993019,51,NULL),(1405,0,'218.213.131.38',1282993182,150,NULL),(1408,0,'220.181.94.230',1282993336,90,NULL),(1409,0,'220.181.94.230',1282993376,118,NULL),(1410,0,'218.213.131.38',1282995871,149,NULL),(1412,0,'218.213.131.38',1282998184,148,NULL),(1413,0,'220.181.108.117',1282999071,56,NULL),(1418,0,'218.213.131.38',1283000601,147,NULL),(1420,0,'123.125.68.121',1283002680,55,NULL),(1421,0,'218.213.131.38',1283003259,146,NULL),(1422,0,'220.181.108.119',1283003669,56,NULL),(1424,0,'123.125.68.117',1283004163,149,NULL),(1425,0,'123.125.68.125',1283004239,61,NULL),(1426,0,'123.125.68.120',1283004523,144,NULL),(1427,0,'123.125.68.116',1283005029,145,NULL),(1428,0,'67.195.115.47',1283005189,131,NULL),(1430,0,'123.125.68.117',1283005316,103,NULL),(1431,0,'202.160.179.58',1283005336,107,NULL),(1432,0,'123.125.68.119',1283005440,31,NULL),(1433,0,'218.213.131.38',1283005512,145,NULL),(1434,0,'124.115.0.18',1283007259,69,NULL),(1435,0,'218.213.131.38',1283007888,144,NULL),(1436,0,'220.181.94.230',1283008861,64,NULL),(1439,0,'220.181.94.230',1283008931,33,NULL),(1440,0,'220.181.94.230',1283008942,52,NULL),(1441,0,'220.181.94.230',1283008952,47,NULL),(1442,0,'220.181.94.230',1283009203,119,NULL),(1444,0,'220.181.94.230',1283009308,79,NULL),(1445,0,'218.213.131.38',1283010488,143,NULL),(1446,0,'218.213.131.38',1283012756,142,NULL),(1448,0,'218.213.131.38',1283014560,134,NULL),(1450,0,'207.189.121.44',1283015214,147,NULL),(1451,0,'207.189.121.44',1283015214,40,NULL),(1455,0,'220.181.94.230',1283020345,82,NULL),(1456,0,'220.181.94.230',1283020391,80,NULL),(1457,0,'220.181.94.230',1283020455,92,NULL),(1458,0,'220.181.94.230',1283020466,85,NULL),(1460,0,'220.181.94.230',1283020643,95,NULL),(1461,0,'202.160.180.67',1283021841,113,NULL),(1463,0,'123.125.68.117',1283028433,147,NULL),(1464,0,'123.125.68.126',1283028580,148,NULL),(1466,0,'218.213.131.38',1283031979,114,NULL),(1467,0,'202.160.178.27',1283032087,135,NULL),(1470,0,'218.213.131.38',1283035775,40,NULL),(1471,0,'202.160.178.227',1283036119,128,NULL),(1472,0,'123.125.68.116',1283037140,146,NULL),(1473,0,'220.181.94.230',1283037628,83,NULL),(1474,0,'220.181.94.230',1283037672,88,NULL),(1475,0,'220.181.94.230',1283037740,96,NULL),(1477,0,'220.181.94.230',1283037835,53,NULL),(1478,0,'220.181.94.230',1283037921,62,NULL),(1479,0,'220.181.94.230',1283037947,63,NULL),(1481,0,'220.181.94.230',1283038793,135,NULL),(1482,0,'220.181.94.230',1283038888,139,NULL),(1483,0,'123.125.68.119',1283039310,83,NULL),(1484,0,'218.213.131.38',1283041355,141,NULL),(1485,0,'123.125.68.114',1283042291,142,NULL),(1486,0,'123.125.68.116',1283042649,143,NULL),(1487,0,'123.125.68.119',1283042877,150,NULL),(1490,0,'222.218.25.159',1283046986,148,NULL),(1491,0,'222.218.25.159',1283046990,146,NULL),(1494,0,'67.195.115.47',1283047066,61,NULL),(1495,0,'174.129.228.67',1283051269,135,NULL),(1496,0,'115.193.160.99',1283052282,153,NULL),(1498,0,'221.0.8.101',1283054370,153,NULL),(1501,0,'174.129.228.67',1283055371,132,NULL),(1502,0,'124.115.4.192',1283055724,69,NULL),(1504,0,'67.195.115.47',1283057829,47,NULL),(1505,0,'220.181.94.230',1283058518,137,NULL),(1506,0,'220.181.94.230',1283058871,78,NULL),(1507,0,'218.207.242.13',1283059752,44,NULL),(1508,0,'67.195.115.47',1283059859,33,NULL),(1510,0,'66.249.67.237',1283060454,153,NULL),(1515,0,'123.125.68.126',1283066217,149,NULL),(1516,0,'66.249.67.237',1283066787,154,NULL),(1517,0,'123.125.68.122',1283067005,144,NULL),(1518,0,'123.125.68.118',1283068167,145,NULL),(1519,0,'123.125.68.125',1283068379,103,NULL),(1520,0,'60.177.221.171',1283068450,154,NULL),(1521,0,'123.125.68.123',1283068592,31,NULL),(1522,0,'220.181.94.230',1283070569,153,NULL),(1524,0,'222.71.21.120',1283071338,154,NULL),(1526,0,'66.249.67.237',1283073308,155,NULL),(1528,0,'218.213.131.38',1283073629,61,NULL),(1529,0,'202.160.179.39',1283075370,133,NULL),(1530,0,'202.160.179.211',1283075373,136,NULL),(1532,0,'220.181.94.230',1283076958,51,NULL),(1534,0,'220.181.94.230',1283077174,48,NULL),(1536,0,'123.112.173.182',1283079547,100,NULL),(1537,0,'124.115.0.158',1283080472,69,NULL),(1540,0,'218.207.242.13',1283084619,145,NULL),(1542,0,'67.195.115.47',1283086062,151,NULL),(1544,0,'220.181.94.230',1283088635,94,NULL),(1545,0,'220.181.94.230',1283088750,86,NULL),(1548,157,'175.180.249.187',1283091471,154,NULL),(1549,0,'66.249.67.237',1283095528,156,NULL),(1550,0,'66.249.67.237',1283095741,61,NULL),(1554,0,'202.160.179.104',1283100428,132,NULL),(1555,0,'202.160.179.105',1283102150,155,NULL),(1556,0,'220.181.108.116',1283102530,156,NULL),(1557,0,'220.181.108.122',1283102532,155,NULL),(1558,0,'220.181.108.101',1283102540,154,NULL),(1559,0,'220.181.108.110',1283102542,153,NULL),(1560,0,'220.181.108.102',1283102544,157,NULL),(1561,0,'220.181.94.230',1283102998,155,NULL),(1562,0,'66.249.67.237',1283103096,157,NULL),(1563,0,'220.181.94.230',1283103647,154,NULL),(1564,0,'220.181.108.117',1283104868,42,NULL),(1565,0,'124.115.4.192',1283104997,69,NULL),(1566,0,'202.160.179.85',1283105073,156,NULL),(1568,0,'202.160.189.244',1283108269,151,NULL),(1569,0,'66.249.67.237',1283109116,74,NULL),(1571,0,'220.181.108.102',1283119250,153,NULL),(1572,0,'61.163.38.110',1283121154,149,NULL),(1573,0,'61.163.38.110',1283121180,157,NULL),(1575,0,'61.163.38.110',1283121656,154,NULL),(1578,0,'202.160.180.99',1283123040,64,NULL),(1579,0,'220.181.94.230',1283124279,156,NULL),(1580,0,'220.181.94.230',1283124300,157,NULL),(1582,0,'218.207.242.13',1283126586,137,NULL),(1583,0,'218.207.242.13',1283126878,109,NULL),(1584,0,'202.160.180.43',1283127188,129,NULL),(1585,0,'124.115.0.18',1283128594,69,NULL),(1586,0,'220.181.108.98',1283128716,76,NULL),(1587,0,'123.125.68.124',1283129975,144,NULL),(1589,0,'123.125.68.126',1283133741,31,NULL),(1590,0,'61.135.249.207',1283133847,150,NULL),(1591,0,'61.135.249.207',1283134117,149,NULL),(1592,0,'220.181.108.115',1283134127,154,NULL),(1593,0,'61.135.249.207',1283134387,151,NULL),(1595,0,'61.135.249.207',1283134927,76,NULL),(1596,0,'202.160.179.114',1283136803,138,NULL),(1599,0,'123.125.66.109',1283141087,100,NULL),(1600,0,'203.209.252.26',1283141248,134,NULL),(1601,0,'67.195.115.47',1283143511,59,NULL),(1603,0,'119.255.15.66',1283144741,61,NULL),(1604,0,'119.255.15.66',1283144920,154,NULL),(1605,0,'119.255.15.66',1283145084,157,NULL),(1606,0,'202.160.179.50',1283145416,130,NULL),(1607,0,'123.125.68.125',1283145456,147,NULL),(1608,0,'123.125.68.126',1283145724,148,NULL),(1610,0,'123.125.68.123',1283146702,146,NULL),(1613,0,'123.125.68.124',1283147623,95,NULL),(1616,0,'220.181.94.230',1283150902,141,NULL),(1617,0,'220.181.94.230',1283150965,84,NULL),(1618,0,'220.181.94.230',1283150998,87,NULL),(1619,0,'220.181.94.230',1283151129,73,NULL),(1620,0,'220.181.94.230',1283151227,97,NULL),(1621,0,'220.181.94.230',1283151461,65,NULL),(1622,0,'220.181.94.230',1283151482,57,NULL),(1624,0,'174.129.228.67',1283151931,132,NULL),(1627,0,'123.116.187.151',1283156043,53,NULL),(1629,0,'124.115.4.198',1283158121,33,NULL),(1630,0,'66.249.67.237',1283160210,158,NULL),(1631,0,'220.181.108.113',1283160423,158,NULL),(1632,0,'220.181.94.230',1283165211,101,NULL),(1633,0,'220.181.94.230',1283165221,100,NULL),(1634,0,'220.181.108.111',1283166558,76,NULL),(1636,0,'67.195.115.47',1283166883,153,NULL),(1637,0,'202.160.178.131',1283167680,78,NULL),(1639,0,'174.129.228.67',1283172269,61,NULL),(1641,0,'220.181.94.230',1283177322,158,NULL),(1642,0,'67.195.115.47',1283178733,154,NULL),(4787,19,'59.57.221.203',1291896587,324,''),(1646,0,'220.181.94.230',1283180470,143,NULL),(1647,0,'220.181.94.230',1283180481,144,NULL),(1648,0,'220.181.94.230',1283180718,61,NULL),(1649,0,'220.181.94.230',1283180752,37,NULL),(1650,0,'220.181.94.230',1283180809,59,NULL),(1653,0,'116.52.87.144',1283185434,158,NULL),(1654,0,'124.115.4.192',1283187055,69,NULL),(1656,0,'123.125.68.117',1283192757,61,NULL),(1657,0,'65.55.3.138',1283197103,158,NULL),(1658,0,'65.55.3.138',1283197104,157,NULL),(1659,0,'65.55.3.138',1283197105,156,NULL),(1660,0,'65.55.3.138',1283197106,155,NULL),(1661,0,'65.55.3.138',1283197107,154,NULL),(1662,0,'65.55.3.138',1283197109,153,NULL),(1664,0,'65.55.3.138',1283197111,151,NULL),(1665,0,'65.55.3.138',1283197112,150,NULL),(1666,0,'65.55.3.138',1283197115,40,NULL),(1667,0,'65.55.3.138',1283197122,134,NULL),(1669,0,'65.55.3.138',1283197126,149,NULL),(1676,0,'65.55.3.138',1283197163,61,NULL),(1677,0,'66.249.67.237',1283199592,52,NULL),(1678,0,'61.135.249.207',1283201637,156,NULL),(1679,0,'67.195.115.47',1283202122,63,NULL),(1682,159,'195.18.14.5',1283206331,154,NULL),(1683,0,'61.135.249.207',1283206455,154,NULL),(1684,0,'61.135.249.207',1283207520,153,NULL),(1685,0,'61.135.249.207',1283208585,155,NULL),(1687,0,'61.135.249.207',1283209650,157,NULL),(1688,0,'202.160.178.219',1283209718,139,NULL),(1689,0,'66.249.67.237',1283211227,159,NULL),(1690,0,'220.181.94.230',1283215026,142,NULL),(1691,0,'220.181.94.230',1283215313,104,NULL),(1692,0,'220.181.94.230',1283215360,41,NULL),(1693,0,'220.181.94.230',1283215394,56,NULL),(1694,0,'220.181.94.230',1283215427,60,NULL),(1695,0,'220.181.94.230',1283215472,58,NULL),(1696,0,'220.181.94.230',1283215483,32,NULL),(1702,0,'220.181.108.114',1283225395,97,NULL),(1703,0,'220.181.108.99',1283225398,159,NULL),(1704,0,'124.115.0.18',1283225931,69,NULL),(1708,0,'220.181.94.230',1283232517,40,NULL),(1710,0,'220.181.94.230',1283232650,55,NULL),(1711,0,'220.181.94.230',1283232662,146,NULL),(1712,0,'220.181.94.230',1283233002,121,NULL),(1714,0,'123.125.68.119',1283233105,61,NULL),(1716,0,'123.125.68.114',1283233312,42,NULL),(1717,0,'123.125.68.118',1283233662,149,NULL),(1719,0,'123.125.68.120',1283235099,103,NULL),(1720,0,'66.249.67.237',1283235622,160,NULL),(1721,0,'113.70.55.28',1283237777,160,NULL),(1723,0,'123.125.68.117',1283240877,55,NULL),(1724,0,'66.249.67.237',1283244923,65,NULL),(1725,0,'66.249.67.237',1283245700,68,NULL),(1728,0,'66.249.67.237',1283247281,102,NULL),(1729,0,'66.249.67.237',1283248055,86,NULL),(1731,0,'66.249.67.237',1283248858,99,NULL),(1732,0,'61.135.249.207',1283249548,55,NULL),(1733,0,'66.249.67.237',1283249643,95,NULL),(1734,0,'61.135.249.207',1283250031,74,NULL),(1735,0,'220.181.94.230',1283250204,123,NULL),(1736,0,'220.181.94.230',1283250215,122,NULL),(1737,0,'220.181.94.230',1283250246,125,NULL),(1738,0,'220.181.94.230',1283250432,145,NULL),(1739,0,'220.181.94.230',1283250502,147,NULL),(1740,0,'61.135.249.207',1283250525,62,NULL),(1741,0,'220.181.94.230',1283250547,127,NULL),(1742,0,'220.181.94.230',1283250568,126,NULL),(1743,0,'220.181.94.230',1283250590,128,NULL),(1744,0,'220.181.108.107',1283250606,160,NULL),(1745,0,'220.181.94.230',1283250747,42,NULL),(1746,0,'61.135.249.207',1283251012,64,NULL),(1747,0,'66.249.67.237',1283251212,71,NULL),(1748,0,'61.135.249.207',1283251495,73,NULL),(1750,0,'61.135.249.207',1283251978,71,NULL),(1751,0,'61.135.249.207',1283252467,56,NULL),(1752,0,'124.115.0.18',1283252808,69,NULL),(1753,0,'61.135.249.207',1283252954,158,NULL),(1759,0,'123.125.68.121',1283264351,150,NULL),(1760,0,'123.125.68.119',1283264682,143,NULL),(1761,0,'123.125.68.123',1283264821,142,NULL),(1762,0,'61.219.77.54',1283265047,149,NULL),(1763,0,'66.249.67.237',1283266214,161,NULL),(1765,0,'220.181.94.230',1283267848,159,NULL),(1766,0,'220.181.94.230',1283267857,160,NULL),(1768,0,'123.125.68.124',1283269443,146,NULL),(1770,0,'123.125.68.120',1283269962,148,NULL),(1771,0,'123.125.68.122',1283270187,147,NULL),(1772,0,'67.195.115.47',1283270505,155,NULL),(1773,0,'66.249.67.237',1283270767,162,NULL),(1777,0,'123.125.68.122',1283273917,134,NULL),(1778,0,'123.125.68.121',1283274549,95,NULL),(1779,0,'220.181.108.107',1283276499,101,NULL),(1780,0,'220.181.108.119',1283278037,161,NULL),(1781,0,'220.181.108.114',1283278042,162,NULL),(1782,0,'202.160.180.187',1283282761,159,NULL),(1784,0,'202.160.179.142',1283282907,161,NULL),(1785,0,'202.160.180.123',1283283462,162,NULL),(1786,0,'66.249.67.237',1283286213,47,NULL),(1788,0,'123.125.68.114',1283288352,145,NULL),(1789,0,'123.125.68.121',1283289299,144,NULL),(1790,0,'123.125.68.115',1283289827,158,NULL),(1791,0,'123.125.68.124',1283290012,155,NULL),(1792,0,'123.125.68.116',1283290172,153,NULL),(1793,0,'123.125.68.122',1283290335,132,NULL),(1794,0,'123.125.68.118',1283290489,109,NULL),(1795,0,'123.125.68.122',1283290637,137,NULL),(1797,0,'123.125.68.115',1283291190,31,NULL),(1798,0,'66.249.67.237',1283292412,97,NULL),(1799,0,'67.195.115.47',1283295372,156,NULL),(1800,0,'67.195.115.47',1283296089,157,NULL),(1802,0,'202.160.178.109',1283297290,142,NULL),(1803,0,'66.249.67.237',1283297963,69,NULL),(1805,0,'202.160.178.96',1283299299,144,NULL),(1806,0,'61.135.249.207',1283299803,159,NULL),(1807,0,'202.160.179.53',1283300139,40,NULL),(1808,0,'202.160.179.108',1283301112,141,NULL),(1810,0,'202.160.188.216',1283304440,157,NULL),(1811,0,'66.249.67.237',1283306499,61,NULL),(1812,0,'220.181.108.98',1283307113,90,NULL),(1813,0,'124.115.0.19',1283309545,69,NULL),(1814,0,'117.66.235.106',1283313145,138,NULL),(1815,0,'202.160.178.251',1283313961,63,NULL),(1818,0,'202.160.178.210',1283316119,143,NULL),(1821,0,'123.125.68.117',1283318222,160,NULL),(1822,0,'123.125.68.120',1283318487,157,NULL),(1823,0,'123.125.68.119',1283318763,134,NULL),(1825,0,'123.125.68.124',1283319271,121,NULL),(1826,0,'123.125.68.122',1283319494,154,NULL),(1827,0,'123.125.68.116',1283319725,47,NULL),(1828,0,'123.125.68.124',1283319944,159,NULL),(1831,0,'123.125.68.124',1283329534,156,NULL),(1832,0,'220.181.108.103',1283330977,79,NULL),(1834,0,'220.181.108.118',1283332683,163,NULL),(1835,0,'66.249.67.237',1283333120,63,NULL),(1836,0,'124.115.0.18',1283334479,69,NULL),(1838,0,'202.160.180.101',1283339278,160,NULL),(1840,0,'66.249.67.237',1283340700,163,NULL),(1841,0,'221.194.136.19',1283348120,126,NULL),(1842,0,'221.194.136.19',1283348128,125,NULL),(1844,0,'221.194.136.19',1283348144,123,NULL),(1845,0,'221.194.136.19',1283348152,122,NULL),(1846,0,'221.194.136.19',1283348163,121,NULL),(1847,0,'221.194.136.19',1283348168,120,NULL),(1848,0,'221.194.136.19',1283348175,119,NULL),(1849,0,'221.194.136.19',1283348196,118,NULL),(1852,0,'221.194.136.19',1283348279,113,NULL),(1857,0,'221.194.136.19',1283348489,61,NULL),(1860,0,'67.195.115.47',1283354665,47,NULL),(1861,0,'124.28.227.10',1283357785,163,NULL),(1862,0,'61.135.249.207',1283358599,160,NULL),(1863,0,'202.160.179.105',1283359095,145,NULL),(1864,0,'202.160.178.47',1283360804,147,NULL),(1865,0,'124.115.4.192',1283362028,69,NULL),(1866,0,'202.160.179.97',1283364150,163,NULL),(1868,0,'220.181.108.109',1283365531,75,NULL),(1869,0,'113.89.210.142',1283365722,163,NULL),(1871,0,'220.181.94.230',1283373724,38,NULL),(1872,0,'220.181.94.230',1283373801,34,NULL),(1873,0,'220.181.94.230',1283373830,31,NULL),(1874,0,'220.181.94.230',1283374007,71,NULL),(1875,0,'220.181.94.230',1283374120,68,NULL),(1876,0,'220.181.94.230',1283374185,129,NULL),(1877,0,'220.181.94.230',1283374278,69,NULL),(1878,0,'220.181.94.230',1283374329,102,NULL),(1879,0,'220.181.94.230',1283374359,105,NULL),(1880,0,'220.181.94.230',1283374375,107,NULL),(4894,472,'111.163.15.34',1298874985,66,''),(1882,0,'220.181.94.230',1283374471,70,NULL),(1884,0,'220.181.94.230',1283374496,67,NULL),(1885,0,'220.181.94.230',1283374510,106,NULL),(1886,0,'220.181.94.230',1283374524,108,NULL),(1887,0,'220.181.94.230',1283374584,161,NULL),(1893,0,'207.189.121.44',1283401695,158,NULL),(1894,0,'207.189.121.44',1283401811,153,NULL),(1896,0,'202.160.178.82',1283404496,121,NULL),(1900,0,'123.125.68.114',1283411285,135,NULL),(1901,0,'123.125.68.120',1283411289,135,NULL),(1902,0,'123.125.68.123',1283411293,135,NULL),(1905,0,'124.115.0.19',1283416583,69,NULL),(1907,0,'66.249.67.237',1283419920,164,NULL),(1908,0,'123.125.68.124',1283420016,163,NULL),(1909,0,'61.135.249.207',1283422513,161,NULL),(1911,0,'61.135.249.207',1283423312,162,NULL),(1912,0,'61.135.249.207',1283424111,163,NULL),(1915,0,'202.160.189.240',1283426919,153,NULL),(1918,0,'207.189.121.45',1283433559,162,NULL),(1919,0,'207.189.121.45',1283433564,161,NULL),(1921,0,'124.115.0.18',1283436017,69,NULL),(1922,0,'218.207.242.13',1283436111,134,NULL),(1924,0,'202.160.178.205',1283436971,95,NULL),(1926,0,'222.35.69.6',1283437030,164,NULL),(1928,0,'220.181.108.120',1283441181,83,NULL),(1929,0,'61.135.249.207',1283442703,148,NULL),(1931,0,'220.181.108.116',1283446056,38,NULL),(1933,0,'220.181.108.103',1283448910,164,NULL),(1934,0,'93.92.56.146',1283449562,164,NULL),(1936,0,'93.92.56.146',1283450130,134,NULL),(1937,0,'123.125.68.118',1283454687,164,NULL),(1938,0,'123.125.68.124',1283454730,164,NULL),(1939,0,'67.195.115.47',1283455637,164,NULL),(1940,0,'67.195.115.47',1283455656,159,NULL),(1941,0,'67.195.115.47',1283455668,165,NULL),(1942,0,'67.195.115.47',1283455685,158,NULL),(1944,0,'67.195.115.47',1283455763,162,NULL),(1945,0,'67.195.115.47',1283455795,134,NULL),(1946,0,'67.195.115.47',1283455817,161,NULL),(1947,0,'67.195.115.47',1283455832,145,NULL),(1948,0,'67.195.115.47',1283455887,163,NULL),(1951,0,'67.195.115.47',1283457541,160,NULL),(1952,0,'174.129.228.67',1283458726,100,NULL),(1953,0,'61.135.249.207',1283460291,59,NULL),(1954,0,'124.115.0.158',1283460381,69,NULL),(1955,0,'61.135.249.207',1283460841,77,NULL),(1956,0,'202.160.180.165',1283460954,164,NULL),(1957,0,'61.135.249.207',1283461389,31,NULL),(1958,0,'66.249.67.237',1283461931,165,NULL),(1959,0,'61.135.249.207',1283463033,79,NULL),(1960,0,'123.125.68.120',1283464596,138,NULL),(1962,0,'67.195.115.47',1283464770,147,NULL),(1963,0,'123.125.68.119',1283464866,165,NULL),(1964,0,'67.195.115.47',1283466651,142,NULL),(1965,0,'67.195.115.47',1283468629,144,NULL),(1966,0,'124.115.0.102',1283474384,33,NULL),(1967,0,'202.160.188.223',1283475938,154,NULL),(1969,0,'58.37.80.13',1283478949,162,NULL),(1970,0,'58.37.80.13',1283478957,161,NULL),(1971,0,'58.37.80.13',1283478961,160,NULL),(1974,0,'202.160.179.93',1283482885,148,NULL),(1976,0,'173.192.34.95',1283485584,165,NULL),(1977,0,'173.192.34.95',1283485584,164,NULL),(1978,0,'173.192.34.95',1283485584,163,NULL),(1979,0,'173.192.34.95',1283485584,162,NULL),(1980,0,'173.192.34.95',1283485584,161,NULL),(1981,0,'173.192.34.95',1283485584,160,NULL),(1982,0,'173.192.34.95',1283485584,159,NULL),(1983,0,'173.192.34.95',1283485585,158,NULL),(1984,0,'173.192.34.95',1283485585,157,NULL),(1987,0,'173.192.34.95',1283485586,134,NULL),(1993,0,'173.192.34.95',1283485591,61,NULL),(1996,0,'173.192.34.95',1283485593,130,NULL),(1997,0,'173.192.34.95',1283485593,131,NULL),(2000,0,'173.192.34.95',1283485593,78,NULL),(2001,0,'173.192.34.95',1283485593,149,NULL),(2002,0,'173.192.34.95',1283485594,103,NULL),(2003,0,'173.192.34.95',1283485594,156,NULL),(2004,0,'173.192.34.95',1283485595,114,NULL),(2006,0,'173.192.34.95',1283485595,137,NULL),(2007,0,'173.192.34.95',1283485597,95,NULL),(2009,0,'173.192.34.95',1283485600,107,NULL),(2010,0,'173.192.34.95',1283485600,109,NULL),(2011,0,'173.192.34.95',1283485600,113,NULL),(2012,0,'173.192.34.95',1283485601,63,NULL),(2013,0,'173.192.34.95',1283485601,121,NULL),(2014,0,'173.192.34.95',1283485602,47,NULL),(2015,0,'173.192.34.95',1283485607,40,NULL),(2016,0,'173.192.34.95',1283485608,141,NULL),(2017,0,'173.192.34.95',1283485610,73,NULL),(2018,0,'173.192.34.95',1283485613,138,NULL),(2019,0,'173.192.34.95',1283485618,139,NULL),(4720,0,'118.254.8.46',1286522686,152,''),(2021,0,'173.192.34.95',1283485620,68,NULL),(2022,0,'173.192.34.95',1283485622,146,NULL),(2023,0,'173.192.34.95',1283485622,51,NULL),(2024,0,'173.192.34.95',1283485623,154,NULL),(2025,0,'173.192.34.95',1283485623,153,NULL),(2026,0,'173.192.34.95',1283485623,147,NULL),(2027,0,'173.192.34.95',1283485625,136,NULL),(2028,0,'173.192.34.95',1283485625,135,NULL),(2029,0,'173.192.34.95',1283485625,133,NULL),(2030,0,'173.192.34.95',1283485626,132,NULL),(2031,0,'173.192.34.95',1283485631,128,NULL),(2032,0,'173.192.34.95',1283485632,125,NULL),(2033,0,'173.192.34.95',1283485632,123,NULL),(2034,0,'173.192.34.95',1283485632,122,NULL),(2035,0,'173.192.34.95',1283485635,32,NULL),(2036,0,'173.192.34.95',1283485635,31,NULL),(2037,0,'173.192.34.95',1283485636,101,NULL),(2038,0,'173.192.34.95',1283485636,90,NULL),(2039,0,'173.192.34.95',1283485636,88,NULL),(2040,0,'173.192.34.95',1283485637,80,NULL),(2041,0,'173.192.34.95',1283485637,69,NULL),(2042,0,'173.192.34.95',1283485638,59,NULL),(2043,0,'173.192.34.95',1283485638,34,NULL),(2044,0,'173.192.34.95',1283485638,33,NULL),(2045,0,'173.192.34.95',1283485640,119,NULL),(2046,0,'173.192.34.95',1283485640,117,NULL),(2047,0,'173.192.34.95',1283485640,115,NULL),(2048,0,'173.192.34.95',1283485641,82,NULL),(2049,0,'173.192.34.95',1283485642,41,NULL),(2050,0,'173.192.34.95',1283485642,42,NULL),(2051,0,'173.192.34.95',1283485642,38,NULL),(2052,0,'173.192.34.95',1283485642,37,NULL),(2053,0,'173.192.34.95',1283485643,76,NULL),(2054,0,'173.192.34.95',1283485644,75,NULL),(2055,0,'173.192.34.95',1283485644,74,NULL),(2056,0,'173.192.34.95',1283485645,112,NULL),(2057,0,'173.192.34.95',1283485646,111,NULL),(2058,0,'173.192.34.95',1283485647,100,NULL),(2059,0,'173.192.34.95',1283485647,97,NULL),(2060,0,'173.192.34.95',1283485647,92,NULL),(2061,0,'173.192.34.95',1283485648,79,NULL),(2062,0,'173.192.34.95',1283485649,77,NULL),(2063,0,'173.192.34.95',1283485649,71,NULL),(2064,0,'173.192.34.95',1283485650,64,NULL),(2065,0,'173.192.34.95',1283485651,62,NULL),(2066,0,'173.192.34.95',1283485651,56,NULL),(2067,0,'173.192.34.95',1283485651,55,NULL),(2068,0,'220.181.108.102',1283485695,165,NULL),(2071,0,'67.195.115.47',1283487391,136,NULL),(2072,0,'66.249.67.237',1283489964,47,NULL),(2073,0,'202.160.179.93',1283492236,108,NULL),(2074,0,'67.195.115.47',1283492380,146,NULL),(2077,0,'61.135.249.207',1283496330,164,NULL),(2080,0,'67.195.115.47',1283501978,143,NULL),(2081,0,'66.249.67.237',1283504143,63,NULL),(2082,0,'67.195.115.47',1283504636,166,NULL),(2084,0,'66.249.67.237',1283510102,166,NULL),(2085,0,'220.181.108.104',1283511169,166,NULL),(2086,0,'66.249.67.237',1283514251,120,NULL),(2087,0,'123.125.68.121',1283521600,139,NULL),(2089,0,'202.160.180.76',1283527627,114,NULL),(2090,0,'67.195.115.47',1283528789,150,NULL),(2091,0,'220.181.108.114',1283537884,112,NULL),(2092,0,'202.160.180.121',1283538186,150,NULL),(2093,0,'202.160.180.51',1283539799,166,NULL),(2095,0,'202.160.180.65',1283547696,109,NULL),(2097,0,'202.160.178.145',1283551447,61,NULL),(2099,0,'202.160.180.165',1283558033,47,NULL),(2100,0,'58.243.165.82',1283559184,154,NULL),(2101,0,'220.181.108.109',1283560012,58,NULL),(2104,0,'220.181.108.114',1283569655,32,NULL),(2105,0,'220.181.108.112',1283572831,78,NULL),(2106,0,'220.136.24.73',1283576965,33,NULL),(2107,0,'220.181.94.230',1283577108,162,NULL),(2108,0,'123.125.68.121',1283579410,166,NULL),(2110,0,'66.249.67.240',1283584629,40,NULL),(2111,0,'66.249.67.240',1283585581,51,NULL),(2112,0,'202.160.178.209',1283588539,131,NULL),(2113,0,'67.195.115.47',1283592272,148,NULL),(2114,0,'220.181.108.116',1283594948,55,NULL),(2115,0,'66.249.67.240',1283596073,119,NULL),(2116,0,'66.249.67.240',1283599887,121,NULL),(2120,0,'66.249.67.240',1283606574,33,NULL),(2122,0,'66.249.67.240',1283615153,42,NULL),(2123,0,'66.249.67.240',1283618033,62,NULL),(2124,0,'126.13.234.108',1283618060,165,NULL),(2126,0,'65.55.3.138',1283625906,167,NULL),(2127,0,'65.55.3.138',1283625907,166,NULL),(2128,0,'65.55.3.138',1283625909,165,NULL),(2129,0,'65.55.3.138',1283625910,164,NULL),(2130,0,'65.55.3.138',1283625911,163,NULL),(2131,0,'65.55.3.138',1283625912,162,NULL),(2132,0,'65.55.3.138',1283625913,161,NULL),(2133,0,'65.55.3.138',1283625915,160,NULL),(2134,0,'65.55.3.138',1283625916,159,NULL),(2140,0,'65.55.3.138',1283625951,134,NULL),(2143,0,'65.55.3.138',1283625963,61,NULL),(2146,0,'220.181.108.121',1283630106,111,NULL),(2148,0,'67.195.115.47',1283633407,167,NULL),(2149,0,'202.160.179.24',1283637097,167,NULL),(2151,0,'202.160.179.163',1283637655,168,NULL),(2152,0,'220.181.108.99',1283638158,33,NULL),(2154,0,'202.160.189.250',1283640923,158,NULL),(2155,0,'66.249.67.240',1283641359,168,NULL),(2156,0,'66.249.67.240',1283641628,167,NULL),(2157,0,'66.249.67.240',1283646173,61,NULL),(2158,0,'207.81.72.82',1283647235,168,NULL),(2160,0,'67.195.115.47',1283647799,168,NULL),(2164,0,'219.232.243.96',1283650997,136,NULL),(2165,0,'219.232.243.96',1283650998,40,NULL),(2167,0,'219.232.243.96',1283650999,138,NULL),(2168,0,'219.232.243.96',1283650999,143,NULL),(2169,0,'219.232.243.96',1283650999,139,NULL),(2170,0,'61.135.249.207',1283651232,166,NULL),(2172,0,'220.181.108.113',1283651880,168,NULL),(2173,0,'220.181.108.120',1283651888,167,NULL),(2174,0,'66.249.67.240',1283651955,47,NULL),(2175,0,'202.160.179.107',1283652765,103,NULL),(2176,0,'67.195.115.47',1283652765,61,NULL),(2177,0,'61.135.249.207',1283655230,165,NULL),(2179,0,'66.249.67.240',1283660619,63,NULL),(2181,0,'124.115.0.158',1283661908,69,NULL),(2182,0,'207.46.195.231',1283663106,101,NULL),(2183,0,'66.249.67.240',1283665440,109,NULL),(2184,0,'66.249.67.240',1283669284,120,NULL),(2192,0,'202.160.179.105',1283708931,155,NULL),(2193,0,'124.115.0.18',1283709793,69,NULL),(2198,0,'66.249.67.240',1283730195,121,NULL),(2199,0,'220.181.94.230',1283732154,75,NULL),(2202,0,'220.181.108.111',1283737366,92,NULL),(2203,0,'67.195.115.47',1283738180,75,NULL),(2204,0,'61.178.30.175',1283739122,168,NULL),(2205,0,'66.249.67.240',1283741588,116,NULL),(2207,0,'207.46.199.48',1283748923,78,NULL),(2208,0,'66.249.67.240',1283760579,71,NULL),(2209,0,'66.249.67.240',1283761527,33,NULL),(2210,0,'221.182.46.8',1283763589,166,NULL),(2211,0,'220.181.108.119',1283763702,88,NULL),(2212,0,'66.249.67.240',1283765326,74,NULL),(2213,0,'220.181.108.109',1283766287,107,NULL),(2214,0,'124.115.0.164',1283768460,90,NULL),(2215,0,'220.181.108.101',1283768588,80,NULL),(2217,0,'202.160.179.85',1283773671,156,NULL),(2218,0,'202.160.178.152',1283773996,73,NULL),(2219,0,'66.249.67.240',1283774828,42,NULL),(2221,0,'207.46.13.136',1283775712,95,NULL),(2222,0,'202.160.189.244',1283783460,151,NULL),(2223,0,'119.85.159.7',1283787676,167,NULL),(2224,0,'119.85.159.7',1283787688,168,NULL),(2225,0,'124.115.4.201',1283792062,52,NULL),(4842,380,'121.235.143.201',1294074773,362,''),(2227,0,'220.181.108.113',1283798204,116,NULL),(2228,0,'61.135.249.207',1283798803,167,NULL),(2229,0,'67.195.115.47',1283798881,34,NULL),(2230,0,'61.135.249.207',1283798968,168,NULL),(2231,0,'202.160.179.114',1283800617,138,NULL),(2232,0,'67.195.115.47',1283802630,149,NULL),(2234,0,'207.46.204.207',1283807974,97,NULL),(2235,0,'124.115.0.159',1283811855,99,NULL),(2236,0,'124.115.4.198',1283815187,117,NULL),(2237,0,'60.217.219.218',1283816649,168,NULL),(2238,0,'124.115.4.192',1283820114,69,NULL),(2241,0,'66.249.67.240',1283831699,61,NULL),(2242,0,'66.249.67.240',1283832928,47,NULL),(2247,0,'66.249.67.240',1283839082,40,NULL),(2249,0,'66.249.67.240',1283846469,121,NULL),(2251,0,'202.160.180.67',1283849253,113,NULL),(2252,0,'66.249.67.240',1283853543,169,NULL),(2254,0,'220.181.94.230',1283855922,163,NULL),(2257,0,'220.181.94.230',1283856386,164,NULL),(2258,0,'66.249.67.240',1283857480,109,NULL),(2259,0,'220.181.94.230',1283858069,165,NULL),(2260,0,'220.181.94.230',1283858193,167,NULL),(2261,0,'124.115.0.164',1283858701,90,NULL),(2262,0,'66.249.67.240',1283858714,51,NULL),(2263,0,'220.181.108.113',1283859740,109,NULL),(2264,0,'220.181.108.105',1283859752,169,NULL),(2265,0,'66.249.67.240',1283859945,63,NULL),(2266,0,'220.181.94.230',1283860193,166,NULL),(2267,0,'66.249.67.240',1283861185,119,NULL),(2268,0,'66.249.67.240',1283862414,120,NULL),(2269,0,'220.181.94.230',1283862435,168,NULL),(2271,0,'67.195.115.47',1283867748,95,NULL),(2272,0,'218.201.170.88',1283874778,165,NULL),(2274,0,'124.115.0.102',1283885393,90,NULL),(2275,0,'220.181.94.230',1283886659,169,NULL),(2279,0,'202.160.180.187',1283888975,159,NULL),(2280,0,'202.160.180.123',1283889665,162,NULL),(2281,0,'202.160.179.142',1283889750,161,NULL),(2282,0,'65.55.3.138',1283890634,169,NULL),(2283,0,'65.55.3.138',1283890636,168,NULL),(2284,0,'65.55.3.138',1283890637,167,NULL),(2285,0,'65.55.3.138',1283890638,166,NULL),(2286,0,'65.55.3.138',1283890640,165,NULL),(2287,0,'65.55.3.138',1283890641,164,NULL),(2288,0,'65.55.3.138',1283890642,163,NULL),(2289,0,'65.55.3.138',1283890643,162,NULL),(2290,0,'65.55.3.138',1283890645,161,NULL),(2297,0,'65.55.3.138',1283890682,134,NULL),(2300,0,'65.55.3.138',1283890694,61,NULL),(2303,0,'67.195.115.47',1283899638,169,NULL),(2305,0,'67.195.115.47',1283900970,157,NULL),(2312,0,'220.181.108.100',1283930401,170,NULL),(2315,0,'220.181.108.112',1283934230,109,NULL),(2317,0,'220.181.94.230',1283940346,98,NULL),(2318,0,'220.181.94.230',1283940357,103,NULL),(2319,0,'66.249.67.240',1283940689,170,NULL),(2321,0,'124.115.0.159',1283942776,167,NULL),(2322,0,'124.115.0.138',1283944061,123,NULL),(2323,0,'124.115.0.19',1283944247,170,NULL),(2324,0,'124.115.0.166',1283945443,165,NULL),(2325,0,'124.115.0.166',1283945966,150,NULL),(2326,0,'202.160.180.101',1283946048,160,NULL),(2327,0,'66.249.67.240',1283946714,121,NULL),(2329,0,'124.115.0.27',1283950985,168,NULL),(2330,0,'124.115.0.19',1283952000,139,NULL),(2331,0,'124.115.0.141',1283952423,163,NULL),(2332,0,'124.115.0.102',1283952655,133,NULL),(2333,0,'124.115.0.19',1283952844,121,NULL),(2334,0,'124.115.4.192',1283953079,69,NULL),(2335,0,'124.115.0.26',1283953682,157,NULL),(2336,0,'124.115.4.198',1283953946,33,NULL),(2338,0,'220.181.94.230',1283956638,170,NULL),(2339,0,'220.181.94.230',1283956669,99,NULL),(2340,0,'220.181.94.230',1283956680,130,NULL),(2341,0,'66.249.67.240',1283957387,116,NULL),(2344,0,'124.115.4.193',1283961172,167,NULL),(2346,0,'124.115.0.19',1283964488,69,NULL),(2349,0,'111.194.25.208',1283966064,166,NULL),(2350,0,'111.194.25.208',1283966067,162,NULL),(2351,0,'61.135.249.207',1283969169,148,NULL),(2352,0,'61.135.249.207',1283969833,59,NULL),(2353,0,'124.115.0.100',1283969991,147,NULL),(2354,0,'61.135.249.207',1283970498,77,NULL),(2355,0,'202.160.179.97',1283970784,163,NULL),(2359,0,'95.108.151.244',1283971003,161,NULL),(2360,0,'95.108.151.244',1283971006,149,NULL),(2361,0,'95.108.151.244',1283971013,160,NULL),(2362,0,'61.135.249.207',1283971163,31,NULL),(2363,0,'124.115.0.101',1283971614,90,NULL),(2364,0,'202.160.178.36',1283971755,170,NULL),(2365,0,'61.135.249.207',1283971828,164,NULL),(2366,0,'124.115.0.156',1283972009,161,NULL),(2367,0,'61.135.249.207',1283972689,79,NULL),(2369,0,'124.115.0.28',1283975586,155,NULL),(2370,0,'124.115.0.20',1283976105,126,NULL),(2371,0,'124.115.0.159',1283977918,136,NULL),(2372,0,'124.115.0.141',1283978339,158,NULL),(2373,0,'124.115.4.195',1283978549,88,NULL),(2375,0,'123.125.68.121',1283982948,169,NULL),(2378,0,'124.115.0.100',1283985469,127,NULL),(2379,0,'124.115.0.27',1283985871,135,NULL),(2380,0,'124.115.0.168',1283986501,132,NULL),(2381,0,'124.115.0.26',1283987158,145,NULL),(2382,0,'124.115.4.190',1283987338,51,NULL),(2383,0,'124.115.4.202',1283988013,128,NULL),(4892,469,'180.111.182.178',1298737037,468,''),(2385,0,'124.115.0.157',1283988590,143,NULL),(2388,0,'66.249.67.240',1283989260,40,NULL),(2389,0,'124.115.0.100',1283989388,160,NULL),(2390,0,'124.115.0.167',1283989659,149,NULL),(2391,0,'124.115.0.169',1283989862,34,NULL),(2392,0,'202.160.179.83',1283989910,149,NULL),(2393,0,'124.115.0.20',1283990034,51,NULL),(2394,0,'124.115.0.167',1283990244,159,NULL),(2396,0,'124.115.4.196',1283990643,71,NULL),(2397,0,'124.115.0.26',1283990846,134,NULL),(2398,0,'124.115.0.19',1283991050,146,NULL),(2399,0,'124.115.4.196',1283991254,47,NULL),(2400,0,'124.115.4.203',1283991873,154,NULL),(2401,0,'124.115.0.108',1283992081,137,NULL),(2402,0,'124.115.0.167',1283992287,144,NULL),(2403,0,'124.115.0.16',1283992686,151,NULL),(2404,0,'220.181.94.230',1283992787,109,NULL),(2405,0,'124.115.4.198',1283993070,153,NULL),(2406,0,'124.115.0.166',1283993461,162,NULL),(2407,0,'124.115.4.190',1283993851,141,NULL),(2408,0,'124.115.0.167',1283994044,110,NULL),(2409,0,'124.115.4.197',1283994293,122,NULL),(2410,0,'124.115.0.169',1283994434,100,NULL),(2411,0,'124.115.0.111',1283994853,120,NULL),(2413,0,'124.115.0.164',1283995865,90,NULL),(2414,0,'124.115.0.28',1283996063,156,NULL),(2416,0,'124.115.0.21',1283999130,138,NULL),(2418,0,'183.5.9.162',1284001473,168,NULL),(2419,0,'124.115.0.19',1284003188,119,NULL),(2420,0,'124.115.0.25',1284003898,88,NULL),(2421,0,'124.115.0.111',1284005338,32,NULL),(2424,0,'124.115.4.193',1284009491,73,NULL),(2425,0,'124.115.0.19',1284009883,69,NULL),(2427,0,'202.160.179.109',1284010590,169,NULL),(2430,0,'124.115.4.196',1284013602,76,NULL),(2431,0,'124.115.4.198',1284015165,38,NULL),(2432,0,'124.115.0.26',1284015371,77,NULL),(2433,0,'124.115.0.26',1284016080,47,NULL),(2435,0,'124.115.0.25',1284017499,80,NULL),(2436,0,'67.195.115.47',1284019020,32,NULL),(2437,0,'124.115.0.167',1284019892,61,NULL),(2439,0,'124.115.0.18',1284020294,48,NULL),(2440,0,'124.115.0.167',1284020898,83,NULL),(2442,0,'203.209.252.26',1284021912,134,NULL),(2443,0,'202.160.178.47',1284022527,147,NULL),(2445,0,'124.115.0.24',1284026755,88,NULL),(2446,0,'124.115.0.109',1284028733,111,NULL),(2448,0,'124.115.0.101',1284029121,39,NULL),(2449,0,'124.115.0.169',1284029314,40,NULL),(2450,0,'66.249.67.240',1284031357,61,NULL),(2451,0,'124.115.0.105',1284031601,61,NULL),(2453,0,'124.115.0.15',1284035485,92,NULL),(2455,0,'124.115.0.19',1284036473,31,NULL),(2456,0,'66.249.67.240',1284036484,47,NULL),(2457,0,'124.115.4.202',1284037058,95,NULL),(2459,0,'220.181.108.106',1284037830,170,NULL),(2460,0,'124.115.0.142',1284038277,101,NULL),(2462,0,'124.115.4.198',1284043262,90,NULL),(2464,0,'125.39.155.82',1284047478,160,NULL),(2465,0,'125.39.155.87',1284047500,170,NULL),(2466,0,'125.39.155.86',1284047509,170,NULL),(2467,0,'66.249.67.240',1284047675,121,NULL),(2468,0,'67.195.115.47',1284048208,170,NULL),(2470,0,'124.115.0.165',1284049138,107,NULL),(2471,0,'124.115.0.161',1284050832,88,NULL),(2472,0,'203.209.252.11',1284055174,165,NULL),(2473,0,'220.181.94.230',1284055687,132,NULL),(2476,0,'124.115.0.142',1284059081,114,NULL),(2478,0,'67.195.115.47',1284060543,165,NULL),(2479,0,'67.195.115.47',1284060561,164,NULL),(2480,0,'67.195.115.47',1284060595,159,NULL),(2481,0,'67.195.115.47',1284060618,158,NULL),(2482,0,'67.195.115.47',1284060678,134,NULL),(2483,0,'67.195.115.47',1284060804,161,NULL),(2484,0,'67.195.115.47',1284061040,163,NULL),(2487,0,'67.195.115.47',1284061685,162,NULL),(2488,0,'124.115.0.100',1284064757,102,NULL),(2489,0,'124.115.0.14',1284068310,55,NULL),(2490,0,'202.160.188.216',1284068521,157,NULL),(2491,0,'202.160.180.165',1284069488,164,NULL),(2492,0,'124.115.4.205',1284072600,112,NULL),(2493,0,'124.115.0.101',1284078230,97,NULL),(2494,0,'61.135.249.207',1284080577,170,NULL),(2495,0,'124.115.0.163',1284081554,160,NULL),(2496,0,'221.194.136.19',1284085145,157,NULL),(2497,0,'221.194.136.19',1284085162,156,NULL),(2499,0,'221.194.136.19',1284085225,155,NULL),(2500,0,'221.194.136.19',1284085237,154,NULL),(2501,0,'221.194.136.19',1284085245,153,NULL),(4722,0,'110.80.15.106',1286597178,89,''),(2503,0,'221.194.136.19',1284085308,151,NULL),(2504,0,'221.194.136.19',1284085311,150,NULL),(2505,0,'221.194.136.19',1284085322,149,NULL),(2506,0,'221.194.136.19',1284085329,40,NULL),(2507,0,'221.194.136.19',1284085405,134,NULL),(2508,0,'221.194.136.19',1284085456,147,NULL),(2511,0,'124.115.4.190',1284088327,161,NULL),(2512,0,'124.115.0.161',1284088554,80,NULL),(2513,0,'124.115.4.193',1284089188,115,NULL),(2514,0,'220.181.108.114',1284091561,61,NULL),(2515,0,'124.115.0.111',1284091786,108,NULL),(2516,0,'124.115.0.141',1284092950,113,NULL),(2517,0,'124.115.0.165',1284094710,98,NULL),(2518,0,'124.115.0.168',1284096082,64,NULL),(2519,0,'124.115.0.165',1284096273,37,NULL),(2520,0,'124.115.0.160',1284097247,63,NULL),(2521,0,'124.115.0.18',1284097840,69,NULL),(2522,0,'124.115.0.100',1284099226,155,NULL),(2523,0,'124.115.0.108',1284100021,131,NULL),(4795,330,'175.106.168.182',1292393432,335,''),(2528,0,'67.195.115.47',1284109549,166,NULL),(2529,0,'124.115.4.195',1284113420,88,NULL),(2530,0,'124.115.0.104',1284115369,37,NULL),(2531,0,'202.160.178.82',1284115887,121,NULL),(2533,0,'66.249.67.240',1284122749,40,NULL),(2535,0,'124.115.0.103',1284124322,59,NULL),(2536,0,'124.115.4.196',1284124527,77,NULL),(2537,0,'124.115.4.196',1284127028,76,NULL),(2539,0,'117.24.220.4',1284127533,170,NULL),(2540,0,'117.24.220.4',1284127547,162,NULL),(2541,0,'124.115.0.26',1284128102,57,NULL),(2543,0,'124.115.0.20',1284131228,38,NULL),(2545,0,'124.115.0.111',1284132676,56,NULL),(2547,0,'124.115.4.196',1284133921,40,NULL),(2548,0,'202.160.179.93',1284136156,148,NULL),(2549,0,'124.115.0.108',1284136281,53,NULL),(2550,0,'124.115.0.101',1284136470,90,NULL),(2551,0,'124.115.0.159',1284137257,138,NULL),(2553,0,'124.115.4.197',1284139040,127,NULL),(2554,0,'124.115.0.110',1284141496,53,NULL),(2555,0,'123.125.68.120',1284142152,31,NULL),(2557,0,'202.160.188.223',1284143840,154,NULL),(2558,0,'202.160.180.121',1284146276,150,NULL),(2560,0,'124.115.0.166',1284148790,162,NULL),(2562,0,'124.115.0.14',1284151556,92,NULL),(2563,0,'124.115.4.202',1284152406,128,NULL),(4917,504,'119.179.66.206',1301028774,334,''),(2567,0,'202.160.178.145',1284157472,61,NULL),(2568,0,'124.115.0.171',1284159000,158,NULL),(2569,0,'124.115.0.27',1284159560,47,NULL),(2570,0,'124.115.4.195',1284160339,88,NULL),(2573,0,'124.115.0.100',1284168670,156,NULL),(2574,0,'61.178.88.159',1284169067,164,NULL),(2575,0,'202.160.180.51',1284170886,166,NULL),(2576,0,'124.115.0.110',1284170950,166,NULL),(2577,0,'124.115.0.17',1284171254,151,NULL),(2578,0,'66.249.67.240',1284171393,121,NULL),(2582,0,'124.115.0.103',1284181030,98,NULL),(2584,0,'202.160.180.76',1284183039,114,NULL),(2585,0,'124.115.0.24',1284184032,88,NULL),(2586,0,'66.249.67.240',1284184674,51,NULL),(2587,0,'124.115.0.107',1284185899,137,NULL),(2588,0,'220.181.108.110',1284188882,65,NULL),(2589,0,'66.249.67.240',1284189104,63,NULL),(2593,0,'124.115.0.141',1284203663,112,NULL),(2594,0,'220.181.108.113',1284211340,170,NULL),(2597,0,'207.189.121.44',1284217374,165,NULL),(2599,0,'207.189.121.44',1284217415,167,NULL),(2601,0,'124.115.0.108',1284222991,83,NULL),(2602,0,'207.189.121.46',1284224118,160,NULL),(2603,0,'202.160.180.65',1284224953,109,NULL),(2605,0,'220.181.94.230',1284227328,131,NULL),(2606,0,'124.115.0.19',1284232591,69,NULL),(2608,0,'124.115.0.25',1284233145,88,NULL),(2610,0,'67.195.115.47',1284238304,167,NULL),(2615,0,'202.160.179.24',1284242959,167,NULL),(2616,0,'202.160.179.163',1284243559,168,NULL),(2617,0,'78.191.110.169',1284246793,166,NULL),(2618,0,'78.191.110.169',1284246854,121,NULL),(2622,0,'67.195.115.47',1284251436,137,NULL),(2623,0,'67.195.115.47',1284252688,168,NULL),(2627,0,'67.195.115.47',1284257658,61,NULL),(2628,0,'124.115.0.162',1284258299,164,NULL),(2629,0,'220.181.108.114',1284259622,129,NULL),(2631,0,'66.249.67.240',1284265960,40,NULL),(2632,0,'124.115.0.102',1284266860,90,NULL),(2633,0,'222.246.101.45',1284267943,68,NULL),(2634,0,'66.249.67.240',1284269173,47,NULL),(2637,0,'66.249.67.240',1284272376,121,NULL),(4856,380,'114.224.191.186',1294659458,362,''),(4817,196,'123.150.182.134',1293337418,350,''),(2641,0,'124.115.0.142',1284279481,169,NULL),(2643,0,'202.160.178.209',1284285955,131,NULL),(2644,0,'67.195.115.47',1284287964,55,NULL),(2645,0,'66.249.67.240',1284291636,120,NULL),(2646,0,'220.181.108.116',1284293287,61,NULL),(2647,0,'124.115.0.14',1284295322,130,NULL),(2650,0,'67.195.115.47',1284298860,107,NULL),(2652,0,'124.115.0.169',1284299691,56,NULL),(2656,0,'67.195.115.47',1284304139,160,NULL),(4895,472,'111.163.15.34',1298875003,196,''),(2660,0,'95.108.151.244',1284311959,161,NULL),(2661,0,'95.108.151.244',1284311965,161,NULL),(2662,0,'95.108.151.244',1284311966,160,NULL),(2663,0,'95.108.151.244',1284311968,149,NULL),(2664,0,'95.108.151.244',1284311971,160,NULL),(2665,0,'95.108.151.244',1284311974,149,NULL),(2666,0,'124.115.0.164',1284315831,33,NULL),(2669,0,'124.115.4.195',1284322560,88,NULL),(2671,0,'65.55.3.138',1284326955,170,NULL),(2672,0,'65.55.3.138',1284326956,169,NULL),(2673,0,'65.55.3.138',1284326957,168,NULL),(2674,0,'65.55.3.138',1284326959,167,NULL),(2675,0,'65.55.3.138',1284326960,166,NULL),(2676,0,'65.55.3.138',1284326961,165,NULL),(2677,0,'65.55.3.138',1284326962,164,NULL),(2678,0,'65.55.3.138',1284326963,163,NULL),(2679,0,'65.55.3.138',1284326965,162,NULL),(2682,0,'65.55.3.138',1284326977,160,NULL),(2688,0,'65.55.3.138',1284327013,61,NULL),(2690,0,'220.181.108.120',1284334886,125,NULL),(2692,0,'220.181.94.230',1284335724,76,NULL),(2694,0,'66.249.67.240',1284343756,132,NULL),(2695,0,'66.249.67.240',1284345088,128,NULL),(2698,0,'66.249.67.240',1284349085,126,NULL),(2700,0,'116.204.98.151',1284352546,162,NULL),(2701,0,'67.195.115.47',1284354560,108,NULL),(2702,0,'66.249.67.240',1284355746,129,NULL),(2703,0,'123.125.68.118',1284356329,168,NULL),(2707,0,'124.115.0.171',1284364432,112,NULL),(2711,0,'66.249.67.240',1284373077,127,NULL),(2715,0,'220.181.108.120',1284384159,118,NULL),(2716,0,'202.160.178.251',1284385891,63,NULL),(2718,0,'67.195.115.47',1284388590,56,NULL),(2721,0,'124.115.0.162',1284392386,164,NULL),(2724,0,'67.195.115.47',1284398414,109,NULL),(2725,0,'124.115.0.102',1284403093,33,NULL),(2726,0,'124.115.0.101',1284403395,90,NULL),(2727,0,'220.181.94.230',1284404340,148,NULL),(2729,0,'124.115.0.141',1284413721,169,NULL),(2730,0,'123.125.68.118',1284414381,161,NULL),(2731,0,'220.181.108.110',1284419244,114,NULL),(2732,0,'61.135.249.207',1284420549,164,NULL),(2733,0,'61.135.249.207',1284420948,148,NULL),(2734,0,'61.135.249.207',1284421347,59,NULL),(2735,0,'61.135.249.207',1284421746,77,NULL),(2736,0,'61.135.249.207',1284422145,31,NULL),(2737,0,'61.135.249.207',1284422544,79,NULL),(2738,0,'220.181.108.106',1284425275,115,NULL),(2739,0,'124.115.0.156',1284428757,130,NULL),(2744,0,'124.115.4.192',1284451465,69,NULL),(2745,0,'66.249.65.22',1284453712,131,NULL),(2746,0,'66.249.65.49',1284455108,130,NULL),(2748,0,'123.125.68.115',1284467006,160,NULL),(2749,0,'124.115.0.161',1284467783,88,NULL),(2751,0,'220.181.108.117',1284475901,59,NULL),(2752,0,'125.93.240.252',1284477042,170,NULL),(2755,0,'202.160.179.91',1284487734,68,NULL),(2757,0,'124.115.0.19',1284488549,69,NULL),(2761,0,'77.88.27.26',1284493158,61,NULL),(2762,0,'124.115.4.192',1284493347,148,NULL),(2763,0,'202.160.179.142',1284495979,161,NULL),(2764,0,'124.115.4.192',1284497807,125,NULL),(2766,0,'124.115.0.108',1284498168,129,NULL),(2767,0,'202.160.180.123',1284500459,162,NULL),(2768,0,'203.209.252.24',1284520591,119,NULL),(2772,0,'66.249.67.240',1284525527,132,NULL),(2773,0,'202.160.179.50',1284528941,130,NULL),(2774,0,'220.181.108.123',1284529741,59,NULL),(2776,0,'220.181.108.121',1284534487,65,NULL),(2777,0,'124.115.0.102',1284534526,33,NULL),(2779,0,'220.181.94.230',1284536086,74,NULL),(2783,0,'61.135.249.207',1284543653,170,NULL),(2785,0,'124.115.0.142',1284545804,172,NULL),(2786,0,'202.160.178.131',1284548294,78,NULL),(2788,0,'124.115.0.161',1284551014,88,NULL),(2789,0,'202.160.189.240',1284551070,153,NULL),(2790,0,'218.20.3.45',1284558442,51,NULL),(2791,0,'202.160.180.101',1284561360,160,NULL),(2793,0,'220.181.108.100',1284564792,114,NULL),(2795,0,'220.181.108.117',1284564838,172,NULL),(2796,0,'67.195.115.47',1284570688,172,NULL),(2797,0,'202.160.179.107',1284572154,103,NULL),(2798,0,'66.249.67.240',1284572498,172,NULL),(2799,0,'67.195.115.47',1284573683,169,NULL),(2801,0,'220.181.94.230',1284573801,172,NULL),(2805,0,'202.160.179.97',1284576890,163,NULL),(2806,0,'202.160.179.101',1284578184,172,NULL),(2807,0,'220.181.94.230',1284578408,133,NULL),(2808,0,'220.181.94.230',1284580416,149,NULL),(2809,0,'220.181.94.230',1284581324,114,NULL),(2811,0,'220.181.94.230',1284586495,110,NULL),(2813,0,'220.181.94.230',1284588077,115,NULL),(2814,0,'220.181.94.230',1284589208,111,NULL),(2816,0,'220.181.94.230',1284594152,116,NULL),(2817,0,'220.181.94.230',1284596084,77,NULL),(2819,0,'202.160.178.36',1284597278,170,NULL),(2820,0,'72.11.87.42',1284597774,166,NULL),(2822,0,'123.125.68.124',1284598521,131,NULL),(2823,0,'220.181.94.230',1284599730,112,NULL),(2828,0,'221.194.136.19',1284599832,61,NULL),(2832,0,'221.194.136.19',1284599876,130,NULL),(2833,0,'221.194.136.19',1284599885,131,NULL),(4799,19,'59.57.225.97',1292482640,259,''),(2835,0,'221.194.136.19',1284599914,78,NULL),(2837,0,'221.194.136.19',1284599932,163,NULL),(2839,0,'221.194.136.19',1284599962,162,NULL),(2840,0,'221.194.136.19',1284599982,161,NULL),(2841,0,'221.194.136.19',1284599993,160,NULL),(2842,0,'221.194.136.19',1284599999,159,NULL),(2843,0,'221.194.136.19',1284600008,158,NULL),(2844,0,'221.194.136.19',1284600057,139,NULL),(4920,394,'220.168.21.27',1301412311,81,'ADSL'),(2846,0,'221.194.136.19',1284600314,109,NULL),(2847,0,'221.194.136.19',1284600330,113,NULL),(2848,0,'221.194.136.19',1284600474,95,NULL),(4916,504,'119.179.66.206',1301028753,124,''),(2850,0,'221.194.136.19',1284600811,107,NULL),(2851,0,'221.194.136.19',1284600832,103,NULL),(2852,0,'221.194.136.19',1284600870,63,NULL),(2853,0,'221.194.136.19',1284600911,114,NULL),(2854,0,'221.194.136.19',1284600946,121,NULL),(2855,0,'221.194.136.19',1284600973,47,NULL),(2856,0,'221.194.136.19',1284601001,126,NULL),(2857,0,'221.194.136.19',1284601030,125,NULL),(2858,0,'221.194.136.19',1284601077,123,NULL),(2859,0,'221.194.136.19',1284601113,122,NULL),(2860,0,'221.194.136.19',1284601146,120,NULL),(2861,0,'221.194.136.19',1284601171,119,NULL),(2862,0,'221.194.136.19',1284601221,118,NULL),(2863,0,'221.194.136.19',1284601316,138,NULL),(2864,0,'221.194.136.19',1284601738,141,NULL),(2866,0,'123.145.138.162',1284608010,167,NULL),(2867,0,'123.145.138.162',1284608017,164,NULL),(2871,0,'220.181.94.230',1284611966,150,NULL),(2872,0,'61.142.209.146',1284612911,172,NULL),(2873,0,'220.181.94.230',1284613332,134,NULL),(2874,0,'202.160.180.165',1284614604,47,NULL),(2875,0,'77.88.27.26',1284615311,163,NULL),(2876,0,'220.181.94.230',1284616156,173,NULL),(2877,0,'220.181.94.230',1284616643,113,NULL),(2878,0,'220.181.94.230',1284618047,151,NULL),(2879,0,'202.160.179.109',1284618373,169,NULL),(2881,0,'124.115.0.101',1284621984,90,NULL),(2882,0,'220.181.94.230',1284623807,117,NULL),(2884,0,'124.115.4.192',1284627609,148,NULL),(2886,0,'124.115.0.28',1284631071,174,NULL),(4756,278,'222.130.223.136',1290280256,89,''),(2888,0,'124.115.0.138',1284634613,173,NULL),(2889,0,'202.160.179.108',1284635795,141,NULL),(2890,0,'66.249.67.240',1284637135,173,NULL),(2891,0,'66.249.67.240',1284637801,174,NULL),(2892,0,'124.115.4.195',1284639371,88,NULL),(2893,0,'220.181.94.230',1284639574,136,NULL),(2894,0,'220.181.108.122',1284640798,174,NULL),(2895,0,'220.181.108.110',1284640800,173,NULL),(2896,0,'220.181.94.230',1284640901,174,NULL),(2897,0,'65.55.3.134',1284641088,174,NULL),(2898,0,'65.55.3.134',1284641089,173,NULL),(2899,0,'65.55.3.134',1284641090,172,NULL),(2901,0,'65.55.3.134',1284641092,170,NULL),(2902,0,'65.55.3.134',1284641094,169,NULL),(2903,0,'65.55.3.134',1284641095,168,NULL),(2904,0,'65.55.3.134',1284641096,167,NULL),(2905,0,'65.55.3.134',1284641097,166,NULL),(2913,0,'65.55.3.134',1284641143,61,NULL),(2916,0,'67.195.115.47',1284648141,175,NULL),(2917,0,'67.195.115.47',1284648177,173,NULL),(2918,0,'124.115.0.169',1284649163,175,NULL),(2919,0,'220.181.94.230',1284651381,138,NULL),(2920,0,'67.195.115.47',1284651764,174,NULL),(2921,0,'66.249.67.240',1284651947,175,NULL),(2922,0,'67.195.115.47',1284653093,170,NULL),(4940,462,'58.33.89.38',1303740161,81,'ADSL'),(2930,0,'212.117.175.52',1284655389,61,NULL),(2934,0,'220.181.108.110',1284656468,175,NULL),(2936,0,'207.189.121.45',1284659574,169,NULL),(4815,353,'123.147.201.106',1293244550,196,''),(2939,0,'220.181.94.230',1284660599,175,NULL),(2941,0,'220.181.94.230',1284662628,118,NULL),(2943,0,'67.195.115.47',1284665431,165,NULL),(2944,0,'67.195.115.47',1284665584,134,NULL),(2945,0,'67.195.115.47',1284665923,163,NULL),(2948,0,'202.160.180.150',1284667099,173,NULL),(2949,0,'220.181.94.230',1284670191,152,NULL),(2950,0,'220.181.94.230',1284671675,119,NULL),(2951,0,'202.160.180.165',1284677138,164,NULL),(2952,0,'202.160.179.156',1284678230,175,NULL),(2953,0,'203.209.252.11',1284680181,165,NULL),(2954,0,'67.195.115.47',1284684732,164,NULL),(2955,0,'202.160.178.212',1284685041,174,NULL),(2956,0,'124.115.0.21',1284685238,142,NULL),(2957,0,'124.115.4.195',1284685427,88,NULL),(2961,0,'66.249.67.240',1284696359,139,NULL),(2962,0,'220.181.108.108',1284703104,172,NULL),(2968,0,'220.181.108.120',1284713894,122,NULL),(2971,0,'123.125.68.122',1284715985,31,NULL),(2972,0,'220.181.94.230',1284716314,90,NULL),(2973,0,'220.181.108.110',1284717647,119,NULL),(2974,0,'220.181.94.230',1284727094,79,NULL),(4868,82,'222.221.168.221',1295034863,140,''),(2979,0,'67.195.115.47',1284740002,166,NULL),(2980,0,'183.5.51.65',1284741191,174,NULL),(2983,0,'220.181.108.99',1284744818,177,NULL),(2984,0,'219.232.243.96',1284745673,166,NULL),(2985,0,'219.232.243.96',1284745673,152,NULL),(2986,0,'124.115.0.111',1284746092,177,NULL),(2987,0,'220.181.94.230',1284746425,82,NULL),(2989,0,'124.115.0.101',1284753942,90,NULL),(2991,0,'67.195.115.47',1284755075,162,NULL),(2992,0,'67.195.115.47',1284755210,177,NULL),(2993,0,'124.115.0.164',1284755562,33,NULL),(2996,0,'123.125.68.121',1284759665,151,NULL),(2997,0,'220.181.94.230',1284760387,177,NULL),(2998,0,'123.125.68.115',1284760598,174,NULL),(2999,0,'202.160.178.145',1284764383,61,NULL),(3003,0,'124.115.4.195',1284773928,88,NULL),(3006,0,'202.160.180.51',1284778983,166,NULL),(3008,0,'124.115.0.101',1284780878,33,NULL),(3009,0,'124.115.0.164',1284781458,90,NULL),(3012,0,'66.249.67.240',1284784010,177,NULL),(3013,0,'202.160.179.34',1284784898,177,NULL),(3016,0,'202.160.180.76',1284790110,114,NULL),(3017,0,'220.181.94.230',1284794156,80,NULL),(3018,0,'124.115.4.192',1284798553,69,NULL),(3020,0,'221.201.66.179',1284803416,168,NULL),(3021,0,'220.181.108.106',1284814212,129,NULL),(3022,0,'124.115.0.24',1284819857,88,NULL),(3024,0,'220.181.94.230',1284830218,96,NULL),(3025,0,'67.195.115.47',1284831021,49,NULL),(3026,0,'67.195.115.47',1284831250,63,NULL),(3027,0,'202.160.180.67',1284833477,113,NULL),(3028,0,'220.181.94.230',1284837678,135,NULL),(3029,0,'220.181.94.230',1284837730,139,NULL),(3030,0,'67.195.115.47',1284838092,121,NULL),(3031,0,'220.181.94.230',1284838623,137,NULL),(3034,0,'67.195.115.47',1284845695,167,NULL),(3035,0,'220.181.94.230',1284848598,92,NULL),(3036,0,'220.181.94.230',1284848658,85,NULL),(3037,0,'202.160.179.24',1284848924,167,NULL),(3041,0,'202.160.179.163',1284850902,168,NULL),(3042,0,'220.181.94.230',1284851158,95,NULL),(3044,0,'220.181.108.101',1284854191,125,NULL),(3045,0,'202.160.180.65',1284854859,109,NULL),(3048,0,'67.195.115.47',1284861392,123,NULL),(3049,0,'67.195.115.47',1284862553,61,NULL),(3051,0,'124.115.0.101',1284869445,90,NULL),(3052,0,'220.181.108.107',1284870714,118,NULL),(3053,0,'66.249.67.240',1284871379,127,NULL),(3054,0,'220.181.94.230',1284873200,83,NULL),(3056,0,'202.160.178.82',1284877653,121,NULL),(3058,0,'202.160.179.83',1284883925,149,NULL),(3059,0,'123.125.68.115',1284885700,169,NULL),(3060,0,'123.125.68.121',1284888743,151,NULL),(3062,0,'67.195.115.47',1284890474,168,NULL),(3064,0,'220.181.108.122',1284897901,59,NULL),(3068,0,'124.115.4.195',1284909257,88,NULL),(3072,0,'220.181.94.230',1284922667,88,NULL),(3075,0,'124.115.0.164',1284929771,90,NULL),(3077,0,'220.181.108.117',1284936842,151,NULL),(3079,0,'77.88.27.26',1284941059,166,NULL),(3080,0,'220.181.94.230',1284941078,153,NULL),(3082,0,'202.160.180.65',1284941641,109,NULL),(3083,0,'124.115.0.102',1284954250,90,NULL),(3084,0,'67.195.115.47',1284954553,160,NULL),(3086,0,'67.195.115.47',1284961419,113,NULL),(3089,0,'220.181.94.230',1284969015,78,NULL),(3091,0,'222.82.218.45',1284971181,173,NULL),(4762,281,'113.16.8.237',1290369141,280,''),(3093,0,'221.194.136.19',1284972962,170,NULL),(3094,0,'221.194.136.19',1284972971,169,NULL),(3095,0,'221.194.136.19',1284972979,168,NULL),(3096,0,'221.194.136.19',1284972992,167,NULL),(3097,0,'221.194.136.19',1284973000,166,NULL),(3098,0,'221.194.136.19',1284973013,165,NULL),(3099,0,'221.194.136.19',1284973024,164,NULL),(3100,0,'221.194.136.19',1284973045,137,NULL),(3102,0,'124.115.4.203',1284974902,173,NULL),(3105,0,'60.178.206.99',1284979096,170,NULL),(3108,0,'66.249.67.240',1284979555,132,NULL),(3112,0,'67.195.115.47',1284995090,133,NULL),(3115,0,'124.115.4.198',1285000034,90,NULL),(3116,0,'67.195.115.47',1285005897,76,NULL),(3118,0,'222.86.23.217',1285006536,173,NULL),(3119,0,'66.219.58.43',1285008804,174,NULL),(3120,0,'66.219.58.43',1285009508,177,NULL),(3123,0,'66.219.58.43',1285012050,172,NULL),(3125,0,'66.219.58.43',1285012159,109,NULL),(4910,211,'202.96.183.238',1300565060,66,''),(4922,93,'125.233.146.129',1301589949,19,''),(3130,0,'67.195.115.47',1285015553,78,NULL),(3131,0,'124.115.0.158',1285018116,69,NULL),(3135,0,'66.249.67.240',1285033430,127,NULL),(3138,0,'123.125.68.121',1285035972,173,NULL),(3139,0,'61.135.249.213',1285036593,170,NULL),(3140,0,'66.249.67.240',1285038764,131,NULL),(3141,0,'66.249.67.240',1285039295,129,NULL),(3142,0,'66.249.67.240',1285040362,130,NULL),(3143,0,'66.249.67.240',1285040896,128,NULL),(3144,0,'66.249.67.240',1285041430,126,NULL),(3145,0,'124.115.0.24',1285041550,88,NULL),(3146,0,'123.125.68.122',1285041562,175,NULL),(3149,0,'67.195.115.47',1285042939,135,NULL),(3150,0,'66.249.67.240',1285045696,139,NULL),(3151,0,'123.125.68.122',1285047524,134,NULL),(3156,0,'220.181.108.115',1285064820,65,NULL),(3157,0,'65.55.3.134',1285066613,177,NULL),(4864,406,'113.84.184.13',1294993881,93,''),(3159,0,'65.55.3.134',1285066616,175,NULL),(3160,0,'65.55.3.134',1285066617,174,NULL),(3161,0,'65.55.3.134',1285066618,173,NULL),(3162,0,'65.55.3.134',1285066619,172,NULL),(3164,0,'65.55.3.134',1285066622,170,NULL),(3165,0,'65.55.3.134',1285066623,169,NULL),(3173,0,'65.55.3.134',1285066669,61,NULL),(3175,0,'202.160.178.205',1285069116,95,NULL),(3176,0,'67.195.115.47',1285073785,135,NULL),(3177,0,'220.181.108.121',1285078241,69,NULL),(3179,0,'213.134.217.50',1285080469,178,NULL),(3180,0,'220.181.108.121',1285081276,68,NULL),(3181,0,'202.160.179.53',1285084474,40,NULL),(3182,0,'220.181.108.119',1285084732,33,NULL),(3183,0,'123.125.68.118',1285085658,172,NULL),(3184,0,'123.125.68.116',1285086016,178,NULL),(3185,0,'124.115.0.141',1285089026,178,NULL),(3186,0,'124.115.0.101',1285089300,90,NULL),(3187,0,'220.181.108.112',1285091205,47,NULL),(3188,0,'220.181.94.230',1285096786,94,NULL),(3189,0,'220.181.94.230',1285098126,86,NULL),(3190,0,'220.181.94.230',1285098896,155,NULL),(3191,0,'220.181.94.230',1285099156,154,NULL),(3192,0,'220.181.94.230',1285102303,178,NULL),(3193,0,'124.115.0.142',1285102874,178,NULL),(3194,0,'124.115.0.164',1285103247,33,NULL),(3195,0,'220.181.94.230',1285103549,162,NULL),(3197,0,'220.181.94.230',1285103838,174,NULL),(3199,0,'220.181.94.230',1285113712,84,NULL),(3201,0,'124.115.0.102',1285117501,33,NULL),(3202,0,'220.181.94.230',1285121493,156,NULL),(3203,0,'220.181.94.230',1285121822,157,NULL),(3204,0,'220.181.94.230',1285122392,141,NULL),(3205,0,'66.249.67.240',1285123142,178,NULL),(3207,0,'220.181.94.230',1285124496,172,NULL),(3208,0,'220.181.94.230',1285124637,175,NULL),(3209,0,'123.119.190.202',1285128679,172,NULL),(3211,0,'66.249.67.240',1285129096,132,NULL),(3213,0,'66.249.67.240',1285130717,128,NULL),(3214,0,'66.249.67.240',1285133959,139,NULL),(3215,0,'124.115.0.164',1285135106,90,NULL),(3216,0,'124.115.0.160',1285135521,179,NULL),(3217,0,'65.55.3.215',1285139258,113,NULL),(3218,0,'220.181.94.230',1285139499,87,NULL),(3220,0,'220.181.94.230',1285141737,73,NULL),(3221,0,'220.181.94.230',1285142480,97,NULL),(3222,0,'66.249.67.240',1285143540,179,NULL),(3224,0,'220.181.94.230',1285146843,161,NULL),(3225,0,'220.181.94.230',1285147363,163,NULL),(3226,0,'124.115.0.101',1285148791,90,NULL),(3227,0,'220.181.94.230',1285149445,179,NULL),(3228,0,'65.55.3.215',1285150649,156,NULL),(3232,0,'202.160.180.37',1285152409,179,NULL),(3233,0,'202.160.178.131',1285155242,78,NULL),(3235,0,'220.181.94.230',1285168653,101,NULL),(3236,0,'220.181.94.230',1285168979,100,NULL),(3237,0,'66.249.67.240',1285169627,133,NULL),(3238,0,'220.181.94.230',1285170534,158,NULL),(3240,0,'124.115.0.25',1285172396,88,NULL),(3241,0,'220.181.94.230',1285172681,143,NULL),(3242,0,'124.115.0.101',1285172802,90,NULL),(3243,0,'220.181.94.230',1285172867,144,NULL),(3245,0,'67.195.115.47',1285175552,172,NULL),(3246,0,'67.195.115.47',1285176740,179,NULL),(3249,0,'67.195.115.47',1285178602,169,NULL),(4834,370,'122.234.60.70',1293709740,72,'ADSL'),(3251,0,'65.55.3.215',1285180751,159,NULL),(3254,0,'202.160.179.101',1285185707,172,NULL),(3255,0,'67.195.115.47',1285188463,178,NULL),(3259,0,'66.249.67.240',1285201157,134,NULL),(3261,0,'119.255.36.194',1285204336,174,NULL),(3262,0,'202.160.178.36',1285204728,170,NULL),(3263,0,'207.46.204.177',1285208494,109,NULL),(3265,0,'202.160.184.9',1285209698,178,NULL),(3266,0,'220.181.94.230',1285214118,142,NULL),(3267,0,'202.160.180.101',1285216260,160,NULL),(3269,0,'124.115.0.164',1285218755,90,NULL),(3270,0,'114.252.70.212',1285219622,141,NULL),(3271,0,'202.160.179.50',1285220471,130,NULL),(3272,0,'77.88.27.26',1285224046,167,NULL),(3273,0,'202.160.179.109',1285224110,169,NULL),(3274,0,'220.181.94.230',1285232372,104,NULL),(3275,0,'220.181.94.230',1285232729,146,NULL),(3276,0,'202.160.178.251',1285233821,63,NULL),(3277,0,'202.160.178.219',1285236050,139,NULL),(3278,0,'66.249.67.240',1285237635,135,NULL),(3283,0,'220.181.94.230',1285247683,121,NULL),(3284,0,'220.181.94.230',1285251195,125,NULL),(3286,0,'67.195.115.47',1285252832,173,NULL),(3288,0,'220.181.94.230',1285254179,147,NULL),(3289,0,'220.181.94.230',1285255852,127,NULL),(3290,0,'112.93.90.9',1285255969,179,NULL),(3291,0,'202.160.179.97',1285256275,163,NULL),(3292,0,'67.195.115.47',1285256474,174,NULL),(3293,0,'220.181.94.230',1285257148,126,NULL),(3294,0,'67.195.115.47',1285257791,170,NULL),(3295,0,'220.181.94.230',1285258166,128,NULL),(3296,0,'124.115.0.24',1285259489,88,NULL),(3297,0,'66.249.67.240',1285260922,126,NULL),(3299,0,'220.181.94.230',1285263479,124,NULL),(3300,0,'220.181.94.230',1285264094,159,NULL),(3301,0,'220.181.94.230',1285264247,160,NULL),(3303,0,'94.75.247.240',1285264881,175,NULL),(3304,0,'94.75.247.240',1285264885,178,NULL),(3305,0,'94.75.247.240',1285264968,173,NULL),(3306,0,'94.75.247.240',1285264979,50,NULL),(3307,0,'94.75.247.240',1285265019,164,NULL),(3308,0,'94.75.247.240',1285265041,179,NULL),(4833,370,'122.234.60.70',1293709553,290,'ADSL'),(3311,0,'94.75.247.240',1285265071,61,NULL),(3312,0,'94.75.247.240',1285265079,172,NULL),(3313,0,'220.181.94.230',1285265669,123,NULL),(3314,0,'220.181.94.230',1285265869,145,NULL),(3315,0,'220.181.94.230',1285266229,122,NULL),(3316,0,'220.181.94.230',1285267391,164,NULL),(3319,0,'67.195.115.47',1285270587,134,NULL),(3321,0,'220.181.94.230',1285273858,129,NULL),(3322,0,'202.160.180.150',1285274138,173,NULL),(3323,0,'220.181.94.230',1285274855,102,NULL),(3324,0,'220.181.94.230',1285275537,105,NULL),(3325,0,'220.181.94.230',1285275772,107,NULL),(3326,0,'220.181.94.230',1285276205,106,NULL),(3327,0,'220.181.94.230',1285276393,108,NULL),(3329,0,'220.181.94.230',1285278152,165,NULL),(3330,0,'220.181.94.230',1285278307,167,NULL),(3332,0,'85.17.192.141',1285278602,175,NULL),(3333,0,'85.17.192.141',1285278605,178,NULL),(3334,0,'85.17.192.141',1285278691,173,NULL),(3335,0,'85.17.192.141',1285278702,50,NULL),(3336,0,'85.17.192.141',1285278737,164,NULL),(3337,0,'85.17.192.141',1285278760,179,NULL),(3338,0,'85.17.192.141',1285278767,171,NULL),(3340,0,'85.17.192.141',1285278789,61,NULL),(3341,0,'85.17.192.141',1285278796,172,NULL),(3342,0,'220.181.94.230',1285280073,166,NULL),(3343,0,'220.181.94.230',1285280428,168,NULL),(3344,0,'220.181.94.230',1285281238,169,NULL),(4803,341,'125.39.67.175',1292855856,342,''),(4937,138,'60.50.203.39',1303225011,19,''),(3348,0,'220.181.94.230',1285282355,98,NULL),(3349,0,'220.181.94.230',1285282472,103,NULL),(3350,0,'220.181.94.230',1285284199,170,NULL),(3351,0,'202.160.179.156',1285284256,175,NULL),(3353,0,'220.181.94.230',1285284757,130,NULL),(3354,0,'220.181.94.230',1285284988,99,NULL),(3356,0,'207.46.13.49',1285286835,112,NULL),(3358,0,'202.160.178.212',1285292595,174,NULL),(3360,0,'220.181.94.230',1285296536,109,NULL),(3361,0,'220.181.94.230',1285296694,132,NULL),(3362,0,'220.181.94.230',1285307821,131,NULL),(3363,0,'124.115.4.198',1285308234,90,NULL),(3365,0,'38.100.41.67',1285311111,175,NULL),(3366,0,'38.100.41.67',1285311113,178,NULL),(3368,0,'38.100.41.67',1285311119,177,NULL),(3370,0,'38.100.41.67',1285311120,171,NULL),(3371,0,'38.100.41.67',1285311124,173,NULL),(3372,0,'38.100.41.67',1285311124,174,NULL),(3374,0,'38.100.41.67',1285311130,179,NULL),(3375,0,'38.100.41.67',1285311133,172,NULL),(3377,0,'65.52.108.59',1285317765,113,NULL),(3378,0,'220.181.94.230',1285317950,148,NULL),(3379,0,'67.195.115.47',1285321111,175,NULL),(3380,0,'67.195.115.47',1285321782,180,NULL),(3381,0,'124.115.0.142',1285322530,180,NULL),(3382,0,'220.181.94.230',1285324775,133,NULL),(3383,0,'220.181.94.230',1285326441,180,NULL),(3385,0,'220.181.94.230',1285327846,149,NULL),(3386,0,'220.181.94.230',1285329380,114,NULL),(4797,315,'121.14.162.134',1292395310,54,''),(3392,0,'66.249.71.148',1285339127,180,NULL),(3393,0,'220.181.108.121',1285339664,180,NULL),(3394,0,'220.181.108.102',1285339671,179,NULL),(3395,0,'220.181.94.230',1285340046,116,NULL),(3396,0,'220.181.94.230',1285342896,112,NULL),(3402,0,'220.181.94.230',1285348215,110,NULL),(3403,0,'220.181.94.230',1285350720,115,NULL),(3404,0,'220.181.94.230',1285351613,111,NULL),(3405,0,'220.181.94.230',1285355351,150,NULL),(3406,0,'220.181.94.230',1285355658,134,NULL),(3407,0,'220.181.94.230',1285356723,173,NULL),(3409,0,'220.181.94.230',1285359085,113,NULL),(3410,0,'220.181.94.230',1285359485,151,NULL),(3411,0,'67.195.115.47',1285359872,177,NULL),(3412,0,'202.160.180.123',1285359879,162,NULL),(3413,0,'220.181.94.230',1285361280,117,NULL),(3414,0,'66.249.71.148',1285362902,142,NULL),(3415,0,'124.115.0.19',1285365349,69,NULL),(3417,0,'220.181.94.230',1285365929,177,NULL),(3418,0,'202.160.178.145',1285370966,61,NULL),(3424,0,'66.249.71.148',1285380005,141,NULL),(3425,0,'124.115.4.198',1285380180,181,NULL),(3426,0,'220.181.94.230',1285380326,136,NULL),(3429,0,'66.249.71.148',1285383984,139,NULL),(3430,0,'220.181.94.230',1285385671,181,NULL),(3431,0,'220.181.94.230',1285386371,138,NULL),(3432,0,'202.160.179.107',1285387750,103,NULL),(3433,0,'66.249.71.148',1285387893,181,NULL),(3435,0,'220.181.108.103',1285389247,67,NULL),(3437,0,'220.181.94.230',1285391371,118,NULL),(3438,0,'124.115.0.161',1285391531,88,NULL),(3439,0,'66.249.71.148',1285391721,50,NULL),(3441,0,'202.160.179.34',1285392641,177,NULL),(3442,0,'202.160.179.58',1285393075,176,NULL),(3443,0,'124.115.0.158',1285393333,182,NULL),(3444,0,'67.195.115.47',1285394528,181,NULL),(3445,0,'202.160.178.28',1285394711,181,NULL),(3446,0,'220.181.94.230',1285395786,152,NULL),(3447,0,'202.160.179.108',1285398026,141,NULL),(3448,0,'220.181.108.115',1285398309,56,NULL),(3449,0,'66.249.71.148',1285399903,143,NULL),(3450,0,'67.195.115.47',1285400392,182,NULL),(3452,0,'66.249.71.148',1285401074,182,NULL),(3453,0,'220.181.108.120',1285401330,73,NULL),(3456,0,'220.181.94.230',1285402695,182,NULL),(3458,0,'67.195.115.47',1285403810,176,NULL),(3460,0,'66.249.71.148',1285404104,32,NULL),(3461,0,'220.181.108.119',1285404784,41,NULL),(3462,0,'66.249.71.148',1285408525,31,NULL),(3463,0,'220.181.94.230',1285408911,119,NULL),(3464,0,'202.160.178.221',1285411182,182,NULL),(3465,0,'66.249.71.148',1285413168,59,NULL),(3466,0,'66.249.71.148',1285414274,34,NULL),(3467,0,'66.249.71.148',1285415581,56,NULL),(3468,0,'66.249.71.148',1285418457,55,NULL),(3469,0,'61.135.249.213',1285422601,180,NULL),(3470,0,'202.160.180.165',1285422760,47,NULL),(3471,0,'66.249.71.148',1285423767,37,NULL),(3473,0,'66.249.71.148',1285424872,38,NULL),(3474,0,'66.249.71.148',1285426644,41,NULL),(3477,0,'66.249.71.148',1285431065,147,NULL),(3478,0,'220.181.108.115',1285431667,182,NULL),(3479,0,'220.181.108.104',1285431669,181,NULL),(3480,0,'123.125.68.125',1285433178,177,NULL),(3481,0,'66.249.71.148',1285433500,127,NULL),(3482,0,'123.125.68.120',1285434260,180,NULL),(3483,0,'123.125.68.122',1285434268,179,NULL),(3484,0,'123.125.68.121',1285434278,182,NULL),(3485,0,'66.249.71.148',1285435712,137,NULL),(3486,0,'66.249.71.148',1285435932,136,NULL),(3487,0,'66.249.71.148',1285437261,138,NULL),(3488,0,'66.249.71.148',1285437704,146,NULL),(3489,0,'202.160.180.76',1285439112,114,NULL),(3491,0,'124.115.0.164',1285439683,90,NULL),(3492,0,'220.181.94.230',1285440518,64,NULL),(3494,0,'123.125.68.121',1285441803,40,NULL),(3497,0,'67.195.115.47',1285443490,40,NULL),(3498,0,'66.249.71.148',1285444338,148,NULL),(3499,0,'66.249.71.148',1285444780,145,NULL),(3501,0,'66.249.71.148',1285445223,144,NULL),(3502,0,'220.181.94.230',1285445485,33,NULL),(3503,0,'220.181.94.230',1285445607,52,NULL),(3504,0,'220.181.94.230',1285445821,47,NULL),(3505,0,'66.249.71.148',1285447881,80,NULL),(3506,0,'220.181.94.230',1285448320,135,NULL),(3507,0,'220.181.94.230',1285448469,139,NULL),(3508,0,'66.249.71.148',1285448557,149,NULL),(3509,0,'220.181.94.230',1285449025,137,NULL),(3510,0,'220.181.94.230',1285449446,53,NULL),(3511,0,'66.249.71.148',1285450308,53,NULL),(3512,0,'124.115.4.198',1285451026,90,NULL),(3513,0,'66.249.71.148',1285451415,48,NULL),(3514,0,'220.181.94.230',1285451618,62,NULL),(3515,0,'220.181.94.230',1285451831,63,NULL),(3516,0,'66.249.71.148',1285451858,52,NULL),(3517,0,'66.249.71.148',1285452081,58,NULL),(3518,0,'66.249.71.148',1285452302,44,NULL),(3519,0,'220.181.94.230',1285454816,178,NULL),(3520,0,'220.181.94.230',1285454982,179,NULL),(3521,0,'202.160.179.163',1285456780,168,NULL),(3522,0,'220.181.108.102',1285457551,133,NULL),(3525,0,'220.181.108.104',1285460571,95,NULL),(3527,0,'220.181.94.230',1285460940,51,NULL),(3528,0,'220.181.94.230',1285461025,49,NULL),(3529,0,'67.195.115.47',1285465026,49,NULL),(3530,0,'220.181.108.121',1285466175,62,NULL),(3532,0,'67.195.115.47',1285468006,61,NULL),(3533,0,'220.181.94.230',1285468361,48,NULL),(3536,0,'66.249.71.148',1285472611,142,NULL),(3540,0,'66.249.71.148',1285476049,139,NULL),(3541,0,'220.181.94.230',1285479078,65,NULL),(3542,0,'66.249.71.148',1285479483,141,NULL),(3543,0,'220.181.94.230',1285480348,57,NULL),(3545,0,'124.115.4.195',1285481112,88,NULL),(4857,397,'58.23.9.10',1294663805,196,''),(3547,0,'66.249.71.148',1285486363,50,NULL),(3550,0,'220.181.94.230',1285488631,61,NULL),(3551,0,'61.135.249.213',1285488820,170,NULL),(3552,0,'220.181.94.230',1285490896,37,NULL),(3553,0,'220.181.94.230',1285492502,59,NULL),(3555,0,'123.65.245.143',1285500654,176,NULL),(3556,0,'66.249.71.148',1285501254,31,NULL),(3557,0,'220.181.94.230',1285502163,50,NULL),(3558,0,'220.181.108.114',1285502794,77,NULL),(3559,0,'66.249.71.148',1285503546,64,NULL),(3560,0,'220.181.94.230',1285504381,41,NULL),(3561,0,'113.243.117.18',1285504944,178,NULL),(3562,0,'113.243.117.18',1285504948,176,NULL),(3563,0,'113.243.117.18',1285504951,182,NULL),(3564,0,'113.243.117.18',1285504958,174,NULL),(3565,0,'113.243.117.18',1285504968,179,NULL),(3566,0,'220.181.94.230',1285505137,56,NULL),(3567,0,'220.181.94.230',1285506980,60,NULL),(3568,0,'66.249.71.148',1285506991,59,NULL),(3569,0,'220.181.94.230',1285508624,55,NULL),(3570,0,'66.249.71.148',1285509284,55,NULL),(3574,0,'220.181.108.105',1285514438,178,NULL),(3575,0,'66.249.71.148',1285515011,77,NULL),(3576,0,'77.88.27.26',1285515720,170,NULL),(3577,0,'66.249.71.148',1285516150,150,NULL),(3578,0,'220.181.94.230',1285517737,58,NULL),(3579,0,'220.181.94.230',1285517924,32,NULL),(3580,0,'220.181.94.230',1285518770,153,NULL),(3581,0,'220.181.108.118',1285522511,52,NULL),(3582,0,'220.181.94.230',1285524937,42,NULL),(4914,503,'60.190.137.206',1300864911,81,''),(3587,0,'67.195.115.47',1285528173,114,NULL),(4904,19,'59.57.164.215',1300510114,271,'()ADSL'),(3589,0,'124.115.0.142',1285529435,114,NULL),(3590,0,'220.181.94.230',1285533407,40,NULL),(3592,0,'202.160.189.234',1285537101,49,NULL),(3593,0,'124.115.0.101',1285538837,90,NULL),(3594,0,'220.181.94.230',1285540335,38,NULL),(3595,0,'220.181.94.230',1285541350,34,NULL),(3596,0,'220.181.94.230',1285541764,31,NULL),(3597,0,'220.181.94.230',1285543093,71,NULL),(3600,0,'61.135.249.213',1285545530,182,NULL),(3601,0,'123.125.68.117',1285545610,61,NULL),(3602,0,'220.181.94.230',1285545927,68,NULL),(3605,0,'220.181.94.230',1285549480,69,NULL),(3606,0,'66.249.71.148',1285554813,153,NULL),(3608,0,'219.137.129.177',1285559231,174,NULL),(3611,0,'220.181.108.114',1285561495,55,NULL),(4875,425,'125.78.152.68',1295747293,66,'()ADSL'),(3613,0,'220.181.94.230',1285563591,70,NULL),(3614,0,'77.88.27.26',1285564014,169,NULL),(3615,0,'202.160.178.82',1285564610,121,NULL),(3617,0,'220.181.94.230',1285565520,67,NULL),(3619,0,'66.249.71.148',1285570519,154,NULL),(3622,0,'125.70.145.11',1285571453,177,NULL),(3623,0,'125.70.145.11',1285571478,183,NULL),(3624,0,'202.160.179.24',1285571568,167,NULL),(3625,0,'67.195.115.47',1285571807,130,NULL),(3626,0,'220.181.108.114',1285571855,181,NULL),(3627,0,'66.249.71.148',1285574451,152,NULL),(3629,0,'124.115.4.204',1285575953,183,NULL),(3630,0,'124.115.0.142',1285576737,113,NULL),(3631,0,'220.181.94.230',1285577746,183,NULL),(3632,0,'66.249.71.148',1285582087,183,NULL),(3633,0,'123.125.67.163',1285582167,114,NULL),(3634,0,'123.125.67.162',1285582379,183,NULL),(3636,0,'66.249.71.148',1285586389,134,NULL),(3637,0,'66.249.71.148',1285590165,67,NULL),(3638,0,'220.181.108.112',1285592642,95,NULL),(3639,0,'220.181.108.100',1285592874,184,NULL),(3640,0,'220.181.108.105',1285593120,185,NULL),(3641,0,'124.115.0.106',1285595883,184,NULL),(3642,0,'77.88.27.26',1285596533,165,NULL),(3643,0,'202.160.180.165',1285596606,164,NULL),(3644,0,'124.115.0.24',1285596657,185,NULL),(3645,0,'124.115.0.19',1285597413,69,NULL),(3646,0,'67.195.115.47',1285597649,131,NULL),(3647,0,'114.84.205.177',1285598425,181,NULL),(3648,0,'123.125.67.166',1285598515,180,NULL),(3649,0,'114.84.205.177',1285598589,183,NULL),(3650,0,'220.181.94.230',1285598977,171,NULL),(3651,0,'220.181.94.230',1285599067,174,NULL),(3652,0,'220.181.94.230',1285599367,185,NULL),(3654,0,'220.181.94.230',1285600270,162,NULL),(3655,0,'114.84.205.177',1285600404,174,NULL),(3657,0,'220.181.94.230',1285601777,186,NULL),(3658,0,'220.181.94.230',1285601788,184,NULL),(4783,322,'119.161.155.23',1291795539,323,''),(3661,0,'124.115.0.107',1285606821,52,NULL),(3663,0,'220.181.94.230',1285609258,155,NULL),(3664,0,'220.181.108.100',1285609922,182,NULL),(3665,0,'220.181.108.122',1285610152,186,NULL),(3667,0,'220.181.94.230',1285611220,154,NULL),(3668,0,'124.115.0.161',1285611946,88,NULL),(3669,0,'124.115.4.191',1285612906,187,NULL),(3671,0,'220.181.94.230',1285617560,156,NULL),(3672,0,'220.181.94.230',1285618118,187,NULL),(3673,0,'220.181.108.116',1285618556,148,NULL),(3674,0,'220.181.94.230',1285618761,157,NULL),(3675,0,'220.181.94.230',1285619325,141,NULL),(3677,0,'67.195.115.47',1285619910,186,NULL),(3678,0,'67.195.115.47',1285619933,184,NULL),(3679,0,'67.195.115.47',1285620131,185,NULL),(3680,0,'67.195.115.47',1285620316,187,NULL),(3682,0,'220.181.108.120',1285621374,187,NULL),(3683,0,'220.181.94.230',1285621663,172,NULL),(3684,0,'67.195.115.47',1285621781,183,NULL),(3685,0,'220.181.94.230',1285622009,175,NULL),(3686,0,'124.115.0.167',1285622071,52,NULL),(3687,0,'124.115.0.109',1285622400,186,NULL),(3689,0,'124.115.0.157',1285626094,187,NULL),(3690,0,'124.115.0.20',1285627027,99,NULL),(3692,0,'203.209.252.26',1285631356,134,NULL),(3693,0,'220.181.94.230',1285633584,75,NULL),(3695,0,'123.125.67.163',1285639671,57,NULL),(3696,0,'123.125.67.166',1285640578,57,NULL),(3698,0,'66.249.71.148',1285642276,126,NULL),(3700,0,'202.160.179.210',1285644787,183,NULL),(3702,0,'202.160.178.140',1285646700,184,NULL),(3703,0,'220.181.94.230',1285648108,161,NULL),(3704,0,'77.88.27.26',1285651804,162,NULL),(3705,0,'220.181.94.230',1285652143,163,NULL),(3706,0,'66.249.71.148',1285652176,186,NULL),(3707,0,'66.249.65.196',1285652177,187,NULL),(3708,0,'66.249.71.148',1285652177,185,NULL),(3710,0,'123.125.67.165',1285652886,181,NULL),(3711,0,'69.28.58.2',1285652902,181,NULL),(3712,0,'66.249.71.148',1285653246,184,NULL),(3713,0,'220.181.94.230',1285656755,158,NULL),(3716,0,'220.181.94.230',1285661559,143,NULL),(3717,0,'220.181.94.230',1285662524,144,NULL),(3719,0,'61.145.165.125',1285665634,183,NULL),(3720,0,'61.145.165.125',1285665637,185,NULL),(3721,0,'61.145.165.125',1285665656,181,NULL),(3722,0,'61.145.165.125',1285665663,179,NULL),(3723,0,'183.18.79.183',1285665842,185,NULL),(3724,0,'220.181.108.118',1285666644,31,NULL),(3725,0,'220.181.108.113',1285668802,158,NULL),(3726,0,'124.115.0.141',1285670985,188,NULL),(3727,0,'124.115.0.101',1285671797,90,NULL),(3728,0,'207.46.195.233',1285673069,61,NULL),(3729,0,'220.181.108.107',1285675086,188,NULL),(3730,0,'124.115.4.198',1285680044,33,NULL),(3731,0,'220.181.108.113',1285680606,183,NULL),(3732,0,'220.181.108.121',1285681070,178,NULL),(3733,0,'65.55.3.134',1285682386,188,NULL),(3734,0,'65.55.3.134',1285682387,187,NULL),(3735,0,'65.55.3.134',1285682388,186,NULL),(3736,0,'65.55.3.134',1285682390,185,NULL),(3737,0,'65.55.3.134',1285682391,184,NULL),(3738,0,'65.55.3.134',1285682392,183,NULL),(3739,0,'65.55.3.134',1285682394,182,NULL),(3740,0,'65.55.3.134',1285682395,181,NULL),(3741,0,'65.55.3.134',1285682396,180,NULL),(4927,524,'221.224.208.115',1302157122,516,'ADSL'),(3749,0,'65.55.3.134',1285682445,61,NULL),(3750,0,'65.55.3.134',1285682447,91,NULL),(3751,0,'202.160.178.210',1285683124,187,NULL),(3752,0,'207.189.121.46',1285683642,186,NULL),(3754,0,'207.189.121.46',1285685086,185,NULL),(3755,0,'220.181.108.100',1285685198,51,NULL),(3757,0,'110.191.130.71',1285685721,183,NULL),(4908,211,'202.96.183.238',1300564993,89,''),(3760,0,'67.195.115.47',1285692096,188,NULL),(3761,0,'202.160.180.60',1285693213,186,NULL),(3762,0,'207.46.194.76',1285693374,113,NULL),(3763,0,'123.125.67.167',1285695957,188,NULL),(3765,0,'202.160.178.230',1285699018,180,NULL),(3766,0,'124.115.0.161',1285699845,88,NULL),(3767,0,'220.181.108.108',1285700082,165,NULL),(3768,0,'220.181.108.105',1285702237,123,NULL),(3769,0,'220.181.94.230',1285704283,142,NULL),(3770,0,'67.195.115.47',1285704589,151,NULL),(3771,0,'124.115.0.102',1285705841,117,NULL),(3772,0,'202.160.179.121',1285708119,91,NULL),(3773,0,'220.181.94.230',1285709356,164,NULL),(3774,0,'220.181.94.230',1285710486,180,NULL),(3775,0,'202.160.179.83',1285714020,149,NULL),(3779,0,'220.181.94.230',1285724006,146,NULL),(3780,0,'124.115.0.18',1285728753,69,NULL),(4938,550,'59.61.21.83',1303307512,19,'ADSL'),(3783,0,'220.181.108.103',1285730444,56,NULL),(3784,0,'221.222.122.63',1285731777,183,NULL),(3785,0,'220.181.94.230',1285735880,121,NULL),(3786,0,'220.181.94.230',1285738760,125,NULL),(3787,0,'67.195.115.47',1285740533,124,NULL),(3788,0,'220.181.94.230',1285741298,147,NULL),(3789,0,'220.181.94.230',1285742820,127,NULL),(3791,0,'124.115.0.25',1285743645,88,NULL),(3793,0,'66.249.71.148',1285744756,69,NULL),(3794,189,'113.12.121.52',1285745026,183,NULL),(3795,0,'220.181.94.230',1285745666,126,NULL),(3796,0,'220.181.94.230',1285746390,128,NULL),(3797,0,'66.249.71.148',1285746736,188,NULL),(3800,0,'220.181.108.114',1285750310,155,NULL),(3801,0,'124.115.0.140',1285750497,189,NULL),(3802,0,'66.249.71.148',1285755355,149,NULL),(3803,0,'66.249.71.148',1285755373,150,NULL),(3804,0,'66.249.71.148',1285757646,150,NULL),(3805,0,'66.249.71.148',1285761589,154,NULL),(3806,0,'66.249.71.148',1285770379,95,NULL),(3807,0,'220.181.94.230',1285770470,189,NULL),(3808,0,'66.249.71.148',1285770983,99,NULL),(3809,0,'123.125.67.166',1285771011,141,NULL),(3810,0,'220.181.94.230',1285771684,159,NULL),(3811,0,'220.181.94.230',1285771814,166,NULL),(3812,0,'220.181.94.230',1285771953,168,NULL),(3813,0,'66.249.71.148',1285772196,102,NULL),(3814,0,'66.249.71.148',1285772804,86,NULL),(3816,0,'220.181.94.230',1285773442,169,NULL),(3817,0,'220.181.108.113',1285773477,121,NULL),(3819,0,'124.115.4.198',1285773950,90,NULL),(3820,0,'66.249.71.148',1285774019,160,NULL),(3825,0,'220.181.108.108',1285775635,168,NULL),(4850,387,'183.26.225.117',1294392028,384,''),(3829,0,'220.181.94.230',1285776777,170,NULL),(3830,0,'220.181.94.230',1285778429,130,NULL),(3831,0,'124.115.0.141',1285779727,163,NULL),(3832,0,'220.181.94.230',1285779760,124,NULL),(3833,0,'220.181.94.230',1285780426,160,NULL),(3834,0,'220.181.94.230',1285781299,145,NULL),(3835,0,'220.181.94.230',1285781504,123,NULL),(3836,0,'220.181.94.230',1285782122,122,NULL),(3837,0,'67.195.115.47',1285782682,179,NULL),(3838,0,'220.181.108.121',1285783271,189,NULL),(3839,0,'220.181.94.230',1285783479,129,NULL),(3841,0,'67.195.115.47',1285784560,171,NULL),(3842,0,'67.195.115.47',1285784938,189,NULL),(3843,0,'220.181.94.230',1285785106,132,NULL),(3845,0,'220.181.94.230',1285788846,165,NULL),(3846,0,'220.181.94.230',1285789011,167,NULL),(3847,0,'220.181.94.230',1285790124,131,NULL),(3848,0,'66.249.71.148',1285792087,149,NULL),(3849,0,'202.160.179.101',1285792958,172,NULL),(3850,0,'220.181.94.230',1285793203,148,NULL),(3852,0,'67.195.115.47',1285793614,178,NULL),(3853,0,'202.160.179.101',1285793837,188,NULL),(3854,0,'66.249.71.148',1285794823,150,NULL),(3855,0,'220.181.94.230',1285795416,133,NULL),(3856,0,'220.181.94.230',1285796134,149,NULL),(3857,0,'66.249.71.148',1285796659,148,NULL),(3858,0,'123.125.67.163',1285797173,185,NULL),(3859,0,'66.249.71.148',1285797577,154,NULL),(3860,0,'66.249.71.148',1285798042,153,NULL),(3861,0,'124.115.0.101',1285800517,90,NULL),(3862,0,'123.125.67.162',1285801061,79,NULL),(4871,418,'116.113.69.57',1295516076,363,''),(3865,0,'124.115.0.142',1285804488,163,NULL),(3866,0,'207.46.12.239',1285805898,110,NULL),(3868,0,'202.160.178.36',1285811628,170,NULL),(3869,0,'66.249.71.148',1285812331,189,NULL),(3874,0,'220.181.94.230',1285814247,150,NULL),(3875,0,'207.189.121.45',1285815187,186,NULL),(3876,0,'207.189.121.45',1285815188,181,NULL),(3877,0,'207.189.121.45',1285815188,189,NULL),(3879,0,'220.181.94.230',1285815951,134,NULL),(3880,0,'202.160.184.9',1285816018,178,NULL),(3881,0,'66.249.71.148',1285816249,97,NULL),(3882,0,'220.181.94.230',1285816284,173,NULL),(3883,0,'220.181.108.114',1285816677,162,NULL),(3884,0,'124.115.0.18',1285817485,69,NULL),(3885,0,'220.181.94.230',1285818767,151,NULL),(3889,0,'220.181.94.230',1285821046,176,NULL),(3890,0,'220.181.94.230',1285821377,177,NULL),(3893,0,'124.115.0.140',1285826060,103,NULL),(3894,0,'220.181.94.230',1285826500,136,NULL),(3895,0,'124.115.0.100',1285827160,174,NULL),(3896,0,'66.249.71.148',1285829936,109,NULL),(3897,0,'220.181.94.230',1285830028,181,NULL),(3898,0,'66.249.71.148',1285831233,56,NULL),(3899,0,'220.181.94.230',1285831860,138,NULL),(3902,0,'66.249.71.148',1285834976,152,NULL),(4843,381,'114.98.36.148',1294125155,66,''),(3905,0,'220.181.94.230',1285837375,152,NULL),(3906,0,'67.195.115.47',1285837707,172,NULL),(3907,0,'124.115.0.14',1285839315,141,NULL),(3908,0,'220.181.94.230',1285840969,182,NULL),(3909,0,'124.115.0.27',1285841385,164,NULL),(3910,0,'66.249.71.148',1285842898,68,NULL),(3911,0,'124.115.4.198',1285843399,90,NULL),(3912,0,'124.115.0.162',1285843638,191,NULL),(3913,0,'124.115.0.138',1285844096,40,NULL),(3915,0,'202.160.180.67',1285845187,113,NULL),(3917,0,'124.115.0.161',1285846527,88,NULL),(3918,0,'202.160.178.93',1285846874,191,NULL),(3921,0,'220.181.94.230',1285847631,135,NULL),(3922,0,'220.181.94.230',1285848287,139,NULL),(3923,0,'220.181.94.230',1285848473,191,NULL),(3924,0,'220.181.94.230',1285849644,137,NULL),(3925,0,'220.181.108.116',1285849718,104,NULL),(3926,0,'220.181.108.115',1285849948,191,NULL),(3927,0,'67.195.115.47',1285850012,118,NULL),(3928,0,'124.115.0.171',1285851290,163,NULL),(3929,0,'124.115.0.14',1285851488,92,NULL),(3930,0,'66.249.71.148',1285851543,64,NULL),(3931,0,'220.181.94.230',1285851648,178,NULL),(3932,0,'66.249.71.148',1285852265,33,NULL),(3933,0,'124.115.4.204',1285852304,103,NULL),(3934,0,'220.181.94.230',1285852704,179,NULL),(3935,0,'124.115.0.157',1285852848,50,NULL),(3936,0,'202.160.180.65',1285853406,109,NULL),(3937,0,'220.181.94.230',1285855329,76,NULL),(4883,432,'202.101.164.214',1296380755,386,''),(3942,0,'66.249.71.148',1285856565,191,NULL),(3943,0,'124.115.0.162',1285856917,164,NULL),(3944,0,'67.195.115.47',1285857690,173,NULL),(3945,0,'66.249.71.148',1285858026,31,NULL),(3946,0,'67.195.115.47',1285858099,191,NULL),(3948,0,'207.46.204.188',1285859829,82,NULL),(3949,0,'67.195.115.47',1285860986,190,NULL),(3950,0,'220.181.94.230',1285861956,153,NULL),(3951,0,'124.115.4.192',1285862319,69,NULL),(3952,0,'66.249.71.148',1285862348,77,NULL),(3953,0,'220.181.94.230',1285863241,74,NULL),(3954,0,'220.181.108.122',1285863304,101,NULL),(3955,0,'202.160.179.50',1285864065,130,NULL),(3957,0,'124.115.0.156',1285864432,141,NULL),(3958,0,'66.249.71.148',1285865229,165,NULL),(3959,0,'220.181.94.230',1285865784,77,NULL),(3960,0,'66.249.71.148',1285865948,161,NULL),(3961,0,'222.172.177.160',1285866419,185,NULL),(3962,0,'220.181.94.230',1285866477,91,NULL),(3963,0,'220.181.108.102',1285867187,146,NULL),(3964,0,'124.115.4.198',1285868175,90,NULL),(3966,0,'220.181.94.230',1285869185,90,NULL),(3967,0,'220.181.94.230',1285870116,79,NULL),(3968,0,'66.249.71.148',1285870171,37,NULL),(3969,0,'66.249.71.148',1285870897,38,NULL),(3970,0,'202.160.178.205',1285871117,95,NULL),(3971,0,'122.242.156.128',1285871350,184,NULL),(3972,0,'122.242.156.128',1285871350,187,NULL),(4840,373,'113.105.8.170',1293778857,190,''),(4870,417,'14.208.106.206',1295504405,415,'ATT'),(3975,0,'66.249.71.148',1285871628,41,NULL),(3979,0,'220.181.94.230',1285873984,82,NULL),(3981,0,'219.232.243.96',1285874268,185,NULL),(3983,0,'219.232.243.96',1285874269,177,NULL),(3984,0,'219.232.243.96',1285874269,174,NULL),(3985,0,'219.232.243.96',1285874269,181,NULL),(3986,0,'219.232.243.96',1285874270,183,NULL),(3987,0,'67.195.115.47',1285874968,174,NULL),(3988,0,'66.249.71.148',1285875974,162,NULL),(3989,0,'220.181.94.230',1285876798,183,NULL),(3990,0,'220.181.108.101',1285877547,79,NULL),(3992,0,'220.181.94.230',1285878230,185,NULL),(3993,0,'220.181.94.230',1285878377,171,NULL),(3994,0,'220.181.94.230',1285878526,174,NULL),(3995,0,'220.181.94.230',1285878738,162,NULL),(3996,0,'220.181.94.230',1285880159,186,NULL),(3997,0,'220.181.94.230',1285880408,184,NULL),(3998,0,'220.181.94.230',1285880838,80,NULL),(3999,0,'202.160.180.150',1285881440,173,NULL),(4001,0,'220.181.94.230',1285882038,155,NULL),(4002,0,'220.181.94.230',1285882372,154,NULL),(4003,0,'202.160.179.60',1285883167,189,NULL),(4004,0,'220.181.94.230',1285884185,96,NULL),(4005,0,'220.181.94.230',1285885209,92,NULL),(4006,0,'220.181.94.230',1285885368,85,NULL),(4008,0,'220.181.94.230',1285886221,95,NULL),(4009,0,'124.115.0.26',1285886485,157,NULL),(4010,0,'124.115.0.158',1285888358,69,NULL),(4011,0,'124.115.0.15',1285889917,141,NULL),(4012,0,'202.160.179.156',1285891029,175,NULL),(4014,0,'124.115.0.25',1285892366,88,NULL),(4015,0,'123.125.67.163',1285895487,188,NULL),(4016,0,'123.125.67.164',1285895500,191,NULL),(4017,0,'123.125.67.167',1285895506,185,NULL),(4018,0,'123.125.67.164',1285895536,190,NULL),(4019,0,'123.125.67.164',1285895549,160,NULL),(4020,0,'123.125.67.165',1285895567,137,NULL),(4022,0,'114.243.1.243',1285896659,190,NULL),(4024,0,'220.181.94.230',1285899314,156,NULL),(4025,0,'220.181.94.230',1285899807,187,NULL),(4026,0,'94.100.181.101',1285900069,183,NULL),(4027,0,'94.100.181.101',1285900073,187,NULL),(4028,0,'94.100.181.101',1285900075,186,NULL),(4031,0,'94.100.181.101',1285900093,180,NULL),(4033,0,'94.100.181.101',1285900096,191,NULL),(4034,0,'94.100.181.101',1285900097,190,NULL),(4036,0,'94.100.181.101',1285900098,91,NULL),(4038,0,'94.100.181.101',1285900102,104,NULL),(4039,0,'94.100.181.101',1285900104,61,NULL),(4040,0,'94.100.181.101',1285900107,188,NULL),(4041,0,'94.100.181.101',1285900108,185,NULL),(4042,0,'94.100.181.101',1285900111,184,NULL),(4934,536,'58.61.119.221',1302902153,140,''),(4045,0,'94.100.181.101',1285900125,189,NULL),(4046,0,'94.100.181.101',1285900135,121,NULL),(4047,0,'94.100.181.101',1285900138,63,NULL),(4048,0,'94.100.181.101',1285900138,78,NULL),(4049,0,'94.100.181.101',1285900139,114,NULL),(4050,0,'94.100.181.101',1285900146,167,NULL),(4051,0,'220.181.94.230',1285901327,157,NULL),(4052,0,'124.115.0.167',1285903497,110,NULL),(4053,0,'220.181.94.230',1285903506,141,NULL),(4055,0,'220.181.94.230',1285904871,172,NULL),(4056,0,'220.181.94.230',1285905013,175,NULL),(4058,0,'66.249.71.148',1285905794,61,NULL),(4059,0,'124.115.0.138',1285906157,108,NULL),(4060,0,'202.160.179.97',1285906532,163,NULL),(4061,0,'220.181.94.230',1285907388,83,NULL),(4062,0,'220.181.108.101',1285908442,73,NULL),(4063,0,'220.181.94.230',1285908644,88,NULL),(4064,0,'124.115.4.199',1285908807,98,NULL),(4067,0,'220.181.108.109',1285940117,41,NULL),(4761,280,'116.227.135.105',1290330438,50,''),(4069,0,'207.46.204.184',1285945541,108,NULL),(4070,0,'123.125.67.167',1285945623,126,NULL),(4072,0,'124.115.4.196',1285946216,164,NULL),(4768,196,'123.125.0.186',1290839840,89,''),(4074,0,'67.195.115.47',1285946758,47,NULL),(4798,330,'175.106.168.182',1292399144,49,''),(4076,0,'124.115.0.107',1285947840,137,NULL),(4077,0,'124.115.0.104',1285948812,98,NULL),(4078,0,'202.160.178.212',1285948892,174,NULL),(4079,0,'66.249.71.148',1285949078,95,NULL),(4080,0,'124.115.0.159',1285949270,136,NULL),(4082,0,'220.181.94.230',1285949770,143,NULL),(4083,0,'124.115.0.103',1285950303,107,NULL),(4084,0,'220.181.94.230',1285950778,144,NULL),(4085,0,'124.115.4.190',1285950928,55,NULL),(4086,0,'220.181.108.121',1285950946,62,NULL),(4087,0,'220.181.94.230',1285950954,161,NULL),(4088,0,'220.181.94.230',1285951830,163,NULL),(4089,0,'67.195.115.47',1285952406,175,NULL),(4090,0,'66.249.71.148',1285952593,69,NULL),(4092,0,'220.181.94.230',1285952974,158,NULL),(4093,0,'124.115.0.109',1285953069,111,NULL),(4094,0,'207.46.195.234',1285953199,111,NULL),(4095,0,'66.249.71.148',1285953400,97,NULL),(4096,0,'124.115.0.165',1285953475,37,NULL),(4097,0,'220.181.94.230',1285953484,78,NULL),(4098,0,'124.115.4.204',1285953885,103,NULL),(4099,0,'124.115.0.160',1285954319,63,NULL),(4100,0,'124.115.0.109',1285954520,64,NULL),(4102,0,'124.115.0.28',1285956241,122,NULL),(4103,0,'66.249.65.57',1285957031,150,NULL),(4104,0,'124.115.4.198',1285959056,90,NULL),(4106,0,'207.46.195.226',1285959583,116,NULL),(4108,0,'124.115.0.17',1285961293,48,NULL),(4902,138,'60.51.123.254',1300467911,19,''),(4110,0,'220.181.94.230',1285961767,94,NULL),(4111,0,'220.181.94.230',1285962792,86,NULL),(4112,0,'220.181.94.230',1285963427,84,NULL),(4113,0,'220.181.94.230',1285964011,87,NULL),(4114,0,'67.195.115.47',1285964834,177,NULL),(4115,0,'220.181.94.230',1285966597,73,NULL),(4116,0,'220.181.94.230',1285967062,97,NULL),(4117,0,'220.181.94.230',1285967456,101,NULL),(4118,0,'67.195.115.47',1285967536,104,NULL),(4119,0,'220.181.94.230',1285967558,100,NULL),(4120,0,'124.115.0.109',1285970925,50,NULL),(4121,0,'220.181.94.230',1285971183,102,NULL),(4122,0,'123.125.67.162',1285971768,161,NULL),(4123,0,'66.249.65.60',1285973579,153,NULL),(4124,0,'66.249.65.60',1285973580,154,NULL),(4125,0,'66.249.65.60',1285973580,160,NULL),(4126,0,'66.249.65.60',1285973583,109,NULL),(4127,0,'66.249.65.60',1285973586,164,NULL),(4128,0,'66.249.65.60',1285973588,166,NULL),(4913,81,'222.91.125.142',1300849562,19,''),(4130,0,'202.160.178.145',1285978057,61,NULL),(4131,0,'207.46.195.236',1285979034,134,NULL),(4132,0,'220.181.94.230',1285982777,104,NULL),(4133,0,'220.181.108.118',1285984350,56,NULL),(4134,0,'220.181.94.230',1285986131,142,NULL),(4135,0,'220.181.94.230',1285986826,164,NULL),(4136,0,'220.181.94.230',1285987657,180,NULL),(4138,0,'66.249.65.20',1285988638,134,NULL),(4139,0,'220.181.94.230',1285990066,105,NULL),(4140,0,'67.195.115.47',1285990105,134,NULL),(4141,0,'220.181.94.230',1285990425,107,NULL),(4142,0,'220.181.94.230',1285990719,106,NULL),(4143,0,'220.181.94.230',1285991052,108,NULL),(4144,0,'220.181.94.230',1285991326,98,NULL),(4145,0,'220.181.94.230',1285991583,103,NULL),(4146,0,'220.181.94.230',1285991896,99,NULL),(4148,0,'220.181.108.101',1285992143,80,NULL),(4149,0,'220.181.94.230',1285994905,109,NULL),(4150,0,'220.181.94.230',1285997872,114,NULL),(4151,0,'67.195.115.47',1285999416,181,NULL),(4152,0,'202.160.179.58',1285999517,176,NULL),(4154,0,'220.181.94.230',1286002353,116,NULL),(4155,0,'220.181.94.230',1286003006,112,NULL),(4156,0,'58.61.164.40',1286004002,46,NULL),(4157,0,'67.195.115.47',1286005302,182,NULL),(4158,0,'207.46.12.112',1286005355,112,NULL),(4159,0,'67.195.115.47',1286005374,192,NULL),(4160,0,'123.125.67.163',1286005815,186,NULL),(4161,0,'220.181.94.230',1286007340,146,NULL),(4162,0,'207.46.13.42',1286008632,164,NULL),(4163,0,'124.115.4.198',1286009208,192,NULL),(4164,0,'202.160.178.28',1286009711,181,NULL),(4165,0,'202.160.179.34',1286010772,177,NULL),(4166,0,'220.181.94.230',1286011345,147,NULL),(4168,0,'124.115.4.201',1286015013,149,NULL),(4169,0,'67.195.115.47',1286016292,176,NULL),(4170,0,'123.125.67.162',1286016382,192,NULL),(4172,0,'202.160.178.221',1286017743,182,NULL),(4173,0,'220.181.94.230',1286018335,192,NULL),(4175,0,'220.181.94.230',1286018528,110,NULL),(4923,519,'211.151.188.19',1301715245,515,'ADSL'),(4177,0,'66.249.65.60',1286018657,97,NULL),(4178,0,'202.160.178.31',1286019260,192,NULL),(4179,0,'220.181.108.113',1286019568,192,NULL),(4180,0,'66.249.65.60',1286020998,192,NULL),(4181,0,'220.181.94.230',1286021535,115,NULL),(4182,0,'207.46.13.46',1286021928,151,NULL),(4183,0,'220.181.94.230',1286021981,111,NULL),(4876,426,'220.250.40.62',1295796365,66,''),(4186,0,'123.125.67.162',1286026658,189,NULL),(4187,0,'66.249.65.60',1286026678,127,NULL),(4188,0,'123.125.67.167',1286027346,193,NULL),(4189,0,'66.249.65.38',1286028043,165,NULL),(4190,0,'124.115.0.14',1286028242,193,NULL),(4191,0,'220.181.94.230',1286028463,113,NULL),(4725,0,'125.92.160.139',1286616687,46,''),(4193,0,'207.46.13.94',1286032295,91,NULL),(4194,0,'66.249.65.38',1286032597,193,NULL),(4196,0,'220.181.94.230',1286032849,117,NULL),(4197,0,'124.115.0.104',1286033162,46,NULL),(4198,0,'124.117.110.55',1286034248,191,NULL),(4199,0,'66.249.65.38',1286034294,161,NULL),(4201,0,'124.115.0.25',1286035361,88,NULL),(4202,0,'124.115.0.166',1286035582,54,NULL),(4203,0,'220.181.94.230',1286036931,118,NULL),(4204,0,'220.181.94.230',1286037390,193,NULL),(4205,0,'67.195.115.47',1286037475,183,NULL),(4206,0,'220.181.94.230',1286037567,119,NULL),(4207,0,'124.115.0.25',1286040251,68,NULL),(4208,0,'124.115.0.170',1286040478,103,NULL),(4210,0,'220.181.108.114',1286045170,117,NULL),(4211,0,'124.115.0.102',1286046619,90,NULL),(4213,0,'220.181.94.230',1286049693,159,NULL),(4214,0,'220.181.94.230',1286049866,166,NULL),(4215,0,'220.181.94.230',1286050173,168,NULL),(4216,0,'124.115.0.156',1286051606,141,NULL),(4217,0,'220.181.94.230',1286052046,169,NULL),(4218,0,'220.181.94.230',1286052189,189,NULL),(4221,0,'67.195.115.47',1286053100,46,NULL),(4223,0,'220.181.94.230',1286053858,170,NULL),(4224,0,'123.125.67.162',1286055745,187,NULL),(4225,0,'220.181.94.230',1286055952,160,NULL),(4226,0,'220.181.94.230',1286056252,145,NULL),(4227,0,'123.125.67.162',1286056744,59,NULL),(4228,0,'207.46.13.145',1286057197,114,NULL),(4229,0,'220.181.94.230',1286057544,165,NULL),(4230,0,'123.125.67.167',1286057717,104,NULL),(4231,0,'220.181.94.230',1286057775,167,NULL),(4232,0,'123.125.67.165',1286060614,184,NULL),(4234,0,'67.195.115.47',1286065309,54,NULL),(4826,357,'122.231.71.70',1293511783,46,'ADSL'),(4236,0,'220.181.108.113',1286071321,41,NULL),(4237,0,'220.181.108.112',1286071903,193,NULL),(4238,0,'125.230.94.112',1286072098,146,NULL),(4241,0,'202.160.178.48',1286073224,124,NULL),(4724,0,'182.149.48.40',1286610142,198,''),(4243,0,'220.181.108.101',1286076949,55,NULL),(4244,0,'220.181.94.230',1286076993,148,NULL),(4245,0,'220.181.94.230',1286078114,149,NULL),(4246,0,'124.115.0.106',1286080306,54,NULL),(4247,0,'220.181.94.230',1286080449,64,NULL),(4248,0,'220.181.94.230',1286080907,46,NULL),(4249,0,'124.115.0.25',1286081916,88,NULL),(4250,0,'67.195.115.47',1286083565,193,NULL),(4252,0,'220.181.94.230',1286083999,33,NULL),(4253,0,'220.181.94.230',1286084282,52,NULL),(4254,0,'67.195.115.47',1286084285,146,NULL),(4255,0,'220.181.94.230',1286084619,47,NULL),(4256,0,'220.181.94.230',1286084856,53,NULL),(4257,0,'66.249.65.109',1286087811,126,NULL),(4259,0,'220.181.94.230',1286088206,62,NULL),(4260,0,'220.181.94.230',1286088923,63,NULL),(4261,0,'220.181.94.230',1286089154,51,NULL),(4262,0,'123.125.67.166',1286089614,165,NULL),(4263,0,'123.125.67.167',1286089683,174,NULL),(4264,0,'123.125.67.166',1286089724,170,NULL),(4265,0,'220.181.94.230',1286090872,49,NULL),(4865,406,'113.84.184.13',1294994061,403,''),(4267,0,'67.195.115.47',1286091400,119,NULL),(4268,0,'124.115.4.198',1286092338,90,NULL),(4270,0,'220.181.94.230',1286093211,48,NULL),(4271,0,'220.181.94.230',1286097961,150,NULL),(4272,0,'220.181.94.230',1286098269,173,NULL),(4911,499,'112.237.59.180',1300800401,81,''),(4274,0,'220.181.94.230',1286098702,151,NULL),(4275,0,'220.181.94.230',1286100249,176,NULL),(4277,0,'220.181.94.230',1286100873,190,NULL),(4278,0,'220.181.94.230',1286101008,177,NULL),(4279,0,'220.181.94.230',1286101650,181,NULL),(4280,0,'220.181.94.230',1286104087,54,NULL),(4281,0,'220.181.94.230',1286107215,65,NULL),(4723,0,'110.80.15.106',1286598053,45,''),(4283,0,'220.181.94.230',1286108248,57,NULL),(4879,249,'116.23.104.146',1295858632,196,''),(4285,0,'67.195.115.47',1286109646,61,NULL),(4287,0,'113.248.180.66',1286110206,191,NULL),(4288,0,'124.115.0.26',1286114781,164,NULL),(4289,0,'123.125.67.163',1286114856,187,NULL),(4290,0,'220.181.94.230',1286115364,61,NULL),(4291,0,'124.115.0.26',1286115367,71,NULL),(4292,0,'220.181.94.230',1286115438,37,NULL),(4293,0,'123.125.67.166',1286115798,59,NULL),(4740,81,'222.91.125.142',1289547742,196,''),(4295,0,'220.181.94.230',1286116421,152,NULL),(4296,0,'123.125.67.166',1286116768,104,NULL),(4297,0,'220.181.94.230',1286117615,182,NULL),(4299,0,'113.248.180.66',1286118515,186,NULL),(4300,0,'113.248.180.66',1286118518,185,NULL),(4301,0,'123.125.67.163',1286119664,184,NULL),(4302,0,'220.181.94.230',1286120289,191,NULL),(4303,0,'65.55.3.134',1286120552,193,NULL),(4304,0,'65.55.3.134',1286120553,192,NULL),(4305,0,'65.55.3.134',1286120555,191,NULL),(4306,0,'65.55.3.134',1286120556,190,NULL),(4307,0,'65.55.3.134',1286120557,189,NULL),(4308,0,'65.55.3.134',1286120558,188,NULL),(4309,0,'65.55.3.134',1286120559,187,NULL),(4310,0,'65.55.3.134',1286120560,186,NULL),(4311,0,'65.55.3.134',1286120562,185,NULL),(4312,0,'65.55.3.134',1286120566,183,NULL),(4315,0,'65.55.3.134',1286120578,104,NULL),(4316,0,'65.55.3.134',1286120580,180,NULL),(4935,538,'183.191.44.26',1302969747,536,''),(4320,0,'65.55.3.134',1286120601,45,NULL),(4321,0,'65.55.3.134',1286120611,61,NULL),(4322,0,'65.55.3.134',1286120612,91,NULL),(4323,0,'65.55.3.134',1286120613,54,NULL),(4324,0,'124.115.0.27',1286121368,164,NULL),(4325,0,'220.181.94.230',1286122358,178,NULL),(4326,0,'220.181.94.230',1286122432,179,NULL),(4328,0,'220.181.94.230',1286123304,59,NULL),(4329,0,'123.125.67.166',1286123521,164,NULL),(4330,0,'124.115.4.196',1286123692,71,NULL),(4331,0,'202.160.180.33',1286125635,193,NULL),(4332,0,'124.115.4.192',1286126166,170,NULL),(4333,0,'124.115.0.171',1286126654,163,NULL),(4334,0,'220.181.94.230',1286127060,50,NULL),(4335,0,'220.181.94.230',1286127517,41,NULL),(4336,0,'220.181.94.230',1286127694,56,NULL),(4337,0,'220.181.94.230',1286127840,60,NULL),(4338,0,'124.115.0.108',1286128344,137,NULL),(4339,0,'220.181.94.230',1286128593,55,NULL),(4340,0,'67.195.115.47',1286128935,91,NULL),(4341,0,'67.195.115.47',1286129649,116,NULL),(4342,0,'124.115.0.104',1286131236,98,NULL),(4343,0,'124.115.4.199',1286131552,107,NULL),(4344,0,'124.115.0.159',1286132189,136,NULL),(4346,0,'124.115.0.162',1286133665,71,NULL),(4347,0,'124.115.0.15',1286133854,55,NULL),(4348,0,'124.115.4.205',1286135085,163,NULL),(4349,0,'124.115.4.202',1286136224,111,NULL),(4350,0,'220.181.94.230',1286137122,58,NULL),(4351,0,'220.181.94.230',1286137203,32,NULL),(4352,0,'220.181.94.230',1286138156,153,NULL),(4353,0,'124.115.0.18',1286138403,69,NULL),(4354,0,'124.115.4.197',1286139089,122,NULL),(4355,0,'220.181.94.230',1286139270,183,NULL),(4356,0,'124.115.4.192',1286140612,119,NULL),(4358,0,'220.181.94.230',1286141041,185,NULL),(4359,0,'220.181.94.230',1286141151,171,NULL),(4360,0,'124.115.0.158',1286142516,119,NULL),(4361,0,'207.46.204.189',1286144575,169,NULL),(4362,0,'220.181.94.230',1286144624,42,NULL),(4364,0,'123.125.67.167',1286147689,167,NULL),(4365,0,'220.181.108.116',1286147694,156,NULL),(4366,0,'124.115.0.18',1286149104,119,NULL),(4367,0,'123.125.67.165',1286150047,170,NULL),(4368,0,'124.115.4.192',1286152035,69,NULL),(4931,529,'121.98.227.7',1302353654,81,' '),(4835,370,'122.234.60.70',1293709750,196,'ADSL'),(4371,0,'202.160.179.38',1286154404,46,NULL),(4373,0,'110.75.174.28',1286157097,170,NULL),(4887,457,'58.17.115.97',1298121750,271,''),(4375,0,'220.181.108.102',1286157959,144,NULL),(4376,0,'124.115.0.142',1286158387,172,NULL),(4377,0,'124.115.0.142',1286160162,163,NULL),(4378,0,'220.181.94.230',1286160535,40,NULL),(4379,0,'220.181.94.230',1286160543,45,NULL),(4380,0,'124.115.0.158',1286160682,170,NULL),(4381,0,'220.181.94.230',1286161232,162,NULL),(4382,0,'220.181.94.230',1286161342,155,NULL),(4383,0,'207.46.195.224',1286162351,165,NULL),(4384,0,'124.115.0.142',1286162899,163,NULL),(4385,0,'220.181.94.230',1286163617,154,NULL),(4386,0,'202.160.179.109',1286163794,169,NULL),(4387,0,'220.181.94.230',1286164331,174,NULL),(4388,0,'220.181.94.230',1286164579,156,NULL),(4389,0,'220.181.94.230',1286165199,186,NULL),(4390,0,'220.181.94.230',1286165628,184,NULL),(4391,0,'124.115.0.142',1286166350,172,NULL),(4392,0,'124.115.4.202',1286166465,45,NULL),(4393,0,'67.195.115.47',1286166644,33,NULL),(4394,0,'124.115.0.165',1286166660,46,NULL),(4395,0,'220.181.94.230',1286166996,187,NULL),(4786,19,'110.84.32.244',1291811540,319,''),(4397,0,'61.135.249.213',1286168424,193,NULL),(4399,0,'124.115.0.158',1286170215,69,NULL),(4400,0,'220.181.94.230',1286172030,38,NULL),(4401,0,'123.125.67.164',1286172283,164,NULL),(4402,0,'124.115.0.170',1286172889,103,NULL),(4403,0,'220.181.94.230',1286173277,34,NULL),(4404,0,'123.125.67.165',1286173474,130,NULL),(4405,0,'220.181.94.230',1286173737,31,NULL),(4406,0,'124.115.4.199',1286175178,194,NULL),(4407,0,'66.249.65.119',1286175805,56,NULL),(4408,0,'220.181.94.230',1286176664,71,NULL),(4409,0,'124.115.0.164',1286180419,93,NULL),(4411,0,'124.115.0.101',1286181972,90,NULL),(4412,0,'220.181.94.230',1286182133,68,NULL),(4413,0,'220.181.94.230',1286183433,69,NULL),(4414,0,'220.181.94.230',1286184415,194,NULL),(4415,0,'66.249.65.102',1286184733,194,NULL),(4416,0,'124.115.0.166',1286185094,118,NULL),(4417,0,'124.115.4.190',1286185719,79,NULL),(4418,0,'220.181.94.230',1286186901,157,NULL),(4419,0,'124.115.0.28',1286188987,160,NULL),(4420,0,'220.181.94.230',1286189279,172,NULL),(4421,0,'220.181.94.230',1286189417,175,NULL),(4877,426,'220.250.40.62',1295797249,140,''),(4424,0,'207.46.199.54',1286194582,163,NULL),(4425,0,'202.160.178.82',1286194881,121,NULL),(4426,0,'220.181.94.230',1286194903,70,NULL),(4427,0,'220.181.108.119',1286194926,194,NULL),(4428,0,'220.181.108.112',1286195155,195,NULL),(4429,0,'220.181.94.230',1286195565,72,NULL),(4430,0,'220.181.94.230',1286195669,67,NULL),(4431,0,'124.115.0.156',1286195748,141,NULL),(4432,0,'124.115.0.158',1286196674,121,NULL),(4433,0,'124.115.0.142',1286198809,172,NULL),(4434,0,'124.115.0.168',1286200008,195,NULL),(4832,369,'123.127.131.143',1293709367,171,'ADSL'),(4436,0,'202.160.180.165',1286201480,47,NULL),(4437,0,'124.115.0.159',1286201979,167,NULL),(4438,0,'124.115.0.165',1286202722,171,NULL),(4439,0,'220.181.108.101',1286203289,167,NULL),(4440,0,'123.125.67.162',1286203967,167,NULL),(4441,0,'124.115.4.194',1286206103,63,NULL),(4442,0,'124.115.4.202',1286206478,64,NULL),(4443,0,'124.115.4.201',1286208175,131,NULL),(4444,0,'220.181.94.230',1286210161,195,NULL),(4445,0,'123.125.67.166',1286210401,170,NULL),(4446,0,'124.115.0.142',1286211339,72,NULL),(4447,0,'124.115.0.142',1286215524,91,NULL),(4448,0,'124.115.0.103',1286216357,59,NULL),(4449,0,'220.181.108.108',1286217533,143,NULL),(4450,0,'220.181.108.117',1286220123,37,NULL),(4451,0,'202.160.178.120',1286221294,194,NULL),(4452,0,'202.160.179.41',1286221831,195,NULL),(4453,0,'77.88.27.26',1286222225,72,NULL),(4455,0,'124.115.0.165',1286222804,37,NULL),(4853,394,'222.244.65.131',1294637176,140,'()ADSL'),(4839,373,'113.105.8.170',1293778824,102,''),(4458,0,'124.115.0.142',1286224789,163,NULL),(4459,0,'67.195.115.47',1286224816,186,NULL),(4460,0,'67.195.115.47',1286224855,184,NULL),(4461,0,'67.195.115.47',1286224904,195,NULL),(4462,0,'67.195.115.47',1286225125,194,NULL),(4463,0,'67.195.115.47',1286225471,187,NULL),(4464,0,'124.115.0.142',1286225569,163,NULL),(4465,0,'77.88.27.26',1286225796,91,NULL),(4466,0,'124.115.0.159',1286225807,167,NULL),(4467,0,'67.195.115.47',1286225836,152,NULL),(4821,93,'61.219.77.54',1293470469,176,''),(4469,0,'124.115.0.101',1286227881,93,NULL),(4470,0,'124.115.0.102',1286228122,90,NULL),(4471,0,'123.125.67.162',1286229182,164,NULL),(4472,0,'220.181.94.230',1286230349,161,NULL),(4474,0,'220.181.94.230',1286230811,163,NULL),(4475,0,'124.115.0.142',1286230929,163,NULL),(4476,0,'220.181.94.230',1286231736,158,NULL),(4478,0,'124.115.0.167',1286232260,131,NULL),(4479,0,'124.115.0.160',1286233292,44,NULL),(4480,0,'207.46.195.105',1286233454,154,NULL),(4481,0,'220.181.108.109',1286234359,58,NULL),(4482,0,'123.125.67.164',1286235411,49,NULL),(4483,0,'123.125.67.166',1286237233,130,NULL),(4484,0,'124.115.0.142',1286238073,163,NULL),(4485,0,'124.115.0.162',1286241032,134,NULL),(4486,0,'124.115.0.165',1286241392,59,NULL),(4487,0,'67.195.115.47',1286242432,185,NULL),(4488,0,'67.195.115.47',1286244456,93,NULL),(4489,0,'124.115.0.142',1286244641,72,NULL),(4490,0,'66.249.67.217',1286244860,61,NULL),(4491,0,'202.160.178.31',1286245882,93,NULL),(4909,211,'202.96.183.238',1300565030,19,''),(4493,0,'125.230.67.175',1286247251,146,NULL),(4494,0,'66.249.67.217',1286248337,45,NULL),(4495,0,'202.160.179.91',1286248885,68,NULL),(4496,0,'124.115.0.166',1286250330,54,NULL),(4498,0,'202.160.179.210',1286251223,183,NULL),(4499,0,'124.115.0.164',1286251342,90,NULL),(4500,0,'220.181.94.230',1286251444,75,NULL),(4501,0,'124.115.0.162',1286252343,168,NULL),(4502,0,'202.160.178.140',1286252624,184,NULL),(4503,0,'66.249.67.217',1286252662,195,NULL),(4504,0,'67.195.115.47',1286252868,112,NULL),(4505,0,'124.115.0.101',1286253308,93,NULL),(4506,0,'124.115.0.100',1286255127,47,NULL),(4507,0,'220.181.94.230',1286255260,164,NULL),(4508,0,'124.115.0.142',1286256672,163,NULL),(4509,0,'77.88.27.26',1286257179,189,NULL),(4510,0,'220.181.94.230',1286257570,180,NULL),(4511,0,'66.249.67.217',1286257898,72,NULL),(4512,0,'123.125.67.164',1286259206,167,NULL),(4513,0,'123.125.67.162',1286259213,131,NULL),(4514,0,'124.115.4.196',1286259400,47,NULL),(4516,0,'77.88.27.26',1286261042,188,NULL),(4517,0,'124.115.0.108',1286261827,137,NULL),(4518,0,'66.249.67.217',1286262509,164,NULL),(4519,0,'66.249.67.217',1286263274,166,NULL),(4520,0,'77.88.27.26',1286263349,187,NULL),(4521,0,'110.75.172.71',1286263661,61,NULL),(4522,0,'124.115.0.165',1286264222,98,NULL),(4523,0,'66.249.67.217',1286264258,165,NULL),(4524,0,'124.115.0.159',1286264479,136,NULL),(4525,0,'202.160.178.47',1286264891,147,NULL),(4526,0,'124.115.0.15',1286266574,55,NULL),(4527,0,'124.115.4.202',1286267460,111,NULL),(4528,0,'220.181.108.108',1286271137,126,NULL),(4529,0,'66.249.67.217',1286271704,109,NULL),(4530,0,'124.115.0.28',1286272436,122,NULL),(4531,0,'124.115.0.14',1286273197,55,NULL),(4532,0,'220.181.108.115',1286273293,42,NULL),(4533,0,'220.181.108.117',1286275451,100,NULL),(4534,0,'61.184.3.84',1286276307,89,NULL),(4535,0,'124.115.4.196',1286276538,41,NULL),(4727,0,'117.63.96.50',1286623969,45,''),(4537,0,'220.181.108.117',1286283647,72,NULL),(4829,354,'58.38.214.212',1293587699,350,'ADSL'),(4539,0,'113.248.184.55',1286286702,194,NULL),(4541,0,'124.115.0.18',1286287696,170,NULL),(4542,0,'124.115.0.19',1286288169,31,NULL),(4543,0,'110.75.172.97',1286288186,177,NULL),(4544,0,'123.125.67.167',1286288466,113,NULL),(4545,0,'202.160.178.210',1286289101,187,NULL),(4547,0,'124.115.0.24',1286289731,88,NULL),(4548,0,'123.125.67.163',1286290410,49,NULL),(4549,0,'66.249.67.217',1286290885,119,NULL),(4550,0,'66.249.67.217',1286291647,116,NULL),(4551,0,'124.115.0.19',1286293102,69,NULL),(4552,0,'124.115.0.18',1286293290,124,NULL),(4847,384,'182.150.77.56',1294284714,66,' '),(4554,0,'124.115.0.107',1286298820,131,NULL),(4555,0,'67.195.115.47',1286300880,147,NULL),(4557,0,'220.181.94.230',1286301047,192,NULL),(4558,0,'220.181.94.230',1286301187,193,NULL),(4559,0,'67.195.115.47',1286301484,31,NULL),(4791,326,'221.131.4.192',1291980385,325,''),(4561,0,'202.160.180.60',1286301795,186,NULL),(4562,0,'66.249.67.217',1286302390,33,NULL),(4563,0,'124.115.4.200',1286302560,54,NULL),(4816,353,'123.147.201.106',1293244795,352,''),(4565,0,'66.249.67.217',1286303920,71,NULL),(4566,0,'67.195.115.47',1286304165,188,NULL),(4903,138,'60.51.123.254',1300467924,81,''),(4568,0,'124.115.4.198',1286304890,90,NULL),(4569,0,'77.88.27.26',1286305280,192,NULL),(4570,0,'183.16.89.221',1286305382,183,NULL),(4571,0,'183.16.89.221',1286305386,192,NULL),(4572,0,'124.115.0.109',1286305480,45,NULL),(4573,0,'124.115.0.102',1286306071,93,NULL),(4574,0,'110.75.172.109',1286306244,72,NULL),(4575,0,'124.115.4.193',1286306263,167,NULL),(4576,0,'202.160.178.230',1286306495,180,NULL),(4899,177,'183.5.51.230',1299667518,210,''),(4578,0,'124.115.0.24',1286306730,88,NULL),(4858,397,'58.23.9.10',1294663863,66,''),(4580,0,'124.115.0.19',1286310485,31,NULL),(4581,0,'77.88.27.26',1286312302,190,NULL),(4582,0,'124.115.0.23',1286315139,179,NULL),(4583,0,'124.115.0.158',1286316583,170,NULL),(4584,0,'123.125.67.166',1286316665,194,NULL),(4585,0,'124.115.0.26',1286317568,134,NULL),(4586,0,'220.181.94.230',1286321730,159,NULL),(4738,81,'222.91.125.142',1289547462,32,''),(4588,0,'61.135.249.213',1286322538,194,NULL),(4589,0,'220.181.94.230',1286323347,166,NULL),(4590,0,'220.181.94.230',1286323515,168,NULL),(4591,0,'220.181.94.230',1286324260,189,NULL),(4592,0,'220.181.94.230',1286324380,169,NULL),(4862,50,'124.72.171.74',1294744977,91,''),(4594,0,'220.181.94.230',1286324683,89,NULL),(4595,0,'220.181.94.230',1286324814,45,NULL),(4596,0,'220.181.94.230',1286325367,170,NULL),(4597,0,'124.115.0.24',1286326092,88,NULL),(4912,500,'59.50.132.202',1300801795,46,''),(4599,0,'220.181.94.230',1286327928,160,NULL),(4746,81,'113.140.7.210',1289705942,267,''),(4601,0,'124.115.0.106',1286328969,54,NULL),(4602,0,'67.195.115.47',1286329980,110,NULL),(4603,0,'124.115.0.102',1286330093,90,NULL),(4604,0,'220.181.94.230',1286330879,165,NULL),(4605,0,'220.181.94.230',1286331217,167,NULL),(4606,0,'124.115.4.198',1286331256,93,NULL),(4607,0,'66.249.67.217',1286332675,49,NULL),(4608,0,'66.249.67.217',1286333093,40,NULL),(4609,0,'66.249.67.217',1286333713,51,NULL),(4610,0,'124.115.0.27',1286334796,164,NULL),(4611,0,'66.249.67.217',1286335576,63,NULL),(4612,0,'124.115.0.18',1286337986,69,NULL),(4613,0,'202.160.189.234',1286339666,49,NULL),(4614,0,'66.249.67.217',1286339919,62,NULL),(4615,0,'219.82.232.184',1286341631,183,NULL),(4880,380,'122.194.3.174',1296136423,362,''),(4617,0,'219.82.232.184',1286341937,185,NULL),(4618,0,'124.115.0.18',1286343382,148,NULL),(4619,0,'123.120.52.227',1286345214,89,NULL),(4620,0,'220.181.108.100',1286345962,149,NULL),(4621,0,'123.125.67.166',1286346346,195,NULL),(4622,0,'123.125.67.162',1286348070,113,NULL),(4623,0,'77.88.27.26',1286349400,195,NULL),(4624,0,'124.115.0.18',1286349831,31,NULL),(4625,0,'220.181.94.230',1286356166,121,NULL),(4626,0,'124.115.0.18',1286357541,69,NULL),(4627,0,'66.249.67.217',1286361034,167,NULL),(4628,0,'66.249.67.217',1286364761,169,NULL),(4629,0,'220.181.94.230',1286369162,125,NULL),(4630,0,'220.181.94.230',1286369378,127,NULL),(4854,394,'222.244.65.131',1294637465,196,'()ADSL'),(4633,0,'220.181.108.99',1286371462,89,NULL),(4634,0,'220.181.94.230',1286371942,173,NULL),(4635,0,'220.181.94.230',1286372321,176,NULL),(4636,0,'202.160.178.120',1286373115,171,NULL),(4637,0,'66.249.67.217',1286373459,118,NULL),(4638,0,'124.115.4.200',1286373927,54,NULL),(4639,0,'220.181.94.230',1286374811,190,NULL),(4794,334,'124.160.127.108',1292256662,124,''),(4641,0,'220.181.94.230',1286374869,177,NULL),(4642,0,'124.115.0.101',1286374894,90,NULL),(4643,0,'220.181.94.230',1286374899,181,NULL),(4644,0,'202.160.180.76',1286374955,114,NULL),(4645,0,'124.115.0.164',1286375238,93,NULL),(4647,0,'220.181.94.230',1286376537,126,NULL),(4648,0,'66.249.67.217',1286376562,168,NULL),(4649,0,'220.181.94.230',1286376643,128,NULL),(4650,0,'67.195.115.47',1286377950,115,NULL),(4651,0,'202.160.180.197',1286379317,196,NULL),(4652,0,'123.125.67.162',1286380993,68,NULL),(4749,66,'59.41.254.238',1289826542,267,''),(4654,0,'124.115.0.165',1286382065,59,NULL),(4655,0,'123.125.67.164',1286382493,183,NULL),(4656,0,'124.115.4.199',1286383840,46,NULL),(4751,270,'86.132.251.129',1289867008,89,''),(4658,0,'67.195.115.47',1286386622,122,NULL),(4659,0,'124.115.0.108',1286386891,131,NULL),(4660,0,'220.181.94.230',1286389447,130,NULL),(4661,0,'220.181.94.230',1286389762,124,NULL),(4662,0,'124.115.0.140',1286389911,103,NULL),(4663,0,'67.195.115.47',1286390053,50,NULL),(4664,0,'220.181.94.230',1286391390,182,NULL),(4665,0,'67.195.115.47',1286391567,189,NULL),(4666,0,'220.181.94.230',1286391951,191,NULL),(4667,0,'220.181.94.230',1286392082,178,NULL),(4668,0,'124.115.0.103',1286392091,107,NULL),(4669,0,'220.181.94.230',1286392197,179,NULL),(4670,0,'220.181.94.230',1286393733,123,NULL),(4671,0,'220.181.94.230',1286394217,122,NULL),(4672,0,'67.195.115.47',1286394584,149,NULL),(4673,0,'124.115.0.109',1286394885,45,NULL),(4674,0,'202.160.179.67',1286396578,104,NULL),(4675,0,'202.160.179.101',1286400354,188,NULL),(4676,0,'202.160.178.131',1286405507,78,NULL),(4677,0,'124.115.4.196',1286408086,134,NULL),(4678,0,'220.181.108.118',1286408150,55,NULL),(4679,0,'123.125.67.164',1286410454,179,NULL),(4680,0,'207.46.195.227',1286411640,161,NULL),(4681,0,'220.181.94.230',1286411836,129,NULL),(4901,486,'58.22.151.115',1299995287,19,'()'),(4683,0,'220.181.94.230',1286417734,183,NULL),(4684,0,'124.115.0.103',1286420985,171,NULL),(4685,0,'220.181.94.230',1286421465,185,NULL),(4686,0,'220.181.94.230',1286421879,132,NULL),(4687,0,'220.181.94.230',1286422059,131,NULL),(4688,0,'220.181.94.230',1286423093,133,NULL),(4689,0,'124.115.0.160',1286423238,63,NULL),(4690,0,'124.115.4.202',1286423466,64,NULL),(4691,0,'220.181.108.111',1286424236,152,NULL),(4869,416,'125.211.172.106',1295428828,415,''),(4693,0,'66.249.67.217',1286428145,45,NULL),(4694,0,'207.46.204.241',1286429904,93,NULL),(4695,0,'66.249.67.217',1286430368,72,NULL),(4755,278,'222.130.223.136',1290280240,275,''),(4697,0,'218.85.160.97',1286433530,196,NULL),(4698,197,'218.85.160.97',1286433696,195,NULL),(4700,0,'124.115.0.159',1286435193,167,NULL),(4701,0,'119.253.32.74',1286436946,192,NULL),(4702,0,'220.181.94.230',1286439006,186,NULL),(4703,0,'220.181.94.230',1286439231,184,NULL),(4704,0,'124.115.0.104',1286440362,37,NULL),(4705,0,'123.125.67.167',1286441221,31,NULL),(4706,0,'220.181.94.230',1286441313,187,NULL),(4707,0,'220.181.94.230',1286443072,134,NULL),(4708,0,'220.181.108.122',1286443659,145,NULL),(4874,424,'124.118.169.158',1295723629,66,''),(4710,0,'220.181.94.230',1286448542,136,NULL),(4711,0,'66.249.67.217',1286449034,197,NULL),(4712,0,'220.181.94.230',1286449687,197,NULL),(4713,0,'67.195.115.47',1286452306,117,NULL),(4714,0,'77.88.27.26',1286453215,191,NULL),(4715,0,'123.169.61.21',1286453957,149,NULL),(4716,0,'202.160.178.248',1286454709,190,NULL),(4718,0,'220.181.108.106',1286455300,197,NULL),(4719,0,'123.120.52.227',1286462302,124,''),(4873,422,'125.37.21.159',1295674567,140,''),(4915,426,'220.250.43.189',1300881536,140,'()'),(4921,516,'114.245.255.235',1301557447,140,''),(4930,528,'119.139.141.162',1302350391,66,''),(4884,442,'110.184.32.10',1297261319,376,''),(4885,368,'202.101.164.214',1297511840,444,''),(4886,457,'58.17.115.97',1298121722,72,''),(4932,529,'121.98.227.7',1302353687,394,' '),(4939,554,'117.79.73.78',1303668772,81,''),(4945,539,'222.83.251.155',1304519217,19,''),(4941,205,'14.105.14.220',1303831602,81,'ATT'),(4942,196,'118.186.130.178',1303927344,81,' '),(4943,562,'59.46.174.159',1304312305,488,''),(4905,19,'59.57.164.215',1300510272,480,'()ADSL'),(4906,19,'59.57.164.215',1300510618,198,'()ADSL'),(4907,496,'218.87.237.29',1300513485,19,''),(4918,504,'119.179.66.206',1301028797,500,''),(4919,506,'58.25.123.225',1301149199,124,''),(4924,196,'118.186.130.178',1301744732,510,' '),(4925,380,'122.194.3.64',1301745455,362,''),(4926,524,'221.224.208.115',1302157112,140,'ADSL'),(4928,138,'175.144.203.196',1302226501,210,' '),(4929,527,'110.84.208.24',1302333279,81,''),(4933,529,'121.98.227.7',1302369796,140,' '),(4936,538,'183.191.44.26',1302969807,66,''),(4944,511,'221.130.41.13',1304330492,19,'');

/*!40101 SET SQL_MODE=@OLD_SQL_MODE */;
/*!40014 SET UNIQUE_CHECKS=@OLD_UNIQUE_CHECKS */;
/*!40111 SET SQL_NOTES=@OLD_SQL_NOTES */;
